/*
Navicat MySQL Data Transfer

Source Server         : linux_mysql_5.7.23
Source Server Version : 50723
Source Host           : xxx.xxx.xxx.xxx:3306
Source Database       : CRM

Target Server Type    : MYSQL
Target Server Version : 50723
File Encoding         : 65001

Date: 2019-11-26 09:23:26
*/

SET FOREIGN_KEY_CHECKS=0;

-- ----------------------------
-- Table structure for category
-- ----------------------------
DROP TABLE IF EXISTS `category`;
CREATE TABLE `category` (
  `id` int(11) NOT NULL AUTO_INCREMENT COMMENT '分类编号',
  `name` varchar(255) NOT NULL COMMENT '分类名称',
  PRIMARY KEY (`id`)
) ENGINE=InnoDB AUTO_INCREMENT=5 DEFAULT CHARSET=utf8;

-- ----------------------------
-- Records of category
-- ----------------------------
INSERT INTO `category` VALUES ('1', '电脑');
INSERT INTO `category` VALUES ('2', '硬件');
INSERT INTO `category` VALUES ('3', '软件');
INSERT INTO `category` VALUES ('4', '电子');

-- ----------------------------
-- Table structure for customer
-- ----------------------------
DROP TABLE IF EXISTS `customer`;
CREATE TABLE `customer` (
  `id` int(11) NOT NULL AUTO_INCREMENT COMMENT '客户编号',
  `name` varchar(255) DEFAULT NULL COMMENT '客户名称（唯一性）',
  `type` varchar(255) DEFAULT NULL COMMENT '客户类别（数据字典）',
  `level` varchar(255) DEFAULT NULL COMMENT '客户等级（数据字典）',
  `status` varchar(255) DEFAULT NULL COMMENT '客户状态（数据字典）',
  `credit` varchar(255) DEFAULT NULL COMMENT '客户信用度（数据字典）',
  `area` varchar(255) DEFAULT NULL COMMENT '客户所在地区',
  `company_address` varchar(255) DEFAULT NULL COMMENT '公司详细地址',
  `company_phone` varchar(255) DEFAULT NULL COMMENT '公司电话',
  `post_code` varchar(255) DEFAULT NULL COMMENT '邮政编码',
  `fax_address` varchar(255) DEFAULT NULL COMMENT '传真地址',
  `company_website` varchar(255) DEFAULT NULL COMMENT '公司网站',
  `license_number` varchar(255) DEFAULT NULL COMMENT '营业执照注册号',
  `corporation` varchar(255) DEFAULT NULL COMMENT '法人',
  `annual_sale` double DEFAULT NULL COMMENT '年营业额',
  `deposit_bank` varchar(255) DEFAULT NULL COMMENT '开户银行',
  `bank_account` varchar(255) DEFAULT NULL COMMENT '银行账号',
  `land_tax_number` varchar(255) DEFAULT NULL COMMENT '地税登记号',
  `national_tax_number` varchar(255) DEFAULT NULL COMMENT '国税登记号',
  `source` varchar(255) DEFAULT NULL COMMENT '客户来源（数据字典）',
  `description` varchar(255) DEFAULT NULL COMMENT '客户描述',
  `maturity` varchar(255) DEFAULT NULL COMMENT '客户成熟度（数据字典）',
  `document` varchar(255) DEFAULT NULL COMMENT '相关文档保存地址',
  `delete_status` int(11) NOT NULL DEFAULT '0' COMMENT '删除状态 0为未删除 1为已删除',
  `manager_id` int(11) DEFAULT NULL COMMENT '客户所属的客户经理（外键）',
  `product_id` int(11) DEFAULT NULL COMMENT '客户主要意向产品（外键）',
  `creater` varchar(255) NOT NULL COMMENT '创建人（经理）',
  `create_time` timestamp NOT NULL DEFAULT CURRENT_TIMESTAMP ON UPDATE CURRENT_TIMESTAMP COMMENT '创建时间',
  PRIMARY KEY (`id`),
  UNIQUE KEY `name` (`name`),
  KEY `fk_user_manager` (`manager_id`),
  CONSTRAINT `fk_user_manager` FOREIGN KEY (`manager_id`) REFERENCES `user` (`id`) ON DELETE SET NULL ON UPDATE CASCADE
) ENGINE=InnoDB AUTO_INCREMENT=82 DEFAULT CHARSET=utf8;

-- ----------------------------
-- Records of customer
-- ----------------------------
INSERT INTO `customer` VALUES ('3', '阿里巴巴', '老客户', '', '', '', '杭州', '中国北京海淀区上地十街10号百度大厦', '0755-7367087', '525100', '525100', 'www.baidu.com', '1234-522465-5243232', '阿里巴巴', '1000000', '1000000', '1000000', '5678-522465-5243232', '9012-522465-5243232', '不知道从哪来的', '客户描述', '', null, '0', null, '1', '11', '2018-07-31 09:16:31');
INSERT INTO `customer` VALUES ('28', '终极咸鱼', '普通客户', '☆', '流失状态', '☆☆', '123123', '驱蚊器二奥术大师多阿达', '1233', '撒旦撒旦', '1231231', '123123', '12312321', '123123', '3123123', '13', '12312312', '3213123213', '213123', '客户介绍', '萨达萨达速度2', 'B+：关键人有成交意向', null, '0', '9', null, '19', '2018-07-31 09:16:31');
INSERT INTO `customer` VALUES ('29', '测试添加2', '老客户', '', '成交客户', '', '广东', '广东省广州市', '1234567', '123456', '123456', 'www.baidu.com', '1324654987431432', 'aaa', '1e16', '农业银行', '12345678912345679841231456', '13216546949846', '13216546546465796', '手工录入', '这是一个测试客户', 'C-：初步联系，意向不确定', null, '0', null, '6', '14', '2018-07-31 09:16:31');
INSERT INTO `customer` VALUES ('30', '测试用户1', '', '', '流失状态', '', '', '', '', '', '', '', '', '', null, '', '', '', '', '', '', 'C+：初步联系，有意向', null, '0', null, null, '14', '2018-07-31 09:16:31');
INSERT INTO `customer` VALUES ('31', '小米', '供货商', '☆', '潜在客户', '☆☆', '', '', '13414852973', '', '', '', '', '', null, '', '', '', '', '朋友介绍', '', 'C+：初步联系，有意向', null, '0', '11', null, '11', '2018-07-31 09:16:31');
INSERT INTO `customer` VALUES ('46', '陈sir', '', '', '123', '', '', '', '13414852973', '', '', '', '', '', null, '', '', '', '', '', '', '', '', '0', '11', null, '11', '2019-11-26 09:19:15');
INSERT INTO `customer` VALUES ('47', '客户2', '', '', '', '', '', '', '', '', '', '', '', '', null, '', '', '', '', '', '', '', null, '1', '11', null, '11', '2018-08-03 20:33:58');
INSERT INTO `customer` VALUES ('48', 'aa', '老客户', '☆☆☆', '123', '', '', '', '', '', '', '', '', '', null, '', '', '', '', '', '', '', '', '0', null, null, '14', '2018-07-31 14:44:21');
INSERT INTO `customer` VALUES ('49', 'vvv', '', '', '', '', '', '', '', '', '', '', '', '', null, '', '', '', '', '', '', '', null, '0', null, null, '14', '2018-07-31 09:16:31');
INSERT INTO `customer` VALUES ('50', '暗室逢灯', '', '', '', '', '', '', '', '', '', '', '', '', null, '', '', '', '', '', '', '', null, '0', null, null, '14', '2018-07-31 09:16:31');
INSERT INTO `customer` VALUES ('51', '测试客户1', '供货商', '☆☆☆', '失败客户', '☆☆☆', '', '', '', '', '', '', '', '', null, '', '', '', '', '注册会员', '', 'C-：初步联系，意向不确定', null, '0', null, '4', '14', '2018-07-31 09:16:31');
INSERT INTO `customer` VALUES ('52', '测试客户2', '', '', '', '', '', '', '', '', '', '', '', '', null, '', '', '', '', '', '', '', null, '0', null, null, '14', '2018-07-31 09:16:31');
INSERT INTO `customer` VALUES ('53', '测试客户3', '', '', '', '', '', '', '', '', '', '', '', '', null, '', '', '', '', '', '', '', null, '0', null, null, '14', '2018-07-31 09:16:31');
INSERT INTO `customer` VALUES ('54', 'aaa', '', '', '已流失客户', '', '', '', '', '', '', '', '', '', null, '', '', '', '', '', '', '', null, '0', '29', null, '29', '2018-07-31 09:16:31');
INSERT INTO `customer` VALUES ('55', 'bbb', '', '', '', '', '', '', '', '', '', '', '', '', null, '', '', '', '', '', '', '', null, '0', null, null, '29', '2018-07-31 09:16:31');
INSERT INTO `customer` VALUES ('59', 'asa', '', '', '', '', '', '', '', '', '', '', '', '', null, '', '', '', '', '', '', '', null, '0', '29', null, '29', '2018-07-31 09:16:31');
INSERT INTO `customer` VALUES ('76', 'ccc', '', '', '', '', '', '', '', '', '', '', '', '', null, '', '', '', '', '', '', '', null, '0', '29', null, '29', '2018-07-31 09:16:31');
INSERT INTO `customer` VALUES ('77', 'dddd', '', '', '', '', '', '', '', '', '', '', '', '', null, '', '', '', '', '', '', '', null, '0', '29', null, '29', '2018-07-31 09:16:31');
INSERT INTO `customer` VALUES ('78', 'eee', '', '', '', '', '', '', '', '', '', '', '', '', null, '', '', '', '', '', '', '', null, '0', '29', null, '29', '2018-07-31 09:16:31');
INSERT INTO `customer` VALUES ('80', '111', '', '', '', '', '', '', '', '', '', '', '', '', null, '', '', '', '', '', '', '', null, '0', null, null, '14', '2018-07-31 09:16:31');
INSERT INTO `customer` VALUES ('81', '测试', '普通客户', '☆☆', '成交客户', '☆', '123123', '驱蚊器二奥术大师多阿达', '1233123123', '123123', '123123', '123213', '3123123', '3213123', '12312312', '123123123', '123123123123', '123123', '3123213', '注册会员', '123123123123', 'A+：明确成交意向', '', '0', null, null, '19', '2018-07-31 10:23:24');

-- ----------------------------
-- Table structure for customer_care
-- ----------------------------
DROP TABLE IF EXISTS `customer_care`;
CREATE TABLE `customer_care` (
  `id` int(11) NOT NULL AUTO_INCREMENT COMMENT 'id',
  `linkman_id` int(11) NOT NULL COMMENT '关怀的联系人ID',
  `birthday` date DEFAULT NULL COMMENT '记录插入记录时联系人的生日',
  `time` timestamp NULL DEFAULT CURRENT_TIMESTAMP ON UPDATE CURRENT_TIMESTAMP COMMENT '关怀时间',
  `detail` varchar(255) DEFAULT NULL COMMENT '关怀详情',
  `type` varchar(255) DEFAULT NULL COMMENT '关怀类型',
  `status` varchar(255) DEFAULT NULL COMMENT '关怀状态',
  `feedback` varchar(255) DEFAULT NULL COMMENT '客户反馈',
  `create_time` timestamp NULL DEFAULT CURRENT_TIMESTAMP ON UPDATE CURRENT_TIMESTAMP COMMENT '插入时间',
  `manager_id` int(11) DEFAULT NULL COMMENT '进行关怀的客户经理',
  PRIMARY KEY (`id`),
  KEY `linkman_id` (`linkman_id`),
  CONSTRAINT `customer_care_ibfk_1` FOREIGN KEY (`linkman_id`) REFERENCES `linkman` (`id`) ON DELETE CASCADE ON UPDATE CASCADE
) ENGINE=InnoDB AUTO_INCREMENT=224 DEFAULT CHARSET=utf8;

-- ----------------------------
-- Records of customer_care
-- ----------------------------
INSERT INTO `customer_care` VALUES ('75', '1', '1984-08-04', '2018-07-31 12:51:52', '123213', '发送邮件祝福', '已处理', '123213', '2018-07-31 12:46:00', '14');
INSERT INTO `customer_care` VALUES ('81', '4', '1984-08-03', '2018-07-31 12:52:07', null, null, '已忽略', null, '2018-07-31 12:52:07', '14');
INSERT INTO `customer_care` VALUES ('82', '10', '1984-08-03', '2018-07-31 14:41:09', null, null, '已忽略', null, '2018-07-31 14:41:09', '14');
INSERT INTO `customer_care` VALUES ('88', '28', '1984-08-03', null, null, null, '未处理', null, '2018-07-31 12:46:01', '11');
INSERT INTO `customer_care` VALUES ('90', '29', '1984-08-03', null, null, null, '未处理', null, '2018-07-31 12:46:01', '19');
INSERT INTO `customer_care` VALUES ('91', '30', '1984-08-03', null, null, null, '未处理', null, '2018-07-31 12:46:01', '19');
INSERT INTO `customer_care` VALUES ('94', '31', '1984-08-03', null, null, null, '未处理', null, '2018-07-31 12:46:01', '19');
INSERT INTO `customer_care` VALUES ('123', '32', '1984-08-03', null, null, null, '未处理', null, '2018-07-31 12:49:00', '14');
INSERT INTO `customer_care` VALUES ('125', '33', '1984-08-03', null, null, null, '未处理', null, '2018-07-31 12:49:00', '14');
INSERT INTO `customer_care` VALUES ('155', '2', '1984-08-05', null, null, null, '未处理', null, '2018-08-01 00:00:00', '14');
INSERT INTO `customer_care` VALUES ('156', '2', '1984-08-05', null, null, null, '未处理', null, '2018-08-01 00:00:00', '14');
INSERT INTO `customer_care` VALUES ('157', '3', '1984-08-03', null, null, null, '未处理', null, '2018-08-01 00:00:00', '14');
INSERT INTO `customer_care` VALUES ('158', '3', '1984-08-03', null, null, null, '未处理', null, '2018-08-01 00:00:00', '14');
INSERT INTO `customer_care` VALUES ('159', '12', '1984-08-03', null, null, null, '未处理', null, '2018-08-01 00:00:00', '11');
INSERT INTO `customer_care` VALUES ('160', '12', '1984-08-03', null, null, null, '未处理', null, '2018-08-01 00:00:00', '11');
INSERT INTO `customer_care` VALUES ('161', '27', '1984-08-03', null, null, null, '未处理', null, '2018-08-01 00:00:00', '11');
INSERT INTO `customer_care` VALUES ('162', '27', '1984-08-03', null, null, null, '未处理', null, '2018-08-01 00:00:00', '11');
INSERT INTO `customer_care` VALUES ('163', '34', '1984-08-03', null, null, null, '未处理', null, '2018-08-01 00:00:00', '14');
INSERT INTO `customer_care` VALUES ('164', '3', '1984-08-03', null, null, null, '未处理', null, '2018-08-01 00:00:00', '14');
INSERT INTO `customer_care` VALUES ('165', '3', '1984-08-03', null, null, null, '未处理', null, '2018-08-01 00:00:00', '14');
INSERT INTO `customer_care` VALUES ('166', '35', '1984-08-03', null, null, null, '未处理', null, '2018-08-01 00:00:00', '14');
INSERT INTO `customer_care` VALUES ('167', '36', '1984-08-03', null, null, null, '未处理', null, '2018-08-01 00:00:00', '14');
INSERT INTO `customer_care` VALUES ('168', '37', '1984-08-03', null, null, null, '未处理', null, '2018-08-01 00:00:00', '29');
INSERT INTO `customer_care` VALUES ('169', '37', '1984-08-03', null, null, null, '未处理', null, '2018-08-01 00:00:00', '29');
INSERT INTO `customer_care` VALUES ('170', '38', '1984-08-03', null, null, null, '未处理', null, '2018-08-01 00:00:00', '20');
INSERT INTO `customer_care` VALUES ('171', '38', '1984-08-03', null, null, null, '未处理', null, '2018-08-01 00:00:00', '20');
INSERT INTO `customer_care` VALUES ('172', '39', '1984-08-03', null, null, null, '未处理', null, '2018-08-01 00:00:00', '29');
INSERT INTO `customer_care` VALUES ('173', '39', '1984-08-03', null, null, null, '未处理', null, '2018-08-01 00:00:00', '29');
INSERT INTO `customer_care` VALUES ('174', '40', '1984-08-03', null, null, null, '未处理', null, '2018-08-01 00:00:00', '29');
INSERT INTO `customer_care` VALUES ('175', '41', '1984-08-03', null, null, null, '未处理', null, '2018-08-01 00:00:00', '29');
INSERT INTO `customer_care` VALUES ('176', '42', '1984-08-03', null, null, null, '未处理', null, '2018-08-01 00:00:00', '29');
INSERT INTO `customer_care` VALUES ('177', '40', '1984-08-03', null, null, null, '未处理', null, '2018-08-01 00:00:00', '29');
INSERT INTO `customer_care` VALUES ('178', '40', '1984-08-03', null, null, null, '未处理', null, '2018-08-01 00:00:00', '29');
INSERT INTO `customer_care` VALUES ('179', '43', '1984-08-03', null, null, null, '未处理', null, '2018-08-01 00:00:01', '14');
INSERT INTO `customer_care` VALUES ('180', '44', '1984-08-03', null, null, null, '未处理', null, '2018-08-01 00:00:01', '14');
INSERT INTO `customer_care` VALUES ('181', '40', '1984-08-03', null, null, null, '未处理', null, '2018-08-01 00:00:00', '29');
INSERT INTO `customer_care` VALUES ('182', '43', '1984-08-03', null, null, null, '未处理', null, '2018-08-01 00:00:00', '14');
INSERT INTO `customer_care` VALUES ('183', '45', '1984-08-03', null, null, null, '未处理', null, '2018-08-01 00:00:01', '14');
INSERT INTO `customer_care` VALUES ('184', '3', '1984-08-03', null, null, null, '未处理', null, '2019-07-04 00:00:25', '14');
INSERT INTO `customer_care` VALUES ('185', '3', '1984-08-03', null, null, null, '未处理', null, '2019-07-04 00:00:25', '14');
INSERT INTO `customer_care` VALUES ('186', '4', '1984-08-03', null, null, null, '未处理', null, '2019-07-04 00:00:35', '14');
INSERT INTO `customer_care` VALUES ('187', '10', '1984-08-03', null, null, null, '未处理', null, '2019-07-04 00:00:37', '14');
INSERT INTO `customer_care` VALUES ('188', '10', '1984-08-03', null, null, null, '未处理', null, '2019-07-04 00:00:37', '14');
INSERT INTO `customer_care` VALUES ('189', '12', '1984-08-03', null, null, null, '未处理', null, '2019-07-04 00:00:38', '11');
INSERT INTO `customer_care` VALUES ('190', '12', '1984-08-03', null, null, null, '未处理', null, '2019-07-04 00:00:38', '11');
INSERT INTO `customer_care` VALUES ('191', '27', '1984-08-03', null, null, null, '未处理', null, '2019-07-04 00:00:38', '11');
INSERT INTO `customer_care` VALUES ('192', '28', '1984-08-03', null, null, null, '未处理', null, '2019-07-04 00:00:42', '11');
INSERT INTO `customer_care` VALUES ('193', '28', '1984-08-03', null, null, null, '未处理', null, '2019-07-04 00:00:42', '11');
INSERT INTO `customer_care` VALUES ('194', '29', '1984-08-03', null, null, null, '未处理', null, '2019-07-04 00:00:42', '19');
INSERT INTO `customer_care` VALUES ('195', '29', '1984-08-03', null, null, null, '未处理', null, '2019-07-04 00:00:42', '19');
INSERT INTO `customer_care` VALUES ('196', '30', '1984-08-03', null, null, null, '未处理', null, '2019-07-04 00:00:42', '19');
INSERT INTO `customer_care` VALUES ('197', '31', '1984-08-03', null, null, null, '未处理', null, '2019-07-04 00:00:43', '19');
INSERT INTO `customer_care` VALUES ('198', '31', '1984-08-03', null, null, null, '未处理', null, '2019-07-04 00:00:43', '19');
INSERT INTO `customer_care` VALUES ('199', '32', '1984-08-03', null, null, null, '未处理', null, '2019-07-04 00:00:43', '14');
INSERT INTO `customer_care` VALUES ('200', '32', '1984-08-03', null, null, null, '未处理', null, '2019-07-04 00:00:43', '14');
INSERT INTO `customer_care` VALUES ('201', '33', '1984-08-03', null, null, null, '未处理', null, '2019-07-04 00:00:43', '14');
INSERT INTO `customer_care` VALUES ('202', '34', '1984-08-03', null, null, null, '未处理', null, '2019-07-04 00:00:43', '14');
INSERT INTO `customer_care` VALUES ('203', '35', '1984-08-03', null, null, null, '未处理', null, '2019-07-04 00:00:43', '14');
INSERT INTO `customer_care` VALUES ('204', '36', '1984-08-03', null, null, null, '未处理', null, '2019-07-04 00:00:43', '14');
INSERT INTO `customer_care` VALUES ('205', '36', '1984-08-03', null, null, null, '未处理', null, '2019-07-04 00:00:43', '14');
INSERT INTO `customer_care` VALUES ('206', '37', '1984-08-03', null, null, null, '未处理', null, '2019-07-04 00:00:43', '29');
INSERT INTO `customer_care` VALUES ('207', '38', '1984-08-03', null, null, null, '未处理', null, '2019-07-04 00:00:43', '20');
INSERT INTO `customer_care` VALUES ('208', '38', '1984-08-03', null, null, null, '未处理', null, '2019-07-04 00:00:43', '20');
INSERT INTO `customer_care` VALUES ('209', '39', '1984-08-03', null, null, null, '未处理', null, '2019-07-04 00:00:43', '29');
INSERT INTO `customer_care` VALUES ('210', '40', '1984-08-03', null, null, null, '未处理', null, '2019-07-04 00:00:43', '29');
INSERT INTO `customer_care` VALUES ('211', '41', '1984-08-03', null, null, null, '未处理', null, '2019-07-04 00:00:43', '29');
INSERT INTO `customer_care` VALUES ('212', '42', '1984-08-03', null, null, null, '未处理', null, '2019-07-04 00:00:43', '29');
INSERT INTO `customer_care` VALUES ('213', '42', '1984-08-03', null, null, null, '未处理', null, '2019-07-04 00:00:43', '29');
INSERT INTO `customer_care` VALUES ('214', '43', '1984-08-03', null, null, null, '未处理', null, '2019-07-04 00:00:43', '14');
INSERT INTO `customer_care` VALUES ('215', '43', '1984-08-03', null, null, null, '未处理', null, '2019-07-04 00:00:43', '14');
INSERT INTO `customer_care` VALUES ('216', '44', '1984-08-03', null, null, null, '未处理', null, '2019-07-04 00:00:44', '14');
INSERT INTO `customer_care` VALUES ('217', '44', '1984-08-03', null, null, null, '未处理', null, '2019-07-04 00:00:43', '14');
INSERT INTO `customer_care` VALUES ('218', '45', '1984-08-03', null, null, null, '未处理', null, '2019-07-04 00:00:44', '14');
INSERT INTO `customer_care` VALUES ('219', '45', '1984-08-03', null, null, null, '未处理', null, '2019-07-04 00:00:44', '14');
INSERT INTO `customer_care` VALUES ('220', '1', '1984-08-04', null, null, null, '未处理', null, '2019-07-05 00:00:00', '14');
INSERT INTO `customer_care` VALUES ('221', '1', '1984-08-04', null, null, null, '未处理', null, '2019-07-05 00:00:00', '14');
INSERT INTO `customer_care` VALUES ('222', '2', '1984-08-05', null, null, null, '未处理', null, '2019-07-06 00:00:00', '14');
INSERT INTO `customer_care` VALUES ('223', '2', '1984-08-05', null, null, null, '未处理', null, '2019-07-06 00:00:00', '14');

-- ----------------------------
-- Table structure for customer_loss
-- ----------------------------
DROP TABLE IF EXISTS `customer_loss`;
CREATE TABLE `customer_loss` (
  `id` int(11) NOT NULL AUTO_INCREMENT COMMENT '客户流失管理id',
  `customer_id` int(11) DEFAULT NULL COMMENT '流失用户的id',
  `last_order_time` timestamp NULL DEFAULT NULL COMMENT '上次下单时间',
  `measure` varchar(255) DEFAULT NULL COMMENT '暂缓措施',
  `measure_append` varchar(255) DEFAULT NULL COMMENT '追加暂缓措施',
  `loss_date` timestamp NULL DEFAULT NULL COMMENT '确认流失时间',
  `reason` varchar(255) DEFAULT NULL COMMENT '流失原因',
  `status` varchar(255) DEFAULT '0' COMMENT '流失状态 0 将要流失  1挽回客户 2确认流失',
  PRIMARY KEY (`id`),
  KEY `fk_loss_customer` (`customer_id`),
  CONSTRAINT `fk_loss_customer` FOREIGN KEY (`customer_id`) REFERENCES `customer` (`id`) ON DELETE SET NULL ON UPDATE CASCADE
) ENGINE=InnoDB AUTO_INCREMENT=166 DEFAULT CHARSET=utf8;

-- ----------------------------
-- Records of customer_loss
-- ----------------------------
INSERT INTO `customer_loss` VALUES ('98', null, '2018-07-14 00:00:00', null, null, null, null, '0');
INSERT INTO `customer_loss` VALUES ('99', null, '2018-07-14 00:00:00', null, null, null, null, '0');
INSERT INTO `customer_loss` VALUES ('100', '3', '2018-07-14 00:00:00', '213213', null, '2018-07-18 00:00:00', '1231232123', '1');
INSERT INTO `customer_loss` VALUES ('101', null, '2018-07-14 00:00:00', null, null, null, null, '0');
INSERT INTO `customer_loss` VALUES ('102', null, '2018-07-14 00:00:00', null, null, null, null, '0');
INSERT INTO `customer_loss` VALUES ('103', null, null, null, null, null, null, '0');
INSERT INTO `customer_loss` VALUES ('104', null, null, null, null, null, null, '0');
INSERT INTO `customer_loss` VALUES ('105', null, null, null, null, null, null, '0');
INSERT INTO `customer_loss` VALUES ('106', null, null, null, null, null, null, '0');
INSERT INTO `customer_loss` VALUES ('107', null, null, null, null, null, null, '0');
INSERT INTO `customer_loss` VALUES ('108', null, null, null, null, null, null, '0');
INSERT INTO `customer_loss` VALUES ('109', null, null, null, null, null, null, '0');
INSERT INTO `customer_loss` VALUES ('110', null, null, null, null, null, null, '0');
INSERT INTO `customer_loss` VALUES ('111', null, null, null, null, null, null, '0');
INSERT INTO `customer_loss` VALUES ('112', null, null, null, null, null, null, '0');
INSERT INTO `customer_loss` VALUES ('113', null, null, null, null, null, null, '0');
INSERT INTO `customer_loss` VALUES ('114', null, null, null, null, null, null, '0');
INSERT INTO `customer_loss` VALUES ('115', null, null, null, null, null, null, '0');
INSERT INTO `customer_loss` VALUES ('116', null, null, null, null, null, null, '0');
INSERT INTO `customer_loss` VALUES ('117', null, null, null, null, null, null, '0');
INSERT INTO `customer_loss` VALUES ('118', null, null, null, null, null, null, '0');
INSERT INTO `customer_loss` VALUES ('119', '28', null, '', null, '2018-07-16 00:00:00', '', '2');
INSERT INTO `customer_loss` VALUES ('120', '29', null, '123213213', null, null, '', '1');
INSERT INTO `customer_loss` VALUES ('122', '31', null, null, null, null, null, '0');
INSERT INTO `customer_loss` VALUES ('123', null, null, null, null, null, null, '0');
INSERT INTO `customer_loss` VALUES ('124', null, null, null, null, null, null, '0');
INSERT INTO `customer_loss` VALUES ('125', null, null, null, null, null, null, '0');
INSERT INTO `customer_loss` VALUES ('126', null, null, null, null, null, null, '0');
INSERT INTO `customer_loss` VALUES ('127', null, null, null, null, null, null, '0');
INSERT INTO `customer_loss` VALUES ('128', null, null, null, null, null, null, '0');
INSERT INTO `customer_loss` VALUES ('129', null, null, null, null, null, null, '0');
INSERT INTO `customer_loss` VALUES ('130', null, null, null, null, null, null, '0');
INSERT INTO `customer_loss` VALUES ('131', null, null, null, null, null, null, '0');
INSERT INTO `customer_loss` VALUES ('132', null, null, null, null, null, null, '0');
INSERT INTO `customer_loss` VALUES ('133', null, null, null, null, null, null, '0');
INSERT INTO `customer_loss` VALUES ('134', '30', null, '', null, '2018-07-18 00:00:00', '', '2');
INSERT INTO `customer_loss` VALUES ('135', '46', null, null, null, null, null, '0');
INSERT INTO `customer_loss` VALUES ('136', '47', null, null, null, null, null, '0');
INSERT INTO `customer_loss` VALUES ('137', null, null, null, null, null, null, '0');
INSERT INTO `customer_loss` VALUES ('138', null, null, null, null, null, null, '0');
INSERT INTO `customer_loss` VALUES ('139', null, null, null, null, null, null, '0');
INSERT INTO `customer_loss` VALUES ('141', '48', null, null, null, null, null, '0');
INSERT INTO `customer_loss` VALUES ('143', '49', null, null, null, null, null, '0');
INSERT INTO `customer_loss` VALUES ('144', '50', null, null, null, null, null, '0');
INSERT INTO `customer_loss` VALUES ('146', '51', null, null, null, null, null, '0');
INSERT INTO `customer_loss` VALUES ('147', '51', null, null, null, null, null, '0');
INSERT INTO `customer_loss` VALUES ('148', '52', null, null, null, null, null, '0');
INSERT INTO `customer_loss` VALUES ('149', '52', null, null, null, null, null, '0');
INSERT INTO `customer_loss` VALUES ('150', '53', null, null, null, null, null, '0');
INSERT INTO `customer_loss` VALUES ('151', '55', null, null, null, null, null, '0');
INSERT INTO `customer_loss` VALUES ('152', '55', null, null, null, null, null, '0');
INSERT INTO `customer_loss` VALUES ('153', '54', null, null, null, null, null, '0');
INSERT INTO `customer_loss` VALUES ('154', '54', null, null, null, null, null, '0');
INSERT INTO `customer_loss` VALUES ('155', '59', null, null, null, null, null, '0');
INSERT INTO `customer_loss` VALUES ('156', '59', null, null, null, null, null, '0');
INSERT INTO `customer_loss` VALUES ('157', '76', null, null, null, null, null, '0');
INSERT INTO `customer_loss` VALUES ('158', '76', null, null, null, null, null, '0');
INSERT INTO `customer_loss` VALUES ('159', '77', null, null, null, null, null, '0');
INSERT INTO `customer_loss` VALUES ('161', '78', null, null, null, null, null, '0');
INSERT INTO `customer_loss` VALUES ('162', '78', null, null, null, null, null, '0');
INSERT INTO `customer_loss` VALUES ('163', '80', null, null, null, null, null, '0');
INSERT INTO `customer_loss` VALUES ('164', '81', null, null, null, null, null, '0');
INSERT INTO `customer_loss` VALUES ('165', '81', null, null, null, null, null, '0');

-- ----------------------------
-- Table structure for customer_transfer
-- ----------------------------
DROP TABLE IF EXISTS `customer_transfer`;
CREATE TABLE `customer_transfer` (
  `id` int(11) NOT NULL AUTO_INCREMENT COMMENT '客户转移记录id',
  `customer_id` int(11) DEFAULT NULL COMMENT '被转移的客户id',
  `old_manager_id` int(11) DEFAULT NULL COMMENT '转移前的客户经理',
  `new_manager_id` int(11) DEFAULT NULL COMMENT '转移后的客户经理',
  `reason` varchar(255) NOT NULL COMMENT '转移原因',
  `time` timestamp NULL DEFAULT NULL COMMENT '转移时间',
  PRIMARY KEY (`id`)
) ENGINE=InnoDB AUTO_INCREMENT=15 DEFAULT CHARSET=utf8;

-- ----------------------------
-- Records of customer_transfer
-- ----------------------------
INSERT INTO `customer_transfer` VALUES ('1', '1', '11', '9', 'aaa', '2018-07-14 09:59:38');
INSERT INTO `customer_transfer` VALUES ('2', '28', '19', '9', 'aaa', '2018-07-14 10:08:42');
INSERT INTO `customer_transfer` VALUES ('3', '32', '14', '19', '他太丑了', '2018-07-16 09:25:02');
INSERT INTO `customer_transfer` VALUES ('4', '30', '14', '19', '测试', '2018-07-16 09:26:44');
INSERT INTO `customer_transfer` VALUES ('5', '30', '19', '14', '我也不要', '2018-07-16 09:52:50');
INSERT INTO `customer_transfer` VALUES ('6', '32', '19', '14', '哈哈哈', '2018-07-16 09:53:23');
INSERT INTO `customer_transfer` VALUES ('7', '32', '14', '19', 'aaaaaaaaaaa', '2018-07-16 11:00:49');
INSERT INTO `customer_transfer` VALUES ('8', '49', '14', '19', 'aaaaaaaaaa', '2018-07-16 11:00:57');
INSERT INTO `customer_transfer` VALUES ('9', '48', '14', '19', 'dssssss', '2018-07-16 11:01:05');
INSERT INTO `customer_transfer` VALUES ('10', '50', '14', '19', 'dgxdgdxfgcf', '2018-07-16 11:01:12');
INSERT INTO `customer_transfer` VALUES ('11', '55', '29', '20', 'asd', '2018-07-22 10:42:41');
INSERT INTO `customer_transfer` VALUES ('12', '30', '14', '19', '测试跟踪记录', '2018-07-23 15:13:56');
INSERT INTO `customer_transfer` VALUES ('13', '30', '19', '14', '123', '2018-07-23 15:15:05');
INSERT INTO `customer_transfer` VALUES ('14', '81', '19', '14', '324234324324324324', '2018-07-31 10:29:06');

-- ----------------------------
-- Table structure for dictionary_item
-- ----------------------------
DROP TABLE IF EXISTS `dictionary_item`;
CREATE TABLE `dictionary_item` (
  `id` int(11) NOT NULL AUTO_INCREMENT,
  `type_id` int(11) DEFAULT NULL COMMENT '字典类型id',
  `name` varchar(255) DEFAULT NULL COMMENT '字典名称',
  `status` int(10) unsigned zerofill DEFAULT '0000000000' COMMENT '字典状态 0：只可读   1：可以进行curd',
  PRIMARY KEY (`id`),
  KEY `type_id` (`type_id`) USING BTREE,
  CONSTRAINT `dictionary_item_type_fk` FOREIGN KEY (`type_id`) REFERENCES `dictionary_type` (`id`) ON DELETE SET NULL ON UPDATE CASCADE
) ENGINE=InnoDB AUTO_INCREMENT=141 DEFAULT CHARSET=utf8;

-- ----------------------------
-- Records of dictionary_item
-- ----------------------------
INSERT INTO `dictionary_item` VALUES ('1', null, '测试更新', '0000000001');
INSERT INTO `dictionary_item` VALUES ('2', null, '按错', '0000000000');
INSERT INTO `dictionary_item` VALUES ('3', null, '阿斯顿发生', '0000000000');
INSERT INTO `dictionary_item` VALUES ('4', null, '阿萨德', '0000000001');
INSERT INTO `dictionary_item` VALUES ('5', null, '啊', '0000000000');
INSERT INTO `dictionary_item` VALUES ('6', null, '啊', '0000000000');
INSERT INTO `dictionary_item` VALUES ('7', null, '啊', '0000000001');
INSERT INTO `dictionary_item` VALUES ('8', null, '啊', '0000000001');
INSERT INTO `dictionary_item` VALUES ('9', null, '啊', '0000000001');
INSERT INTO `dictionary_item` VALUES ('10', null, '啊', '0000000001');
INSERT INTO `dictionary_item` VALUES ('11', null, '啊', '0000000000');
INSERT INTO `dictionary_item` VALUES ('12', null, '啊', '0000000000');
INSERT INTO `dictionary_item` VALUES ('13', null, '啊', '0000000000');
INSERT INTO `dictionary_item` VALUES ('14', null, '啊', '0000000000');
INSERT INTO `dictionary_item` VALUES ('15', null, '啊', '0000000000');
INSERT INTO `dictionary_item` VALUES ('16', null, '然而不', '0000000000');
INSERT INTO `dictionary_item` VALUES ('17', null, '然而不', '0000000000');
INSERT INTO `dictionary_item` VALUES ('18', null, '然而不', '0000000000');
INSERT INTO `dictionary_item` VALUES ('19', null, '然而不', '0000000000');
INSERT INTO `dictionary_item` VALUES ('20', null, '然而不', '0000000001');
INSERT INTO `dictionary_item` VALUES ('21', null, '然而不', '0000000000');
INSERT INTO `dictionary_item` VALUES ('22', null, '然而不', '0000000000');
INSERT INTO `dictionary_item` VALUES ('23', null, '然而不', '0000000000');
INSERT INTO `dictionary_item` VALUES ('24', null, '阿斯蒂芬', '0000000000');
INSERT INTO `dictionary_item` VALUES ('25', null, '阿萨德', '0000000001');
INSERT INTO `dictionary_item` VALUES ('26', null, '啊', '0000000000');
INSERT INTO `dictionary_item` VALUES ('27', null, '啊', '0000000000');
INSERT INTO `dictionary_item` VALUES ('31', null, '阿斯蒂芬', '0000000000');
INSERT INTO `dictionary_item` VALUES ('32', null, '锁定', '0000000001');
INSERT INTO `dictionary_item` VALUES ('34', null, '啊', '0000000000');
INSERT INTO `dictionary_item` VALUES ('35', null, 'ads', '0000000000');
INSERT INTO `dictionary_item` VALUES ('36', null, 'sda', '0000000001');
INSERT INTO `dictionary_item` VALUES ('37', null, '测试', '0000000000');
INSERT INTO `dictionary_item` VALUES ('38', '77', '投诉', '0000000000');
INSERT INTO `dictionary_item` VALUES ('39', '77', '咨询', '0000000000');
INSERT INTO `dictionary_item` VALUES ('40', '77', '售后', '0000000000');
INSERT INTO `dictionary_item` VALUES ('41', '77', '售前', '0000000000');
INSERT INTO `dictionary_item` VALUES ('42', '77', '售中', '0000000000');
INSERT INTO `dictionary_item` VALUES ('43', '78', '未处理', '0000000000');
INSERT INTO `dictionary_item` VALUES ('44', '78', '处理中', '0000000000');
INSERT INTO `dictionary_item` VALUES ('45', '78', '已处理', '0000000000');
INSERT INTO `dictionary_item` VALUES ('46', '78', '已归档', '0000000000');
INSERT INTO `dictionary_item` VALUES ('47', '79', '☆', '0000000000');
INSERT INTO `dictionary_item` VALUES ('48', '79', '☆☆', '0000000000');
INSERT INTO `dictionary_item` VALUES ('49', '79', '☆☆☆', '0000000000');
INSERT INTO `dictionary_item` VALUES ('50', '79', '☆☆☆☆', '0000000000');
INSERT INTO `dictionary_item` VALUES ('51', '79', '☆☆☆☆☆', '0000000000');
INSERT INTO `dictionary_item` VALUES ('52', null, null, '0000000001');
INSERT INTO `dictionary_item` VALUES ('53', null, null, '0000000001');
INSERT INTO `dictionary_item` VALUES ('54', null, null, '0000000001');
INSERT INTO `dictionary_item` VALUES ('55', null, null, '0000000001');
INSERT INTO `dictionary_item` VALUES ('56', null, null, '0000000001');
INSERT INTO `dictionary_item` VALUES ('57', null, null, '0000000001');
INSERT INTO `dictionary_item` VALUES ('58', '76', '注册会员', '0000000000');
INSERT INTO `dictionary_item` VALUES ('59', '76', '朋友介绍', '0000000000');
INSERT INTO `dictionary_item` VALUES ('60', '76', '手工录入', '0000000000');
INSERT INTO `dictionary_item` VALUES ('61', '76', '客户介绍', '0000000000');
INSERT INTO `dictionary_item` VALUES ('62', '76', '电子商务', '0000000000');
INSERT INTO `dictionary_item` VALUES ('63', '76', '合作伙伴', '0000000000');
INSERT INTO `dictionary_item` VALUES ('64', '76', '广告', '0000000000');
INSERT INTO `dictionary_item` VALUES ('65', '76', '职员引介', '0000000000');
INSERT INTO `dictionary_item` VALUES ('66', '76', '市场活动', '0000000000');
INSERT INTO `dictionary_item` VALUES ('67', '76', '口头传达', '0000000000');
INSERT INTO `dictionary_item` VALUES ('68', '76', '其他', '0000000000');
INSERT INTO `dictionary_item` VALUES ('69', '75', '普通客户', '0000000000');
INSERT INTO `dictionary_item` VALUES ('70', '75', 'VIP客户', '0000000000');
INSERT INTO `dictionary_item` VALUES ('71', '75', '老客户', '0000000000');
INSERT INTO `dictionary_item` VALUES ('72', '75', '代理商', '0000000000');
INSERT INTO `dictionary_item` VALUES ('73', '75', '供货商', '0000000000');
INSERT INTO `dictionary_item` VALUES ('74', '75', '合作伙伴', '0000000000');
INSERT INTO `dictionary_item` VALUES ('75', '75', '其他', '0000000000');
INSERT INTO `dictionary_item` VALUES ('76', '80', '成交客户', '0000000000');
INSERT INTO `dictionary_item` VALUES ('77', '80', '潜在客户', '0000000000');
INSERT INTO `dictionary_item` VALUES ('78', '80', '意向客户', '0000000000');
INSERT INTO `dictionary_item` VALUES ('79', '80', '失败客户', '0000000000');
INSERT INTO `dictionary_item` VALUES ('80', '80', '已流失客户', '0000000000');
INSERT INTO `dictionary_item` VALUES ('81', '81', '☆', '0000000000');
INSERT INTO `dictionary_item` VALUES ('82', '81', '☆☆', '0000000000');
INSERT INTO `dictionary_item` VALUES ('83', '81', '☆☆☆', '0000000000');
INSERT INTO `dictionary_item` VALUES ('84', '81', '☆☆☆☆', '0000000000');
INSERT INTO `dictionary_item` VALUES ('85', '81', '☆☆☆☆☆', '0000000000');
INSERT INTO `dictionary_item` VALUES ('86', '82', 'A+：明确成交意向', '0000000000');
INSERT INTO `dictionary_item` VALUES ('87', '82', 'A-：有初步成交意向', '0000000000');
INSERT INTO `dictionary_item` VALUES ('88', '82', 'B+：关键人有成交意向', '0000000000');
INSERT INTO `dictionary_item` VALUES ('89', '82', 'B-：关键人成交意向不确定', '0000000000');
INSERT INTO `dictionary_item` VALUES ('90', '82', 'C+：初步联系，有意向', '0000000000');
INSERT INTO `dictionary_item` VALUES ('91', '82', 'C-：初步联系，意向不确定', '0000000000');
INSERT INTO `dictionary_item` VALUES ('92', '82', 'D：新建客户', '0000000000');
INSERT INTO `dictionary_item` VALUES ('93', '82', 'E：明显拒绝', '0000000000');
INSERT INTO `dictionary_item` VALUES ('94', '82', 'F：无效客户', '0000000000');
INSERT INTO `dictionary_item` VALUES ('95', '83', '☆', '0000000000');
INSERT INTO `dictionary_item` VALUES ('96', '83', '☆☆', '0000000000');
INSERT INTO `dictionary_item` VALUES ('97', '83', '☆☆☆', '0000000000');
INSERT INTO `dictionary_item` VALUES ('98', '83', '☆☆☆☆', '0000000000');
INSERT INTO `dictionary_item` VALUES ('99', '83', '☆☆☆☆☆', '0000000000');
INSERT INTO `dictionary_item` VALUES ('100', '84', '初期沟通', '0000000000');
INSERT INTO `dictionary_item` VALUES ('101', '84', '立项评估', '0000000000');
INSERT INTO `dictionary_item` VALUES ('102', '84', '解决方案', '0000000000');
INSERT INTO `dictionary_item` VALUES ('103', '85', '非常紧急', '0000000000');
INSERT INTO `dictionary_item` VALUES ('104', '85', '紧急', '0000000000');
INSERT INTO `dictionary_item` VALUES ('105', '85', '一般', '0000000000');
INSERT INTO `dictionary_item` VALUES ('106', null, null, '0000000001');
INSERT INTO `dictionary_item` VALUES ('107', null, null, '0000000001');
INSERT INTO `dictionary_item` VALUES ('108', null, '3', '0000000000');
INSERT INTO `dictionary_item` VALUES ('109', '87', '客户主动询价', '0000000000');
INSERT INTO `dictionary_item` VALUES ('110', '87', '网上搜索结果', '0000000000');
INSERT INTO `dictionary_item` VALUES ('111', '87', '拓展市场业务', '0000000000');
INSERT INTO `dictionary_item` VALUES ('113', '88', '22', '0000000000');
INSERT INTO `dictionary_item` VALUES ('115', '87', '广告宣传', '0000000000');
INSERT INTO `dictionary_item` VALUES ('116', '84', '已报价', '0000000000');
INSERT INTO `dictionary_item` VALUES ('119', '111', '发送短信祝福', '0000000000');
INSERT INTO `dictionary_item` VALUES ('120', '111', '发送邮件祝福', '0000000000');
INSERT INTO `dictionary_item` VALUES ('121', '111', '电话祝福', '0000000000');
INSERT INTO `dictionary_item` VALUES ('122', '111', '短信+邮件祝福', '0000000000');
INSERT INTO `dictionary_item` VALUES ('123', '111', '短信+邮件+电话祝福', '0000000000');
INSERT INTO `dictionary_item` VALUES ('124', '111', '上门拜访', '0000000000');
INSERT INTO `dictionary_item` VALUES ('125', '111', '其他方式', '0000000000');
INSERT INTO `dictionary_item` VALUES ('133', '76', '不知道从哪来的', '0000000001');
INSERT INTO `dictionary_item` VALUES ('134', '76', '捡到的', '0000000001');
INSERT INTO `dictionary_item` VALUES ('135', '84', '商务谈判', '0000000000');
INSERT INTO `dictionary_item` VALUES ('136', '84', '合同/订单签订', '0000000000');
INSERT INTO `dictionary_item` VALUES ('137', '87', '客户介绍', '0000000000');
INSERT INTO `dictionary_item` VALUES ('138', '87', '展会', '0000000000');
INSERT INTO `dictionary_item` VALUES ('139', '87', '招标公告', '0000000000');
INSERT INTO `dictionary_item` VALUES ('140', '80', '123', '0000000001');

-- ----------------------------
-- Table structure for dictionary_type
-- ----------------------------
DROP TABLE IF EXISTS `dictionary_type`;
CREATE TABLE `dictionary_type` (
  `id` int(11) NOT NULL AUTO_INCREMENT,
  `name` varchar(255) NOT NULL COMMENT '类别名称',
  PRIMARY KEY (`id`),
  UNIQUE KEY `name_weiyixing` (`name`) USING BTREE COMMENT '唯一性约束'
) ENGINE=InnoDB AUTO_INCREMENT=112 DEFAULT CHARSET=utf8;

-- ----------------------------
-- Records of dictionary_type
-- ----------------------------
INSERT INTO `dictionary_type` VALUES ('83', '客户信用度');
INSERT INTO `dictionary_type` VALUES ('111', '客户关怀方式');
INSERT INTO `dictionary_type` VALUES ('82', '客户成熟度');
INSERT INTO `dictionary_type` VALUES ('76', '客户来源');
INSERT INTO `dictionary_type` VALUES ('80', '客户状态');
INSERT INTO `dictionary_type` VALUES ('81', '客户等级');
INSERT INTO `dictionary_type` VALUES ('75', '客户类别');
INSERT INTO `dictionary_type` VALUES ('79', '服务满意度');
INSERT INTO `dictionary_type` VALUES ('78', '服务状态');
INSERT INTO `dictionary_type` VALUES ('77', '服务类型');
INSERT INTO `dictionary_type` VALUES ('85', '服务紧急程度');
INSERT INTO `dictionary_type` VALUES ('88', '测试更新');
INSERT INTO `dictionary_type` VALUES ('87', '销售机会来源');
INSERT INTO `dictionary_type` VALUES ('84', '销售机会状态');

-- ----------------------------
-- Table structure for follow_up
-- ----------------------------
DROP TABLE IF EXISTS `follow_up`;
CREATE TABLE `follow_up` (
  `id` int(11) NOT NULL AUTO_INCREMENT,
  `time` timestamp NOT NULL DEFAULT CURRENT_TIMESTAMP ON UPDATE CURRENT_TIMESTAMP,
  `address` varchar(255) DEFAULT NULL COMMENT '地点',
  `general` varchar(255) DEFAULT NULL COMMENT '概要',
  `remark` varchar(255) DEFAULT NULL COMMENT '备注',
  `content` varchar(255) DEFAULT NULL COMMENT '详细信息',
  `document` text COMMENT '相关文档',
  `result` varchar(255) DEFAULT NULL COMMENT '结果',
  `customer_id` int(11) DEFAULT NULL COMMENT '客户编号',
  `manager_id` int(11) DEFAULT NULL COMMENT '跟进人',
  `delete_status` int(11) DEFAULT NULL COMMENT '删除状态',
  PRIMARY KEY (`id`)
) ENGINE=InnoDB AUTO_INCREMENT=29 DEFAULT CHARSET=utf8;

-- ----------------------------
-- Records of follow_up
-- ----------------------------
INSERT INTO `follow_up` VALUES ('6', '2018-07-12 14:12:11', '', '这是第一次测试', '', '', '', '成功', '3', '14', null);
INSERT INTO `follow_up` VALUES ('7', '2018-07-12 14:13:55', '撒旦法', '这是第二次测试', '', '', '', '发射', '3', '14', null);
INSERT INTO `follow_up` VALUES ('8', '2018-07-12 14:40:53', '撒旦法', '这是第3次测试', '', 'fdsa', '', '成功', '3', '14', null);
INSERT INTO `follow_up` VALUES ('9', '2018-07-12 14:57:23', '撒旦法', '这是第4', '', '发的', '', '成功', '3', '14', null);
INSERT INTO `follow_up` VALUES ('10', '2018-07-12 14:58:09', '撒旦法', '发送到', '', '发的', '', '成功', '3', '14', null);
INSERT INTO `follow_up` VALUES ('11', '2018-07-12 15:09:55', '111', '111111111111111111111111111111', '', '11111111111111111111111111111111111', '', '111', '3', '14', null);
INSERT INTO `follow_up` VALUES ('12', '2018-07-12 22:53:58', 'asfd', 'sdfa', '', 'asdf', '', 'asdf', '3', '14', null);
INSERT INTO `follow_up` VALUES ('13', '2018-07-13 13:45:09', '广州', '阿萨德飞洒发 ', '国家AAAAA级旅游景区，指的是依据中华人民共和国旅游景区质量等级划分的景区级别，分为五级，从高到低依次为AAAAA、AAAA、AAA、AA、A级。5A级为中国旅游景区最高等级，代表着中国世界级精品的旅游风景区等级。2007年5月22日，国家旅游局（National Tourism Administration）在其官方网站发布通知公告，...', '国家AAAAA级旅游景区，指的是依据中华人民共和国旅游景区质量等级划分的景区级别，分为五级，从高到低依次为AAAAA、AAAA、AAA、AA、A级。5A级为中国旅游景区最高等级，代表着中国世界级精品的旅游风景区等级。2007年5月22日，国家旅游局（National Tourism Administration）在其官方网站发布通知公告，...', '', '成功', '3', '14', null);
INSERT INTO `follow_up` VALUES ('14', '2018-07-13 14:33:14', '安抚', ' 发送到', ' 暗室逢灯', '暗室逢灯', '', '沙发垫', '3', '14', null);
INSERT INTO `follow_up` VALUES ('15', '2018-07-19 10:45:12', '广州', 'dada', '', 'afsafsafsdf', '', '成功', '51', '14', null);
INSERT INTO `follow_up` VALUES ('16', '2018-07-19 11:15:13', '广州', '微博是一个基于用户关系信息分享、传播以及获取的平台。用户可以通过WEB、WAP等各种客户端组建个人社区，以140字（包括标点符号）的文字更新信息，并实现即时分享。微博的关注机制分为可单向、可双向两种。\n微博作为一种分享和交流平台，其更注重时效性和随意性。微博客更能表达出每时每刻的思想和最新动态，而博客则更偏重于梳理自己在一段时间内的所见、所闻、所感。因微博而诞生出微小说这种小说体裁。\n2014年3月27日晚间，在中国微博领域一枝独秀的新浪微博宣布改名为“微博”，并推出了新的LOGO标识，新浪色彩逐步淡', '微博是一个基于用户关系信息分享、传播以及获取的平台。用户可以通过WEB、WAP等各种客户端组建个人社区，以140字（包括标点符号）的文字更新信息，并实现即时分享。微博的关注机制分为可单向、可双向两种。\n微博作为一种分享和交流平台，其更注重时效性和随意性。微博客更能表达出每时每刻的思想和最新动态，而博客则更偏重于梳理自己在一段时间内的所见、所闻、所感。因微博而诞生出微小说这种小说体裁。\n2014年3月27日晚间，在中国微博领域一枝独秀的新浪微博宣布改名为“微博”，并推出了新的LOGO标识，新浪色彩逐步淡', '微博是一个基于用户关系信息分享、传播以及获取的平台。用户可以通过WEB、WAP等各种客户端组建个人社区，以140字（包括标点符号）的文字更新信息，并实现即时分享。微博的关注机制分为可单向、可双向两种。\n微博作为一种分享和交流平台，其更注重时效性和随意性。微博客更能表达出每时每刻的思想和最新动态，而博客则更偏重于梳理自己在一段时间内的所见、所闻、所感。因微博而诞生出微小说这种小说体裁。\n2014年3月27日晚间，在中国微博领域一枝独秀的新浪微博宣布改名为“微博”，并推出了新的LOGO标识，新浪色彩逐步淡', '', '成功', '52', '14', null);
INSERT INTO `follow_up` VALUES ('17', '2018-07-19 14:24:37', '广州', 'gsdfg', '', 'gsdf', '', '成功', '30', '14', null);
INSERT INTO `follow_up` VALUES ('18', '2018-07-21 21:58:10', 'aa', 'asd', '', 'ads', '', '12', '54', '29', null);
INSERT INTO `follow_up` VALUES ('19', '2018-07-23 14:41:34', '广州', '123', '', 'safd', '', '成功', '3', '14', null);
INSERT INTO `follow_up` VALUES ('20', '2018-07-23 15:13:48', 'sd', 'asd', '', 'asd', '', 'asda', '59', '29', null);
INSERT INTO `follow_up` VALUES ('21', '2018-07-23 15:14:26', '123', '123', '', '123', '', '123', '30', '19', null);
INSERT INTO `follow_up` VALUES ('22', '2018-07-25 14:20:25', '广州', 'a', '', 'asfd', '4ba610fa-d6ec-4b71-a896-77c223d497a0.xlsx', '发射', '3', '14', null);
INSERT INTO `follow_up` VALUES ('23', '2018-07-25 14:24:34', '撒旦法', '123123', '', '123123123123', '', '成功', '3', '14', null);
INSERT INTO `follow_up` VALUES ('24', '2018-07-25 14:26:42', '111', 'sdfsadfsa', '', 'sdfsdf', '', 'sadfsdf', '3', '14', null);
INSERT INTO `follow_up` VALUES ('25', '2018-07-25 14:29:02', '广州', 'dsgdg', '', 'dgsgs', '', 'gsd', '3', '14', null);
INSERT INTO `follow_up` VALUES ('26', '2018-07-25 14:30:11', '111', 'asfsafas', '', 'fasdfasd', '4f94e088-923f-42ba-8c6a-62e3d7d41cbb.zip', '撒旦法', '3', '14', null);
INSERT INTO `follow_up` VALUES ('27', '2018-07-29 16:23:20', 'sadf', 'sadfasdf', '', 'asdfsadf', 'f816324b-3c4a-44aa-9c07-4855d65bf0b6.zip', 'asfd', '3', '14', null);
INSERT INTO `follow_up` VALUES ('28', '2018-07-31 13:52:04', '广州', '这是一次大胆的想法', '', '人要有梦想，不然和咸鱼有什么区别。', '4edadfbd-b041-4511-ae98-54856f185548.jpg', '成功', '3', '14', null);

-- ----------------------------
-- Table structure for linkman
-- ----------------------------
DROP TABLE IF EXISTS `linkman`;
CREATE TABLE `linkman` (
  `id` int(11) NOT NULL AUTO_INCREMENT COMMENT '联系人编号',
  `name` varchar(255) NOT NULL COMMENT '联系人名称',
  `position` varchar(255) DEFAULT NULL COMMENT '联系人职位',
  `office_phone` varchar(255) DEFAULT NULL COMMENT '办公司电话',
  `mobile_phone` varchar(255) DEFAULT NULL COMMENT '手机电话',
  `birthday` date DEFAULT NULL COMMENT '生日',
  `sex` varchar(255) DEFAULT NULL COMMENT '性别',
  `remark` varchar(255) DEFAULT NULL COMMENT '备注',
  `level` int(11) DEFAULT NULL COMMENT '联系等级：0 为主要联系人 1为普通联系人',
  `customer_id` int(11) DEFAULT NULL COMMENT '所属客户',
  PRIMARY KEY (`id`),
  KEY `fk_linkman_customer` (`customer_id`),
  CONSTRAINT `fk_linkman_customer` FOREIGN KEY (`customer_id`) REFERENCES `customer` (`id`) ON DELETE SET NULL ON UPDATE CASCADE
) ENGINE=InnoDB AUTO_INCREMENT=46 DEFAULT CHARSET=utf8;

-- ----------------------------
-- Records of linkman
-- ----------------------------
INSERT INTO `linkman` VALUES ('1', '李彦宏', '总经理', '400-800-8888', '13414852973', '1984-08-04', '男', '备注', '1', '3');
INSERT INTO `linkman` VALUES ('2', '阿斯蒂芬斯蒂芬', '', '', '', '1984-08-05', null, '', '1', '3');
INSERT INTO `linkman` VALUES ('3', '黄', '经理', '400-800-8888', '12345678912', '1984-08-03', '男', '', '0', '29');
INSERT INTO `linkman` VALUES ('4', '啊', null, '', '', '1984-08-03', null, null, '0', '30');
INSERT INTO `linkman` VALUES ('10', '黄飞鸿', '经理', '400-800-8888', '132456789', '1984-08-03', '女', '', '1', '3');
INSERT INTO `linkman` VALUES ('12', '雷军', null, '400-800-8888', '13414852973', '1984-08-03', '男', null, '0', '31');
INSERT INTO `linkman` VALUES ('27', '联系人1', null, '400-800-8888\r\n', '', '1984-08-03', '男', null, '0', '46');
INSERT INTO `linkman` VALUES ('28', '联系人2', null, '400-800-8888\r\n', '', '1984-08-03', '男', null, '0', '47');
INSERT INTO `linkman` VALUES ('29', 'aa', null, '', '', '1984-08-03', null, null, '0', '48');
INSERT INTO `linkman` VALUES ('30', 'vvv', null, '', '', '1984-08-03', '男', null, '0', '49');
INSERT INTO `linkman` VALUES ('31', '测试联系人', null, '', '', '1984-08-03', null, null, '0', '50');
INSERT INTO `linkman` VALUES ('32', '测试联系人', null, '', '', '1984-08-03', null, null, '0', '51');
INSERT INTO `linkman` VALUES ('33', '111', '', '', '', '1984-08-03', null, '', '1', '51');
INSERT INTO `linkman` VALUES ('34', '测试联系人', null, '', '', '1984-08-03', null, null, '0', '52');
INSERT INTO `linkman` VALUES ('35', '死胖子', '职员', '1234567', '13212312312', '1984-08-03', '男', '', '1', '3');
INSERT INTO `linkman` VALUES ('36', '啊啊啊', null, '', '', '1984-08-03', null, null, '0', '53');
INSERT INTO `linkman` VALUES ('37', 'aa', null, '', '', '1984-08-03', null, null, '0', '54');
INSERT INTO `linkman` VALUES ('38', 'bb', null, '', '', '1984-08-03', null, null, '0', '55');
INSERT INTO `linkman` VALUES ('39', 'sd', null, '', '', '1984-08-03', null, null, '0', '59');
INSERT INTO `linkman` VALUES ('40', 'cc', null, '', '', '1984-08-03', null, null, '0', '76');
INSERT INTO `linkman` VALUES ('41', 'dd', null, '', '', '1984-08-03', null, null, '0', '77');
INSERT INTO `linkman` VALUES ('42', 'eee', null, '', '', '1984-08-03', '男', null, '0', '78');
INSERT INTO `linkman` VALUES ('43', '111', null, '', '', '1984-08-03', null, null, '0', '80');
INSERT INTO `linkman` VALUES ('44', 'test', null, null, null, '1984-08-03', null, null, '0', '3');
INSERT INTO `linkman` VALUES ('45', '测试联系人', null, '1231231', '23123123213', '1984-08-03', '男', null, '0', '81');

-- ----------------------------
-- Table structure for log
-- ----------------------------
DROP TABLE IF EXISTS `log`;
CREATE TABLE `log` (
  `id` int(11) NOT NULL AUTO_INCREMENT,
  `user_id` int(11) NOT NULL COMMENT '用户编号',
  `operation` varchar(255) DEFAULT NULL COMMENT '操作',
  `operation_content` varchar(255) DEFAULT NULL COMMENT '操作详细内容',
  `operation_time` timestamp NULL DEFAULT NULL ON UPDATE CURRENT_TIMESTAMP,
  PRIMARY KEY (`id`)
) ENGINE=InnoDB DEFAULT CHARSET=utf8;

-- ----------------------------
-- Records of log
-- ----------------------------

-- ----------------------------
-- Table structure for logging_event
-- ----------------------------
DROP TABLE IF EXISTS `logging_event`;
CREATE TABLE `logging_event` (
  `timestmp` bigint(20) NOT NULL,
  `formatted_message` text NOT NULL,
  `logger_name` varchar(254) DEFAULT NULL,
  `level_string` varchar(254) DEFAULT NULL,
  `thread_name` varchar(254) DEFAULT NULL,
  `reference_flag` smallint(6) DEFAULT NULL,
  `arg0` varchar(254) DEFAULT NULL,
  `arg1` varchar(254) DEFAULT NULL,
  `arg2` varchar(254) DEFAULT NULL,
  `arg3` varchar(254) DEFAULT NULL,
  `caller_filename` varchar(254) DEFAULT NULL,
  `caller_class` varchar(254) DEFAULT NULL,
  `caller_method` varchar(254) DEFAULT NULL,
  `caller_line` char(4) DEFAULT NULL,
  `event_id` bigint(20) NOT NULL AUTO_INCREMENT,
  PRIMARY KEY (`event_id`)
) ENGINE=InnoDB AUTO_INCREMENT=50402 DEFAULT CHARSET=utf8;

-- ----------------------------
-- Records of logging_event
-- ----------------------------
INSERT INTO `logging_event` VALUES ('1574731226537', 'malizhi 执行了 日志管理 下的  删除或清空日志 操作！ ip地址为14.23.49.197', null, null, null, null, null, null, null, null, null, null, null, null, '50372');
INSERT INTO `logging_event` VALUES ('1574731227403', 'malizhi 执行了 日志管理 下的  查看日志 操作！ ip地址为14.23.49.197', null, null, null, null, null, null, null, null, null, null, null, null, '50373');
INSERT INTO `logging_event` VALUES ('1574731300727', 'malizhi 执行了 com.neuedu.crm.controller.UserController 下的  后台查找角色列表 操作！ ip地址为14.23.49.197', null, null, null, null, null, null, null, null, null, null, null, null, '50374');
INSERT INTO `logging_event` VALUES ('1574731300775', 'malizhi 执行了 com.neuedu.crm.controller.UserController 下的  查找用户 操作！ ip地址为14.23.49.197', null, null, null, null, null, null, null, null, null, null, null, null, '50375');
INSERT INTO `logging_event` VALUES ('1574731303057', 'malizhi 执行了 com.neuedu.crm.controller.UserController 下的  后台查找角色列表 操作！ ip地址为14.23.49.197', null, null, null, null, null, null, null, null, null, null, null, null, '50376');
INSERT INTO `logging_event` VALUES ('1574731303113', 'malizhi 执行了 com.neuedu.crm.controller.UserController 下的  后台查找角色列表 操作！ ip地址为14.23.49.197', null, null, null, null, null, null, null, null, null, null, null, null, '50377');
INSERT INTO `logging_event` VALUES ('1574731325284', 'malizhi 执行了 com.neuedu.crm.controller.UserController 下的  修改用户 操作！ ip地址为14.23.49.197', null, null, null, null, null, null, null, null, null, null, null, null, '50378');
INSERT INTO `logging_event` VALUES ('1574731326264', 'malizhi 执行了 com.neuedu.crm.controller.UserController 下的  查找用户 操作！ ip地址为14.23.49.197', null, null, null, null, null, null, null, null, null, null, null, null, '50379');
INSERT INTO `logging_event` VALUES ('1574731328405', 'malizhi 执行了 com.neuedu.crm.controller.UserController 下的  后台查找角色列表 操作！ ip地址为14.23.49.197', null, null, null, null, null, null, null, null, null, null, null, null, '50380');
INSERT INTO `logging_event` VALUES ('1574731328483', 'malizhi 执行了 com.neuedu.crm.controller.UserController 下的  后台查找角色列表 操作！ ip地址为14.23.49.197', null, null, null, null, null, null, null, null, null, null, null, null, '50381');
INSERT INTO `logging_event` VALUES ('1574731344604', 'malizhi 执行了 com.neuedu.crm.controller.UserController 下的  修改用户 操作！ ip地址为14.23.49.197', null, null, null, null, null, null, null, null, null, null, null, null, '50382');
INSERT INTO `logging_event` VALUES ('1574731345604', 'malizhi 执行了 com.neuedu.crm.controller.UserController 下的  查找用户 操作！ ip地址为14.23.49.197', null, null, null, null, null, null, null, null, null, null, null, null, '50383');
INSERT INTO `logging_event` VALUES ('1574731346966', 'malizhi 执行了 com.neuedu.crm.controller.UserController 下的  后台查找角色列表 操作！ ip地址为14.23.49.197', null, null, null, null, null, null, null, null, null, null, null, null, '50384');
INSERT INTO `logging_event` VALUES ('1574731347004', 'malizhi 执行了 com.neuedu.crm.controller.UserController 下的  后台查找角色列表 操作！ ip地址为14.23.49.197', null, null, null, null, null, null, null, null, null, null, null, null, '50385');
INSERT INTO `logging_event` VALUES ('1574731363755', 'malizhi 执行了 com.neuedu.crm.controller.UserController 下的  修改用户 操作！ ip地址为14.23.49.197', null, null, null, null, null, null, null, null, null, null, null, null, '50386');
INSERT INTO `logging_event` VALUES ('1574731364573', 'malizhi 执行了 com.neuedu.crm.controller.UserController 下的  查找用户 操作！ ip地址为14.23.49.197', null, null, null, null, null, null, null, null, null, null, null, null, '50387');
INSERT INTO `logging_event` VALUES ('1574731370740', 'malizhi 执行了 com.neuedu.crm.controller.UserController 下的  后台查找角色列表 操作！ ip地址为14.23.49.197', null, null, null, null, null, null, null, null, null, null, null, null, '50388');
INSERT INTO `logging_event` VALUES ('1574731370804', 'malizhi 执行了 com.neuedu.crm.controller.UserController 下的  后台查找角色列表 操作！ ip地址为14.23.49.197', null, null, null, null, null, null, null, null, null, null, null, null, '50389');
INSERT INTO `logging_event` VALUES ('1574731373577', 'malizhi 执行了 com.neuedu.crm.controller.UserController 下的  修改用户 操作！ ip地址为14.23.49.197', null, null, null, null, null, null, null, null, null, null, null, null, '50390');
INSERT INTO `logging_event` VALUES ('1574731374474', 'malizhi 执行了 com.neuedu.crm.controller.UserController 下的  查找用户 操作！ ip地址为14.23.49.197', null, null, null, null, null, null, null, null, null, null, null, null, '50391');
INSERT INTO `logging_event` VALUES ('1574731376319', 'malizhi 执行了 com.neuedu.crm.controller.UserController 下的  后台查找角色列表 操作！ ip地址为14.23.49.197', null, null, null, null, null, null, null, null, null, null, null, null, '50392');
INSERT INTO `logging_event` VALUES ('1574731376369', 'malizhi 执行了 com.neuedu.crm.controller.UserController 下的  后台查找角色列表 操作！ ip地址为14.23.49.197', null, null, null, null, null, null, null, null, null, null, null, null, '50393');
INSERT INTO `logging_event` VALUES ('1574731379243', 'malizhi 执行了 com.neuedu.crm.controller.UserController 下的  修改用户 操作！ ip地址为14.23.49.197', null, null, null, null, null, null, null, null, null, null, null, null, '50394');
INSERT INTO `logging_event` VALUES ('1574731380339', 'malizhi 执行了 com.neuedu.crm.controller.UserController 下的  查找用户 操作！ ip地址为14.23.49.197', null, null, null, null, null, null, null, null, null, null, null, null, '50395');
INSERT INTO `logging_event` VALUES ('1574731382400', '游客   执行了 com.neuedu.crm.controller.LoginController 下的  注销 操作！ ip地址为14.23.49.197', null, null, null, null, null, null, null, null, null, null, null, null, '50396');
INSERT INTO `logging_event` VALUES ('1574731382456', '游客   执行了 验证码控制器 下的  获取验证码 操作！ ip地址为14.23.49.197', null, null, null, null, null, null, null, null, null, null, null, null, '50397');
INSERT INTO `logging_event` VALUES ('1574731388610', 'malizhi 执行了 com.neuedu.crm.controller.LoginController 下的  登陆 操作！ ip地址为14.23.49.197', null, null, null, null, null, null, null, null, null, null, null, null, '50398');
INSERT INTO `logging_event` VALUES ('1574731389008', 'malizhi 执行了 com.neuedu.crm.controller.RoleController 下的  获取用户角色的权限菜单 操作！ ip地址为14.23.49.197', null, null, null, null, null, null, null, null, null, null, null, null, '50399');
INSERT INTO `logging_event` VALUES ('1574731391421', 'malizhi 执行了 报表控制器 下的  统计公司新增的客户量 操作！ ip地址为14.23.49.197', null, null, null, null, null, null, null, null, null, null, null, null, '50400');
INSERT INTO `logging_event` VALUES ('1574731391428', 'malizhi 执行了 报表控制器 下的  统计公司的客户来源情况 操作！ ip地址为14.23.49.197', null, null, null, null, null, null, null, null, null, null, null, null, '50401');

-- ----------------------------
-- Table structure for logging_event_exception
-- ----------------------------
DROP TABLE IF EXISTS `logging_event_exception`;
CREATE TABLE `logging_event_exception` (
  `event_id` bigint(20) NOT NULL,
  `i` smallint(6) NOT NULL,
  `trace_line` varchar(254) NOT NULL,
  PRIMARY KEY (`event_id`,`i`),
  CONSTRAINT `logging_event_exception_ibfk_1` FOREIGN KEY (`event_id`) REFERENCES `logging_event` (`event_id`)
) ENGINE=InnoDB DEFAULT CHARSET=utf8;

-- ----------------------------
-- Records of logging_event_exception
-- ----------------------------

-- ----------------------------
-- Table structure for logging_event_property
-- ----------------------------
DROP TABLE IF EXISTS `logging_event_property`;
CREATE TABLE `logging_event_property` (
  `event_id` bigint(20) NOT NULL,
  `mapped_key` varchar(254) NOT NULL,
  `mapped_value` text,
  PRIMARY KEY (`event_id`,`mapped_key`),
  CONSTRAINT `logging_event_property_ibfk_1` FOREIGN KEY (`event_id`) REFERENCES `logging_event` (`event_id`)
) ENGINE=InnoDB DEFAULT CHARSET=utf8;

-- ----------------------------
-- Records of logging_event_property
-- ----------------------------

-- ----------------------------
-- Table structure for order_item
-- ----------------------------
DROP TABLE IF EXISTS `order_item`;
CREATE TABLE `order_item` (
  `id` int(11) NOT NULL AUTO_INCREMENT,
  `num` int(11) DEFAULT NULL COMMENT '数量',
  `unit` varchar(255) DEFAULT NULL COMMENT '单位',
  `unit_price` double DEFAULT NULL COMMENT '单价',
  `price` double DEFAULT NULL COMMENT '金额',
  `orders_id` int(11) DEFAULT NULL COMMENT '订单',
  `product_id` int(11) DEFAULT NULL COMMENT '产品',
  PRIMARY KEY (`id`),
  KEY `ORDER_ITEM_PRODUCT` (`product_id`),
  KEY `order_id` (`orders_id`),
  CONSTRAINT `ORDER_ITEM_PRODUCT` FOREIGN KEY (`product_id`) REFERENCES `product` (`id`) ON DELETE SET NULL ON UPDATE CASCADE,
  CONSTRAINT `order_item_ibfk_1` FOREIGN KEY (`orders_id`) REFERENCES `orders` (`id`) ON DELETE SET NULL ON UPDATE CASCADE
) ENGINE=InnoDB AUTO_INCREMENT=5772 DEFAULT CHARSET=utf8;

-- ----------------------------
-- Records of order_item
-- ----------------------------
INSERT INTO `order_item` VALUES ('1772', '133', '元', '6.28', '835.24', '1', '1');
INSERT INTO `order_item` VALUES ('1773', '4790', '元', '3.16', '15136.4', '1', '2');
INSERT INTO `order_item` VALUES ('1774', '3862', '元', '2.32', '8959.84', '1', '3');
INSERT INTO `order_item` VALUES ('1775', '2574', '元', '0.04', '102.96', '1', '4');
INSERT INTO `order_item` VALUES ('1776', '1897', '元', '9.96', '18894.12', '1', '5');
INSERT INTO `order_item` VALUES ('1777', '613', '元', '9.07', '5559.91', '1', '6');
INSERT INTO `order_item` VALUES ('1778', '4780', '元', '7.63', '36471.4', '1', '7');
INSERT INTO `order_item` VALUES ('1779', '1091', '元', '4.17', '4549.47', '1', '8');
INSERT INTO `order_item` VALUES ('1780', '1703', '元', '2.68', '4564.04', '1', '9');
INSERT INTO `order_item` VALUES ('1781', '551', '元', '6.82', '3757.82', '1', '10');
INSERT INTO `order_item` VALUES ('1782', '3232', '元', '0.9', '2908.8', '2', '1');
INSERT INTO `order_item` VALUES ('1783', '416', '元', '6.25', '2600', '2', '2');
INSERT INTO `order_item` VALUES ('1784', '4875', '元', '6.03', '29396.25', '2', '3');
INSERT INTO `order_item` VALUES ('1785', '976', '元', '8.11', '7915.36', '2', '4');
INSERT INTO `order_item` VALUES ('1786', '3119', '元', '6.69', '20866.11', '2', '5');
INSERT INTO `order_item` VALUES ('1787', '4406', '元', '3.59', '15817.54', '2', '6');
INSERT INTO `order_item` VALUES ('1788', '2500', '元', '9.12', '22800', '2', '7');
INSERT INTO `order_item` VALUES ('1789', '2001', '元', '8.16', '16328.16', '2', '8');
INSERT INTO `order_item` VALUES ('1790', '3985', '元', '9.26', '36901.1', '2', '9');
INSERT INTO `order_item` VALUES ('1791', '409', '元', '0.68', '278.12', '2', '10');
INSERT INTO `order_item` VALUES ('1792', '4950', '元', '6.59', '32620.5', '3', '1');
INSERT INTO `order_item` VALUES ('1793', '4751', '元', '7.5', '35632.5', '3', '2');
INSERT INTO `order_item` VALUES ('1794', '807', '元', '9.69', '7819.83', '3', '3');
INSERT INTO `order_item` VALUES ('1795', '100', '元', '3.81', '381', '3', '4');
INSERT INTO `order_item` VALUES ('1796', '1001', '元', '0.59', '590.59', '3', '5');
INSERT INTO `order_item` VALUES ('1797', '4603', '元', '9.71', '44695.13', '3', '6');
INSERT INTO `order_item` VALUES ('1798', '4150', '元', '3.13', '12989.5', '3', '7');
INSERT INTO `order_item` VALUES ('1799', '2767', '元', '7.79', '21554.93', '3', '8');
INSERT INTO `order_item` VALUES ('1800', '3314', '元', '5.96', '19751.44', '3', '9');
INSERT INTO `order_item` VALUES ('1801', '3318', '元', '2.18', '7233.24', '3', '10');
INSERT INTO `order_item` VALUES ('1802', '4175', '元', '4.77', '19914.75', '4', '1');
INSERT INTO `order_item` VALUES ('1803', '2776', '元', '2.48', '6884.48', '4', '2');
INSERT INTO `order_item` VALUES ('1804', '2794', '元', '6.12', '17099.28', '4', '3');
INSERT INTO `order_item` VALUES ('1805', '3419', '元', '4.28', '14633.32', '4', '4');
INSERT INTO `order_item` VALUES ('1806', '4152', '元', '5.91', '24538.32', '4', '5');
INSERT INTO `order_item` VALUES ('1807', '1818', '元', '2.56', '4654.08', '4', '6');
INSERT INTO `order_item` VALUES ('1808', '2292', '元', '2.61', '5982.12', '4', '7');
INSERT INTO `order_item` VALUES ('1809', '2625', '元', '7.9', '20737.5', '4', '8');
INSERT INTO `order_item` VALUES ('1810', '4991', '元', '9.34', '46615.94', '4', '9');
INSERT INTO `order_item` VALUES ('1811', '3394', '元', '7.08', '24029.52', '4', '10');
INSERT INTO `order_item` VALUES ('1812', '4499', '元', '1.68', '7558.32', '5', '1');
INSERT INTO `order_item` VALUES ('1813', '322', '元', '0.42', '135.24', '5', '2');
INSERT INTO `order_item` VALUES ('1814', '2130', '元', '3.59', '7646.7', '5', '3');
INSERT INTO `order_item` VALUES ('1815', '2515', '元', '7.53', '18937.95', '5', '4');
INSERT INTO `order_item` VALUES ('1816', '799', '元', '0.86', '687.14', '5', '5');
INSERT INTO `order_item` VALUES ('1817', '183', '元', '2.39', '437.37', '5', '6');
INSERT INTO `order_item` VALUES ('1818', '1056', '元', '1.75', '1848', '5', '7');
INSERT INTO `order_item` VALUES ('1819', '1312', '元', '7.26', '9525.12', '5', '8');
INSERT INTO `order_item` VALUES ('1820', '272', '元', '4.98', '1354.56', '5', '9');
INSERT INTO `order_item` VALUES ('1821', '2007', '元', '2.96', '5940.72', '5', '10');
INSERT INTO `order_item` VALUES ('1822', '4956', '元', '3.26', '16156.56', '6', '1');
INSERT INTO `order_item` VALUES ('1823', '335', '元', '9.51', '3185.85', '6', '2');
INSERT INTO `order_item` VALUES ('1824', '3261', '元', '7.27', '23707.47', '6', '3');
INSERT INTO `order_item` VALUES ('1825', '922', '元', '8.42', '7763.24', '6', '4');
INSERT INTO `order_item` VALUES ('1826', '1359', '元', '9.11', '12380.49', '6', '5');
INSERT INTO `order_item` VALUES ('1827', '2947', '元', '2.52', '7426.44', '6', '6');
INSERT INTO `order_item` VALUES ('1828', '983', '元', '9.31', '9151.73', '6', '7');
INSERT INTO `order_item` VALUES ('1829', '4659', '元', '4.24', '19754.16', '6', '8');
INSERT INTO `order_item` VALUES ('1830', '1967', '元', '8.04', '15814.68', '6', '9');
INSERT INTO `order_item` VALUES ('1831', '1024', '元', '0.08', '81.92', '6', '10');
INSERT INTO `order_item` VALUES ('1832', '3599', '元', '3.07', '11048.93', '7', '1');
INSERT INTO `order_item` VALUES ('1833', '2750', '元', '7.21', '19827.5', '7', '2');
INSERT INTO `order_item` VALUES ('1834', '3338', '元', '3.43', '11449.34', '7', '3');
INSERT INTO `order_item` VALUES ('1835', '1402', '元', '0.66', '925.32', '7', '4');
INSERT INTO `order_item` VALUES ('1836', '902', '元', '7.06', '6368.12', '7', '5');
INSERT INTO `order_item` VALUES ('1837', '1872', '元', '2.49', '4661.28', '7', '6');
INSERT INTO `order_item` VALUES ('1838', '68', '元', '4.41', '299.88', '7', '7');
INSERT INTO `order_item` VALUES ('1839', '438', '元', '3.3', '1445.4', '7', '8');
INSERT INTO `order_item` VALUES ('1840', '1214', '元', '2.87', '3484.18', '7', '9');
INSERT INTO `order_item` VALUES ('1841', '935', '元', '3.61', '3375.35', '7', '10');
INSERT INTO `order_item` VALUES ('1842', '1145', '元', '4.85', '5553.25', '8', '1');
INSERT INTO `order_item` VALUES ('1843', '4294', '元', '6.26', '26880.44', '8', '2');
INSERT INTO `order_item` VALUES ('1844', '76', '元', '0.95', '72.2', '8', '3');
INSERT INTO `order_item` VALUES ('1845', '2608', '元', '7.2', '18777.6', '8', '4');
INSERT INTO `order_item` VALUES ('1846', '2617', '元', '3.27', '8557.59', '8', '5');
INSERT INTO `order_item` VALUES ('1847', '4214', '元', '5.53', '23303.42', '8', '6');
INSERT INTO `order_item` VALUES ('1848', '1686', '元', '9.34', '15747.24', '8', '7');
INSERT INTO `order_item` VALUES ('1849', '1251', '元', '9.51', '11897.01', '8', '8');
INSERT INTO `order_item` VALUES ('1850', '1306', '元', '4.39', '5733.34', '8', '9');
INSERT INTO `order_item` VALUES ('1851', '1904', '元', '8.18', '15574.72', '8', '10');
INSERT INTO `order_item` VALUES ('1852', '1902', '元', '1.68', '3195.36', '9', '1');
INSERT INTO `order_item` VALUES ('1853', '1222', '元', '1', '1222', '9', '2');
INSERT INTO `order_item` VALUES ('1854', '4141', '元', '9.37', '38801.17', '9', '3');
INSERT INTO `order_item` VALUES ('1855', '1271', '元', '6.05', '7689.55', '9', '4');
INSERT INTO `order_item` VALUES ('1856', '2892', '元', '2.89', '8357.88', '9', '5');
INSERT INTO `order_item` VALUES ('1857', '504', '元', '1.97', '992.88', '9', '6');
INSERT INTO `order_item` VALUES ('1858', '3758', '元', '1.62', '6087.96', '9', '7');
INSERT INTO `order_item` VALUES ('1859', '3081', '元', '9.22', '28406.82', '9', '8');
INSERT INTO `order_item` VALUES ('1860', '588', '元', '1.14', '670.32', '9', '9');
INSERT INTO `order_item` VALUES ('1861', '515', '元', '5.92', '3048.8', '9', '10');
INSERT INTO `order_item` VALUES ('1862', '2376', '元', '3.45', '8197.2', '10', '1');
INSERT INTO `order_item` VALUES ('1863', '1392', '元', '7.78', '10829.76', '10', '2');
INSERT INTO `order_item` VALUES ('1864', '2903', '元', '5.36', '15560.08', '10', '3');
INSERT INTO `order_item` VALUES ('1865', '300', '元', '3.14', '942', '10', '4');
INSERT INTO `order_item` VALUES ('1866', '1598', '元', '6.3', '10067.4', '10', '5');
INSERT INTO `order_item` VALUES ('1867', '466', '元', '4.85', '2260.1', '10', '6');
INSERT INTO `order_item` VALUES ('1868', '1662', '元', '6.04', '10038.48', '10', '7');
INSERT INTO `order_item` VALUES ('1869', '1078', '元', '7.76', '8365.28', '10', '8');
INSERT INTO `order_item` VALUES ('1870', '1162', '元', '3.36', '3904.32', '10', '9');
INSERT INTO `order_item` VALUES ('1871', '3505', '元', '7.7', '26988.5', '10', '10');
INSERT INTO `order_item` VALUES ('1872', '4560', '元', '7.79', '35522.4', '11', '1');
INSERT INTO `order_item` VALUES ('1873', '4857', '元', '9.22', '44781.54', '11', '2');
INSERT INTO `order_item` VALUES ('1874', '1990', '元', '2.98', '5930.2', '11', '3');
INSERT INTO `order_item` VALUES ('1875', '272', '元', '2.05', '557.6', '11', '4');
INSERT INTO `order_item` VALUES ('1876', '1908', '元', '8.08', '15416.64', '11', '5');
INSERT INTO `order_item` VALUES ('1877', '414', '元', '9.53', '3945.42', '11', '6');
INSERT INTO `order_item` VALUES ('1878', '2188', '元', '0.54', '1181.52', '11', '7');
INSERT INTO `order_item` VALUES ('1879', '2559', '元', '9.29', '23773.11', '11', '8');
INSERT INTO `order_item` VALUES ('1880', '2715', '元', '7.6', '20634', '11', '9');
INSERT INTO `order_item` VALUES ('1881', '4730', '元', '4.8', '22704', '11', '10');
INSERT INTO `order_item` VALUES ('1882', '1416', '元', '7.23', '10237.68', '12', '1');
INSERT INTO `order_item` VALUES ('1883', '728', '元', '7.41', '5394.48', '12', '2');
INSERT INTO `order_item` VALUES ('1884', '3080', '元', '9.34', '28767.2', '12', '3');
INSERT INTO `order_item` VALUES ('1885', '1732', '元', '6.55', '11344.6', '12', '4');
INSERT INTO `order_item` VALUES ('1886', '2886', '元', '8.09', '23347.74', '12', '5');
INSERT INTO `order_item` VALUES ('1887', '975', '元', '4.26', '4153.5', '12', '6');
INSERT INTO `order_item` VALUES ('1888', '4953', '元', '7.44', '36850.32', '12', '7');
INSERT INTO `order_item` VALUES ('1889', '2636', '元', '7.11', '18741.96', '12', '8');
INSERT INTO `order_item` VALUES ('1890', '893', '元', '1.34', '1196.62', '12', '9');
INSERT INTO `order_item` VALUES ('1891', '3822', '元', '3.16', '12077.52', '12', '10');
INSERT INTO `order_item` VALUES ('1892', '607', '元', '5.66', '3435.62', '13', '1');
INSERT INTO `order_item` VALUES ('1893', '3936', '元', '8.45', '33259.2', '13', '2');
INSERT INTO `order_item` VALUES ('1894', '210', '元', '6.85', '1438.5', '13', '3');
INSERT INTO `order_item` VALUES ('1895', '4460', '元', '8.21', '36616.6', '13', '4');
INSERT INTO `order_item` VALUES ('1896', '1094', '元', '2.69', '2942.86', '13', '5');
INSERT INTO `order_item` VALUES ('1897', '1066', '元', '4.41', '4701.06', '13', '6');
INSERT INTO `order_item` VALUES ('1898', '76', '元', '8.02', '609.52', '13', '7');
INSERT INTO `order_item` VALUES ('1899', '2835', '元', '5.32', '15082.2', '13', '8');
INSERT INTO `order_item` VALUES ('1900', '4540', '元', '8.7', '39498', '13', '9');
INSERT INTO `order_item` VALUES ('1901', '3616', '元', '1.51', '5460.16', '13', '10');
INSERT INTO `order_item` VALUES ('1902', '696', '元', '5.75', '4002', '14', '1');
INSERT INTO `order_item` VALUES ('1903', '324', '元', '0.07', '22.68', '14', '2');
INSERT INTO `order_item` VALUES ('1904', '1952', '元', '1.91', '3728.32', '14', '3');
INSERT INTO `order_item` VALUES ('1905', '4863', '元', '7.14', '34721.82', '14', '4');
INSERT INTO `order_item` VALUES ('1906', '899', '元', '0.68', '611.32', '14', '5');
INSERT INTO `order_item` VALUES ('1907', '3080', '元', '0.5', '1540', '14', '6');
INSERT INTO `order_item` VALUES ('1908', '4799', '元', '4.49', '21547.51', '14', '7');
INSERT INTO `order_item` VALUES ('1909', '2441', '元', '0.5', '1220.5', '14', '8');
INSERT INTO `order_item` VALUES ('1910', '1344', '元', '0.16', '215.04', '14', '9');
INSERT INTO `order_item` VALUES ('1911', '2269', '元', '3.95', '8962.55', '14', '10');
INSERT INTO `order_item` VALUES ('1912', '2506', '元', '7.08', '17742.48', '15', '1');
INSERT INTO `order_item` VALUES ('1913', '3474', '元', '7.33', '25464.42', '15', '2');
INSERT INTO `order_item` VALUES ('1914', '4083', '元', '7.87', '32133.21', '15', '3');
INSERT INTO `order_item` VALUES ('1915', '2668', '元', '3.52', '9391.36', '15', '4');
INSERT INTO `order_item` VALUES ('1916', '3450', '元', '3.88', '13386', '15', '5');
INSERT INTO `order_item` VALUES ('1917', '4842', '元', '9.69', '46918.98', '15', '6');
INSERT INTO `order_item` VALUES ('1918', '2026', '元', '5.61', '11365.86', '15', '7');
INSERT INTO `order_item` VALUES ('1919', '387', '元', '9.2', '3560.4', '15', '8');
INSERT INTO `order_item` VALUES ('1920', '4896', '元', '6.15', '30110.4', '15', '9');
INSERT INTO `order_item` VALUES ('1921', '2535', '元', '7.7', '19519.5', '15', '10');
INSERT INTO `order_item` VALUES ('1922', '4951', '元', '5.49', '27180.99', '16', '1');
INSERT INTO `order_item` VALUES ('1923', '4565', '元', '8.9', '40628.5', '16', '2');
INSERT INTO `order_item` VALUES ('1924', '1752', '元', '5.31', '9303.12', '16', '3');
INSERT INTO `order_item` VALUES ('1925', '1504', '元', '1.89', '2842.56', '16', '4');
INSERT INTO `order_item` VALUES ('1926', '2603', '元', '6.9', '17960.7', '16', '5');
INSERT INTO `order_item` VALUES ('1927', '478', '元', '7.98', '3814.44', '16', '6');
INSERT INTO `order_item` VALUES ('1928', '4788', '元', '4.75', '22743', '16', '7');
INSERT INTO `order_item` VALUES ('1929', '3119', '元', '6', '18714', '16', '8');
INSERT INTO `order_item` VALUES ('1930', '4892', '元', '1.38', '6750.96', '16', '9');
INSERT INTO `order_item` VALUES ('1931', '1920', '元', '8.72', '16742.4', '16', '10');
INSERT INTO `order_item` VALUES ('1932', '2930', '元', '7.86', '23029.8', '17', '1');
INSERT INTO `order_item` VALUES ('1933', '4089', '元', '1.09', '4457.01', '17', '2');
INSERT INTO `order_item` VALUES ('1934', '1790', '元', '3.51', '6282.9', '17', '3');
INSERT INTO `order_item` VALUES ('1935', '2750', '元', '3.85', '10587.5', '17', '4');
INSERT INTO `order_item` VALUES ('1936', '3476', '元', '4.84', '16823.84', '17', '5');
INSERT INTO `order_item` VALUES ('1937', '4348', '元', '0.22', '956.56', '17', '6');
INSERT INTO `order_item` VALUES ('1938', '3895', '元', '4', '15580', '17', '7');
INSERT INTO `order_item` VALUES ('1939', '406', '元', '7.26', '2947.56', '17', '8');
INSERT INTO `order_item` VALUES ('1940', '1286', '元', '7.73', '9940.78', '17', '9');
INSERT INTO `order_item` VALUES ('1941', '2248', '元', '9.78', '21985.44', '17', '10');
INSERT INTO `order_item` VALUES ('1942', '4254', '元', '8.37', '35605.98', '18', '1');
INSERT INTO `order_item` VALUES ('1943', '1170', '元', '8.11', '9488.7', '18', '2');
INSERT INTO `order_item` VALUES ('1944', '1635', '元', '9.2', '15042', '18', '3');
INSERT INTO `order_item` VALUES ('1945', '2207', '元', '9.95', '21959.65', '18', '4');
INSERT INTO `order_item` VALUES ('1946', '2393', '元', '9.03', '21608.79', '18', '5');
INSERT INTO `order_item` VALUES ('1947', '391', '元', '9.79', '3827.89', '18', '6');
INSERT INTO `order_item` VALUES ('1948', '316', '元', '0.96', '303.36', '18', '7');
INSERT INTO `order_item` VALUES ('1949', '1570', '元', '2.07', '3249.9', '18', '8');
INSERT INTO `order_item` VALUES ('1950', '4706', '元', '7.78', '36612.68', '18', '9');
INSERT INTO `order_item` VALUES ('1951', '1699', '元', '1.26', '2140.74', '18', '10');
INSERT INTO `order_item` VALUES ('1952', '2598', '元', '8.27', '21485.46', '19', '1');
INSERT INTO `order_item` VALUES ('1953', '2486', '元', '1.48', '3679.28', '19', '2');
INSERT INTO `order_item` VALUES ('1954', '708', '元', '4.95', '3504.6', '19', '3');
INSERT INTO `order_item` VALUES ('1955', '2148', '元', '2.92', '6272.16', '19', '4');
INSERT INTO `order_item` VALUES ('1956', '2196', '元', '8.28', '18182.88', '19', '5');
INSERT INTO `order_item` VALUES ('1957', '51', '元', '4.57', '233.07', '19', '6');
INSERT INTO `order_item` VALUES ('1958', '997', '元', '7.9', '7876.3', '19', '7');
INSERT INTO `order_item` VALUES ('1959', '895', '元', '1.67', '1494.65', '19', '8');
INSERT INTO `order_item` VALUES ('1960', '1065', '元', '6.02', '6411.3', '19', '9');
INSERT INTO `order_item` VALUES ('1961', '2959', '元', '6.16', '18227.44', '19', '10');
INSERT INTO `order_item` VALUES ('1962', '1647', '元', '4.62', '7609.14', '20', '1');
INSERT INTO `order_item` VALUES ('1963', '2751', '元', '8.47', '23300.97', '20', '2');
INSERT INTO `order_item` VALUES ('1964', '3270', '元', '4.94', '16153.8', '20', '3');
INSERT INTO `order_item` VALUES ('1965', '2827', '元', '8.33', '23548.91', '20', '4');
INSERT INTO `order_item` VALUES ('1966', '2255', '元', '1.13', '2548.15', '20', '5');
INSERT INTO `order_item` VALUES ('1967', '242', '元', '4.48', '1084.16', '20', '6');
INSERT INTO `order_item` VALUES ('1968', '3843', '元', '3.32', '12758.76', '20', '7');
INSERT INTO `order_item` VALUES ('1969', '2474', '元', '6.21', '15363.54', '20', '8');
INSERT INTO `order_item` VALUES ('1970', '686', '元', '6.38', '4376.68', '20', '9');
INSERT INTO `order_item` VALUES ('1971', '2203', '元', '4.73', '10420.19', '20', '10');
INSERT INTO `order_item` VALUES ('1972', '4835', '元', '8.12', '39260.2', '21', '1');
INSERT INTO `order_item` VALUES ('1973', '3329', '元', '6.2', '20639.8', '21', '2');
INSERT INTO `order_item` VALUES ('1974', '2990', '元', '8.57', '25624.3', '21', '3');
INSERT INTO `order_item` VALUES ('1975', '32', '元', '8.43', '269.76', '21', '4');
INSERT INTO `order_item` VALUES ('1976', '4677', '元', '5.72', '26752.44', '21', '5');
INSERT INTO `order_item` VALUES ('1977', '2734', '元', '6.31', '17251.54', '21', '6');
INSERT INTO `order_item` VALUES ('1978', '371', '元', '9.14', '3390.94', '21', '7');
INSERT INTO `order_item` VALUES ('1979', '3840', '元', '4.39', '16857.6', '21', '8');
INSERT INTO `order_item` VALUES ('1980', '3870', '元', '9.17', '35487.9', '21', '9');
INSERT INTO `order_item` VALUES ('1981', '1274', '元', '2.87', '3656.38', '21', '10');
INSERT INTO `order_item` VALUES ('1982', '3889', '元', '7.65', '29750.85', '22', '1');
INSERT INTO `order_item` VALUES ('1983', '2190', '元', '6.19', '13556.1', '22', '2');
INSERT INTO `order_item` VALUES ('1984', '3857', '元', '0.64', '2468.48', '22', '3');
INSERT INTO `order_item` VALUES ('1985', '663', '元', '7.54', '4999.02', '22', '4');
INSERT INTO `order_item` VALUES ('1986', '4539', '元', '1.39', '6309.21', '22', '5');
INSERT INTO `order_item` VALUES ('1987', '837', '元', '6.99', '5850.63', '22', '6');
INSERT INTO `order_item` VALUES ('1988', '3015', '元', '6.95', '20954.25', '22', '7');
INSERT INTO `order_item` VALUES ('1989', '438', '元', '0.91', '398.58', '22', '8');
INSERT INTO `order_item` VALUES ('1990', '537', '元', '3.8', '2040.6', '22', '9');
INSERT INTO `order_item` VALUES ('1991', '4427', '元', '8.95', '39621.65', '22', '10');
INSERT INTO `order_item` VALUES ('1992', '4296', '元', '7.68', '32993.28', '23', '1');
INSERT INTO `order_item` VALUES ('1993', '3722', '元', '3.34', '12431.48', '23', '2');
INSERT INTO `order_item` VALUES ('1994', '4672', '元', '7.35', '34339.2', '23', '3');
INSERT INTO `order_item` VALUES ('1995', '3880', '元', '7.32', '28401.6', '23', '4');
INSERT INTO `order_item` VALUES ('1996', '926', '元', '3.04', '2815.04', '23', '5');
INSERT INTO `order_item` VALUES ('1997', '3077', '元', '6.58', '20246.66', '23', '6');
INSERT INTO `order_item` VALUES ('1998', '1037', '元', '1.11', '1151.07', '23', '7');
INSERT INTO `order_item` VALUES ('1999', '153', '元', '0.18', '27.54', '23', '8');
INSERT INTO `order_item` VALUES ('2000', '147', '元', '8.61', '1265.67', '23', '9');
INSERT INTO `order_item` VALUES ('2001', '4111', '元', '4.97', '20431.67', '23', '10');
INSERT INTO `order_item` VALUES ('2002', '472', '元', '5.68', '2680.96', '24', '1');
INSERT INTO `order_item` VALUES ('2003', '250', '元', '4.09', '1022.5', '24', '2');
INSERT INTO `order_item` VALUES ('2004', '3022', '元', '6', '18132', '24', '3');
INSERT INTO `order_item` VALUES ('2005', '4290', '元', '5.43', '23294.7', '24', '4');
INSERT INTO `order_item` VALUES ('2006', '3400', '元', '4.88', '16592', '24', '5');
INSERT INTO `order_item` VALUES ('2007', '4859', '元', '2.92', '14188.28', '24', '6');
INSERT INTO `order_item` VALUES ('2008', '2291', '元', '3.37', '7720.67', '24', '7');
INSERT INTO `order_item` VALUES ('2009', '2756', '元', '6.33', '17445.48', '24', '8');
INSERT INTO `order_item` VALUES ('2010', '4424', '元', '2.72', '12033.28', '24', '9');
INSERT INTO `order_item` VALUES ('2011', '1334', '元', '5.95', '7937.3', '24', '10');
INSERT INTO `order_item` VALUES ('2012', '1388', '元', '1.02', '1415.76', '25', '1');
INSERT INTO `order_item` VALUES ('2013', '884', '元', '1.49', '1317.16', '25', '2');
INSERT INTO `order_item` VALUES ('2014', '2994', '元', '3.91', '11706.54', '25', '3');
INSERT INTO `order_item` VALUES ('2015', '4617', '元', '0.37', '1708.29', '25', '4');
INSERT INTO `order_item` VALUES ('2016', '3311', '元', '8.86', '29335.46', '25', '5');
INSERT INTO `order_item` VALUES ('2017', '2385', '元', '9.93', '23683.05', '25', '6');
INSERT INTO `order_item` VALUES ('2018', '2543', '元', '8.41', '21386.63', '25', '7');
INSERT INTO `order_item` VALUES ('2019', '3995', '元', '0.52', '2077.4', '25', '8');
INSERT INTO `order_item` VALUES ('2020', '4537', '元', '7.12', '32303.44', '25', '9');
INSERT INTO `order_item` VALUES ('2021', '4953', '元', '8.52', '42199.56', '25', '10');
INSERT INTO `order_item` VALUES ('2022', '1959', '元', '1.41', '2762.19', '26', '1');
INSERT INTO `order_item` VALUES ('2023', '4080', '元', '9.59', '39127.2', '26', '2');
INSERT INTO `order_item` VALUES ('2024', '4380', '元', '6.14', '26893.2', '26', '3');
INSERT INTO `order_item` VALUES ('2025', '1116', '元', '3.79', '4229.64', '26', '4');
INSERT INTO `order_item` VALUES ('2026', '1110', '元', '8.71', '9668.1', '26', '5');
INSERT INTO `order_item` VALUES ('2027', '192', '元', '2.67', '512.64', '26', '6');
INSERT INTO `order_item` VALUES ('2028', '1038', '元', '0.07', '72.66', '26', '7');
INSERT INTO `order_item` VALUES ('2029', '2110', '元', '9.71', '20488.1', '26', '8');
INSERT INTO `order_item` VALUES ('2030', '1689', '元', '0.61', '1030.29', '26', '9');
INSERT INTO `order_item` VALUES ('2031', '1037', '元', '6.36', '6595.32', '26', '10');
INSERT INTO `order_item` VALUES ('2032', '3150', '元', '9.33', '29389.5', '27', '1');
INSERT INTO `order_item` VALUES ('2033', '2447', '元', '1.07', '2618.29', '27', '2');
INSERT INTO `order_item` VALUES ('2034', '1875', '元', '7.61', '14268.75', '27', '3');
INSERT INTO `order_item` VALUES ('2035', '2998', '元', '8.68', '26022.64', '27', '4');
INSERT INTO `order_item` VALUES ('2036', '2324', '元', '5.24', '12177.76', '27', '5');
INSERT INTO `order_item` VALUES ('2037', '214', '元', '3.24', '693.36', '27', '6');
INSERT INTO `order_item` VALUES ('2038', '2270', '元', '0.06', '136.2', '27', '7');
INSERT INTO `order_item` VALUES ('2039', '1581', '元', '1.31', '2071.11', '27', '8');
INSERT INTO `order_item` VALUES ('2040', '31', '元', '5.33', '165.23', '27', '9');
INSERT INTO `order_item` VALUES ('2041', '2886', '元', '5.59', '16132.74', '27', '10');
INSERT INTO `order_item` VALUES ('2042', '3579', '元', '1.4', '5010.6', '28', '1');
INSERT INTO `order_item` VALUES ('2043', '2899', '元', '5.22', '15132.78', '28', '2');
INSERT INTO `order_item` VALUES ('2044', '4103', '元', '2.37', '9724.11', '28', '3');
INSERT INTO `order_item` VALUES ('2045', '1577', '元', '2.57', '4052.89', '28', '4');
INSERT INTO `order_item` VALUES ('2046', '361', '元', '6.84', '2469.24', '28', '5');
INSERT INTO `order_item` VALUES ('2047', '2982', '元', '7.95', '23706.9', '28', '6');
INSERT INTO `order_item` VALUES ('2048', '1549', '元', '4.11', '6366.39', '28', '7');
INSERT INTO `order_item` VALUES ('2049', '3805', '元', '2.83', '10768.15', '28', '8');
INSERT INTO `order_item` VALUES ('2050', '3220', '元', '9.27', '29849.4', '28', '9');
INSERT INTO `order_item` VALUES ('2051', '312', '元', '5.54', '1728.48', '28', '10');
INSERT INTO `order_item` VALUES ('2052', '1726', '元', '3.88', '6696.88', '29', '1');
INSERT INTO `order_item` VALUES ('2053', '4426', '元', '4.36', '19297.36', '29', '2');
INSERT INTO `order_item` VALUES ('2054', '4531', '元', '0.19', '860.89', '29', '3');
INSERT INTO `order_item` VALUES ('2055', '343', '元', '8.86', '3038.98', '29', '4');
INSERT INTO `order_item` VALUES ('2056', '2280', '元', '4.5', '10260', '29', '5');
INSERT INTO `order_item` VALUES ('2057', '1887', '元', '2.4', '4528.8', '29', '6');
INSERT INTO `order_item` VALUES ('2058', '3463', '元', '3.15', '10908.45', '29', '7');
INSERT INTO `order_item` VALUES ('2059', '2256', '元', '6.1', '13761.6', '29', '8');
INSERT INTO `order_item` VALUES ('2060', '2253', '元', '1.5', '3379.5', '29', '9');
INSERT INTO `order_item` VALUES ('2061', '2943', '元', '2.68', '7887.24', '29', '10');
INSERT INTO `order_item` VALUES ('2062', '1120', '元', '2.86', '3203.2', '30', '1');
INSERT INTO `order_item` VALUES ('2063', '65', '元', '8.07', '524.55', '30', '2');
INSERT INTO `order_item` VALUES ('2064', '2927', '元', '6.59', '19288.93', '30', '3');
INSERT INTO `order_item` VALUES ('2065', '2576', '元', '7.09', '18263.84', '30', '4');
INSERT INTO `order_item` VALUES ('2066', '4663', '元', '8.85', '41267.55', '30', '5');
INSERT INTO `order_item` VALUES ('2067', '195', '元', '9.21', '1795.95', '30', '6');
INSERT INTO `order_item` VALUES ('2068', '5', '元', '6.42', '32.1', '30', '7');
INSERT INTO `order_item` VALUES ('2069', '687', '元', '2.97', '2040.39', '30', '8');
INSERT INTO `order_item` VALUES ('2070', '4404', '元', '5.28', '23253.12', '30', '9');
INSERT INTO `order_item` VALUES ('2071', '2381', '元', '7.1', '16905.1', '30', '10');
INSERT INTO `order_item` VALUES ('2072', '3204', '元', '1.88', '6023.52', '31', '1');
INSERT INTO `order_item` VALUES ('2073', '4402', '元', '3.18', '13998.36', '31', '2');
INSERT INTO `order_item` VALUES ('2074', '1858', '元', '1.64', '3047.12', '31', '3');
INSERT INTO `order_item` VALUES ('2075', '3745', '元', '3.13', '11721.85', '31', '4');
INSERT INTO `order_item` VALUES ('2076', '1736', '元', '3.6', '6249.6', '31', '5');
INSERT INTO `order_item` VALUES ('2077', '174', '元', '0.69', '120.06', '31', '6');
INSERT INTO `order_item` VALUES ('2078', '4300', '元', '1.3', '5590', '31', '7');
INSERT INTO `order_item` VALUES ('2079', '1535', '元', '1.18', '1811.3', '31', '8');
INSERT INTO `order_item` VALUES ('2080', '2119', '元', '8.6', '18223.4', '31', '9');
INSERT INTO `order_item` VALUES ('2081', '115', '元', '8.72', '1002.8', '31', '10');
INSERT INTO `order_item` VALUES ('2082', '3758', '元', '6.66', '25028.28', '32', '1');
INSERT INTO `order_item` VALUES ('2083', '3200', '元', '8.83', '28256', '32', '2');
INSERT INTO `order_item` VALUES ('2084', '3771', '元', '5.26', '19835.46', '32', '3');
INSERT INTO `order_item` VALUES ('2085', '2706', '元', '1.07', '2895.42', '32', '4');
INSERT INTO `order_item` VALUES ('2086', '3941', '元', '6.12', '24118.92', '32', '5');
INSERT INTO `order_item` VALUES ('2087', '1554', '元', '9.93', '15431.22', '32', '6');
INSERT INTO `order_item` VALUES ('2088', '3211', '元', '7.57', '24307.27', '32', '7');
INSERT INTO `order_item` VALUES ('2089', '2806', '元', '0.16', '448.96', '32', '8');
INSERT INTO `order_item` VALUES ('2090', '2805', '元', '6.44', '18064.2', '32', '9');
INSERT INTO `order_item` VALUES ('2091', '1304', '元', '2.61', '3403.44', '32', '10');
INSERT INTO `order_item` VALUES ('2092', '4254', '元', '3.13', '13315.02', '33', '1');
INSERT INTO `order_item` VALUES ('2093', '4547', '元', '6.09', '27691.23', '33', '2');
INSERT INTO `order_item` VALUES ('2094', '4071', '元', '9.74', '39651.54', '33', '3');
INSERT INTO `order_item` VALUES ('2095', '3018', '元', '3.91', '11800.38', '33', '4');
INSERT INTO `order_item` VALUES ('2096', '4573', '元', '1.72', '7865.56', '33', '5');
INSERT INTO `order_item` VALUES ('2097', '2726', '元', '6.4', '17446.4', '33', '6');
INSERT INTO `order_item` VALUES ('2098', '4576', '元', '9.58', '43838.08', '33', '7');
INSERT INTO `order_item` VALUES ('2099', '1494', '元', '8.39', '12534.66', '33', '8');
INSERT INTO `order_item` VALUES ('2100', '2671', '元', '0.21', '560.91', '33', '9');
INSERT INTO `order_item` VALUES ('2101', '4303', '元', '2.59', '11144.77', '33', '10');
INSERT INTO `order_item` VALUES ('2102', '2727', '元', '0.27', '736.29', '34', '1');
INSERT INTO `order_item` VALUES ('2103', '4803', '元', '2.87', '13784.61', '34', '2');
INSERT INTO `order_item` VALUES ('2104', '4563', '元', '8.88', '40519.44', '34', '3');
INSERT INTO `order_item` VALUES ('2105', '2660', '元', '6.45', '17157', '34', '4');
INSERT INTO `order_item` VALUES ('2106', '3605', '元', '4.09', '14744.45', '34', '5');
INSERT INTO `order_item` VALUES ('2107', '4689', '元', '8.84', '41450.76', '34', '6');
INSERT INTO `order_item` VALUES ('2108', '2267', '元', '1.15', '2607.05', '34', '7');
INSERT INTO `order_item` VALUES ('2109', '2707', '元', '4.36', '11802.52', '34', '8');
INSERT INTO `order_item` VALUES ('2110', '2780', '元', '0.12', '333.6', '34', '9');
INSERT INTO `order_item` VALUES ('2111', '4984', '元', '4.6', '22926.4', '34', '10');
INSERT INTO `order_item` VALUES ('2112', '1292', '元', '0.75', '969', '35', '1');
INSERT INTO `order_item` VALUES ('2113', '2237', '元', '6.21', '13891.77', '35', '2');
INSERT INTO `order_item` VALUES ('2114', '81', '元', '6.97', '564.57', '35', '3');
INSERT INTO `order_item` VALUES ('2115', '1725', '元', '2.54', '4381.5', '35', '4');
INSERT INTO `order_item` VALUES ('2116', '441', '元', '5.5', '2425.5', '35', '5');
INSERT INTO `order_item` VALUES ('2117', '4711', '元', '5.36', '25250.96', '35', '6');
INSERT INTO `order_item` VALUES ('2118', '4248', '元', '4.23', '17969.04', '35', '7');
INSERT INTO `order_item` VALUES ('2119', '4173', '元', '4.56', '19028.88', '35', '8');
INSERT INTO `order_item` VALUES ('2120', '3436', '元', '6.94', '23845.84', '35', '9');
INSERT INTO `order_item` VALUES ('2121', '2734', '元', '1.91', '5221.94', '35', '10');
INSERT INTO `order_item` VALUES ('2122', '4098', '元', '4.28', '17539.44', '36', '1');
INSERT INTO `order_item` VALUES ('2123', '2482', '元', '2.1', '5212.2', '36', '2');
INSERT INTO `order_item` VALUES ('2124', '356', '元', '7.47', '2659.32', '36', '3');
INSERT INTO `order_item` VALUES ('2125', '683', '元', '7.2', '4917.6', '36', '4');
INSERT INTO `order_item` VALUES ('2126', '1785', '元', '7.2', '12852', '36', '5');
INSERT INTO `order_item` VALUES ('2127', '3680', '元', '3.05', '11224', '36', '6');
INSERT INTO `order_item` VALUES ('2128', '1128', '元', '5.11', '5764.08', '36', '7');
INSERT INTO `order_item` VALUES ('2129', '2451', '元', '7.59', '18603.09', '36', '8');
INSERT INTO `order_item` VALUES ('2130', '824', '元', '8.71', '7177.04', '36', '9');
INSERT INTO `order_item` VALUES ('2131', '2009', '元', '5.26', '10567.34', '36', '10');
INSERT INTO `order_item` VALUES ('2132', '3322', '元', '0.53', '1760.66', '37', '1');
INSERT INTO `order_item` VALUES ('2133', '3003', '元', '4.84', '14534.52', '37', '2');
INSERT INTO `order_item` VALUES ('2134', '125', '元', '0.32', '40', '37', '3');
INSERT INTO `order_item` VALUES ('2135', '4378', '元', '2.07', '9062.46', '37', '4');
INSERT INTO `order_item` VALUES ('2136', '1070', '元', '0.5', '535', '37', '5');
INSERT INTO `order_item` VALUES ('2137', '1629', '元', '5.29', '8617.41', '37', '6');
INSERT INTO `order_item` VALUES ('2138', '4512', '元', '6.66', '30049.92', '37', '7');
INSERT INTO `order_item` VALUES ('2139', '1876', '元', '3.26', '6115.76', '37', '8');
INSERT INTO `order_item` VALUES ('2140', '1137', '元', '6.86', '7799.82', '37', '9');
INSERT INTO `order_item` VALUES ('2141', '155', '元', '5.75', '891.25', '37', '10');
INSERT INTO `order_item` VALUES ('2142', '4161', '元', '6.55', '27254.55', '38', '1');
INSERT INTO `order_item` VALUES ('2143', '3441', '元', '5.47', '18822.27', '38', '2');
INSERT INTO `order_item` VALUES ('2144', '275', '元', '9.79', '2692.25', '38', '3');
INSERT INTO `order_item` VALUES ('2145', '4875', '元', '5.86', '28567.5', '38', '4');
INSERT INTO `order_item` VALUES ('2146', '4702', '元', '9.72', '45703.44', '38', '5');
INSERT INTO `order_item` VALUES ('2147', '1562', '元', '7.03', '10980.86', '38', '6');
INSERT INTO `order_item` VALUES ('2148', '1448', '元', '7.13', '10324.24', '38', '7');
INSERT INTO `order_item` VALUES ('2149', '1243', '元', '4.65', '5779.95', '38', '8');
INSERT INTO `order_item` VALUES ('2150', '4466', '元', '1.23', '5493.18', '38', '9');
INSERT INTO `order_item` VALUES ('2151', '3671', '元', '9.77', '35865.67', '38', '10');
INSERT INTO `order_item` VALUES ('2152', '2865', '元', '3.48', '9970.2', '39', '1');
INSERT INTO `order_item` VALUES ('2153', '311', '元', '3.64', '1132.04', '39', '2');
INSERT INTO `order_item` VALUES ('2154', '1967', '元', '2.18', '4288.06', '39', '3');
INSERT INTO `order_item` VALUES ('2155', '1424', '元', '0.59', '840.16', '39', '4');
INSERT INTO `order_item` VALUES ('2156', '157', '元', '2.26', '354.82', '39', '5');
INSERT INTO `order_item` VALUES ('2157', '801', '元', '5.99', '4797.99', '39', '6');
INSERT INTO `order_item` VALUES ('2158', '2948', '元', '4.82', '14209.36', '39', '7');
INSERT INTO `order_item` VALUES ('2159', '2800', '元', '4.71', '13188', '39', '8');
INSERT INTO `order_item` VALUES ('2160', '4451', '元', '6.76', '30088.76', '39', '9');
INSERT INTO `order_item` VALUES ('2161', '4669', '元', '7.31', '34130.39', '39', '10');
INSERT INTO `order_item` VALUES ('2162', '834', '元', '1.49', '1242.66', '40', '1');
INSERT INTO `order_item` VALUES ('2163', '1413', '元', '3.03', '4281.39', '40', '2');
INSERT INTO `order_item` VALUES ('2164', '924', '元', '8.83', '8158.92', '40', '3');
INSERT INTO `order_item` VALUES ('2165', '2122', '元', '3.13', '6641.86', '40', '4');
INSERT INTO `order_item` VALUES ('2166', '4482', '元', '7.67', '34376.94', '40', '5');
INSERT INTO `order_item` VALUES ('2167', '3327', '元', '1.14', '3792.78', '40', '6');
INSERT INTO `order_item` VALUES ('2168', '903', '元', '7.72', '6971.16', '40', '7');
INSERT INTO `order_item` VALUES ('2169', '1677', '元', '5.27', '8837.79', '40', '8');
INSERT INTO `order_item` VALUES ('2170', '4315', '元', '5.23', '22567.45', '40', '9');
INSERT INTO `order_item` VALUES ('2171', '4458', '元', '7.55', '33657.9', '40', '10');
INSERT INTO `order_item` VALUES ('2172', '4479', '元', '8.72', '39056.88', '41', '1');
INSERT INTO `order_item` VALUES ('2173', '47', '元', '4.7', '220.9', '41', '2');
INSERT INTO `order_item` VALUES ('2174', '3277', '元', '0.18', '589.86', '41', '3');
INSERT INTO `order_item` VALUES ('2175', '4792', '元', '0.99', '4744.08', '41', '4');
INSERT INTO `order_item` VALUES ('2176', '3069', '元', '1.35', '4143.15', '41', '5');
INSERT INTO `order_item` VALUES ('2177', '4745', '元', '3.6', '17082', '41', '6');
INSERT INTO `order_item` VALUES ('2178', '471', '元', '3.42', '1610.82', '41', '7');
INSERT INTO `order_item` VALUES ('2179', '3935', '元', '1.23', '4840.05', '41', '8');
INSERT INTO `order_item` VALUES ('2180', '4647', '元', '0.65', '3020.55', '41', '9');
INSERT INTO `order_item` VALUES ('2181', '2151', '元', '3.67', '7894.17', '41', '10');
INSERT INTO `order_item` VALUES ('2182', '2238', '元', '6.73', '15061.74', '42', '1');
INSERT INTO `order_item` VALUES ('2183', '3434', '元', '8.91', '30596.94', '42', '2');
INSERT INTO `order_item` VALUES ('2184', '4373', '元', '8.97', '39225.81', '42', '3');
INSERT INTO `order_item` VALUES ('2185', '3344', '元', '9.14', '30564.16', '42', '4');
INSERT INTO `order_item` VALUES ('2186', '4317', '元', '6.92', '29873.64', '42', '5');
INSERT INTO `order_item` VALUES ('2187', '520', '元', '3.57', '1856.4', '42', '6');
INSERT INTO `order_item` VALUES ('2188', '699', '元', '3.46', '2418.54', '42', '7');
INSERT INTO `order_item` VALUES ('2189', '820', '元', '7.72', '6330.4', '42', '8');
INSERT INTO `order_item` VALUES ('2190', '4363', '元', '2.22', '9685.86', '42', '9');
INSERT INTO `order_item` VALUES ('2191', '1173', '元', '6.81', '7988.13', '42', '10');
INSERT INTO `order_item` VALUES ('2192', '2446', '元', '4.88', '11936.48', '43', '1');
INSERT INTO `order_item` VALUES ('2193', '3587', '元', '4.93', '17683.91', '43', '2');
INSERT INTO `order_item` VALUES ('2194', '1609', '元', '8.89', '14304.01', '43', '3');
INSERT INTO `order_item` VALUES ('2195', '4986', '元', '0.66', '3290.76', '43', '4');
INSERT INTO `order_item` VALUES ('2196', '1625', '元', '5.15', '8368.75', '43', '5');
INSERT INTO `order_item` VALUES ('2197', '2175', '元', '6.4', '13920', '43', '6');
INSERT INTO `order_item` VALUES ('2198', '4888', '元', '0.72', '3519.36', '43', '7');
INSERT INTO `order_item` VALUES ('2199', '606', '元', '9.2', '5575.2', '43', '8');
INSERT INTO `order_item` VALUES ('2200', '1997', '元', '7.11', '14198.67', '43', '9');
INSERT INTO `order_item` VALUES ('2201', '1379', '元', '5.23', '7212.17', '43', '10');
INSERT INTO `order_item` VALUES ('2202', '2630', '元', '4.12', '10835.6', '44', '1');
INSERT INTO `order_item` VALUES ('2203', '1959', '元', '4.07', '7973.13', '44', '2');
INSERT INTO `order_item` VALUES ('2204', '3658', '元', '2.33', '8523.14', '44', '3');
INSERT INTO `order_item` VALUES ('2205', '2932', '元', '0.42', '1231.44', '44', '4');
INSERT INTO `order_item` VALUES ('2206', '2402', '元', '0.81', '1945.62', '44', '5');
INSERT INTO `order_item` VALUES ('2207', '4693', '元', '4.85', '22761.05', '44', '6');
INSERT INTO `order_item` VALUES ('2208', '4170', '元', '0.35', '1459.5', '44', '7');
INSERT INTO `order_item` VALUES ('2209', '1187', '元', '2.25', '2670.75', '44', '8');
INSERT INTO `order_item` VALUES ('2210', '2392', '元', '9.57', '22891.44', '44', '9');
INSERT INTO `order_item` VALUES ('2211', '677', '元', '5.09', '3445.93', '44', '10');
INSERT INTO `order_item` VALUES ('2212', '1334', '元', '9.02', '12032.68', '45', '1');
INSERT INTO `order_item` VALUES ('2213', '2893', '元', '2.4', '6943.2', '45', '2');
INSERT INTO `order_item` VALUES ('2214', '119', '元', '2.63', '312.97', '45', '3');
INSERT INTO `order_item` VALUES ('2215', '1326', '元', '7.66', '10157.16', '45', '4');
INSERT INTO `order_item` VALUES ('2216', '1098', '元', '5.15', '5654.7', '45', '5');
INSERT INTO `order_item` VALUES ('2217', '3227', '元', '2.23', '7196.21', '45', '6');
INSERT INTO `order_item` VALUES ('2218', '2836', '元', '8.28', '23482.08', '45', '7');
INSERT INTO `order_item` VALUES ('2219', '2664', '元', '4.22', '11242.08', '45', '8');
INSERT INTO `order_item` VALUES ('2220', '2946', '元', '1.42', '4183.32', '45', '9');
INSERT INTO `order_item` VALUES ('2221', '4427', '元', '7.49', '33158.23', '45', '10');
INSERT INTO `order_item` VALUES ('2222', '4090', '元', '1.56', '6380.4', '46', '1');
INSERT INTO `order_item` VALUES ('2223', '4293', '元', '3.96', '17000.28', '46', '2');
INSERT INTO `order_item` VALUES ('2224', '4620', '元', '3.27', '15107.4', '46', '3');
INSERT INTO `order_item` VALUES ('2225', '2230', '元', '5.48', '12220.4', '46', '4');
INSERT INTO `order_item` VALUES ('2226', '4713', '元', '6.25', '29456.25', '46', '5');
INSERT INTO `order_item` VALUES ('2227', '1924', '元', '3.85', '7407.4', '46', '6');
INSERT INTO `order_item` VALUES ('2228', '4781', '元', '5.28', '25243.68', '46', '7');
INSERT INTO `order_item` VALUES ('2229', '3754', '元', '8.75', '32847.5', '46', '8');
INSERT INTO `order_item` VALUES ('2230', '4291', '元', '2.62', '11242.42', '46', '9');
INSERT INTO `order_item` VALUES ('2231', '2499', '元', '4.88', '12195.12', '46', '10');
INSERT INTO `order_item` VALUES ('2232', '226', '元', '8.38', '1893.88', '47', '1');
INSERT INTO `order_item` VALUES ('2233', '1487', '元', '1.83', '2721.21', '47', '2');
INSERT INTO `order_item` VALUES ('2234', '1302', '元', '2.06', '2682.12', '47', '3');
INSERT INTO `order_item` VALUES ('2235', '931', '元', '9.34', '8695.54', '47', '4');
INSERT INTO `order_item` VALUES ('2236', '3022', '元', '6.83', '20640.26', '47', '5');
INSERT INTO `order_item` VALUES ('2237', '603', '元', '0.56', '337.68', '47', '6');
INSERT INTO `order_item` VALUES ('2238', '3175', '元', '3.89', '12350.75', '47', '7');
INSERT INTO `order_item` VALUES ('2239', '3157', '元', '9.49', '29959.93', '47', '8');
INSERT INTO `order_item` VALUES ('2240', '1392', '元', '0.79', '1099.68', '47', '9');
INSERT INTO `order_item` VALUES ('2241', '1810', '元', '3.5', '6335', '47', '10');
INSERT INTO `order_item` VALUES ('2242', '4215', '元', '1.17', '4931.55', '48', '1');
INSERT INTO `order_item` VALUES ('2243', '760', '元', '0.7', '532', '48', '2');
INSERT INTO `order_item` VALUES ('2244', '3813', '元', '4.76', '18149.88', '48', '3');
INSERT INTO `order_item` VALUES ('2245', '2343', '元', '2.89', '6771.27', '48', '4');
INSERT INTO `order_item` VALUES ('2246', '1966', '元', '9.02', '17733.32', '48', '5');
INSERT INTO `order_item` VALUES ('2247', '3243', '元', '2.37', '7685.91', '48', '6');
INSERT INTO `order_item` VALUES ('2248', '4002', '元', '3.86', '15447.72', '48', '7');
INSERT INTO `order_item` VALUES ('2249', '2348', '元', '6.21', '14581.08', '48', '8');
INSERT INTO `order_item` VALUES ('2250', '2214', '元', '6.35', '14058.9', '48', '9');
INSERT INTO `order_item` VALUES ('2251', '4287', '元', '8.74', '37468.38', '48', '10');
INSERT INTO `order_item` VALUES ('2252', '3100', '元', '7.6', '23560', '49', '1');
INSERT INTO `order_item` VALUES ('2253', '4264', '元', '1.29', '5500.56', '49', '2');
INSERT INTO `order_item` VALUES ('2254', '4427', '元', '7.95', '35194.65', '49', '3');
INSERT INTO `order_item` VALUES ('2255', '3558', '元', '2.66', '9464.28', '49', '4');
INSERT INTO `order_item` VALUES ('2256', '479', '元', '3.7', '1772.3', '49', '5');
INSERT INTO `order_item` VALUES ('2257', '728', '元', '9.4', '6843.2', '49', '6');
INSERT INTO `order_item` VALUES ('2258', '2810', '元', '9.79', '27509.9', '49', '7');
INSERT INTO `order_item` VALUES ('2259', '2870', '元', '8.82', '25313.4', '49', '8');
INSERT INTO `order_item` VALUES ('2260', '1061', '元', '6.78', '7193.58', '49', '9');
INSERT INTO `order_item` VALUES ('2261', '1605', '元', '5.14', '8249.7', '49', '10');
INSERT INTO `order_item` VALUES ('2262', '4787', '元', '5.76', '27573.12', '50', '1');
INSERT INTO `order_item` VALUES ('2263', '2507', '元', '7.93', '19880.51', '50', '2');
INSERT INTO `order_item` VALUES ('2264', '4256', '元', '7.15', '30430.4', '50', '3');
INSERT INTO `order_item` VALUES ('2265', '705', '元', '3.59', '2530.95', '50', '4');
INSERT INTO `order_item` VALUES ('2266', '3049', '元', '6.09', '18568.41', '50', '5');
INSERT INTO `order_item` VALUES ('2267', '286', '元', '0.47', '134.42', '50', '6');
INSERT INTO `order_item` VALUES ('2268', '1045', '元', '3.53', '3688.85', '50', '7');
INSERT INTO `order_item` VALUES ('2269', '1601', '元', '3.88', '6211.88', '50', '8');
INSERT INTO `order_item` VALUES ('2270', '1926', '元', '2.86', '5508.36', '50', '9');
INSERT INTO `order_item` VALUES ('2271', '3271', '元', '7.7', '25186.7', '50', '10');
INSERT INTO `order_item` VALUES ('2272', '4596', '元', '3.98', '18292.08', '51', '1');
INSERT INTO `order_item` VALUES ('2273', '3078', '元', '1.11', '3416.58', '51', '2');
INSERT INTO `order_item` VALUES ('2274', '3232', '元', '5.29', '17097.28', '51', '3');
INSERT INTO `order_item` VALUES ('2275', '2339', '元', '0.41', '958.99', '51', '4');
INSERT INTO `order_item` VALUES ('2276', '1826', '元', '8.87', '16196.62', '51', '5');
INSERT INTO `order_item` VALUES ('2277', '4318', '元', '5.46', '23576.28', '51', '6');
INSERT INTO `order_item` VALUES ('2278', '1087', '元', '5.33', '5793.71', '51', '7');
INSERT INTO `order_item` VALUES ('2279', '175', '元', '6.4', '1120', '51', '8');
INSERT INTO `order_item` VALUES ('2280', '4301', '元', '2.69', '11569.69', '51', '9');
INSERT INTO `order_item` VALUES ('2281', '1820', '元', '7.03', '12794.6', '51', '10');
INSERT INTO `order_item` VALUES ('2282', '1068', '元', '8.1', '8650.8', '52', '1');
INSERT INTO `order_item` VALUES ('2283', '3237', '元', '4.41', '14275.17', '52', '2');
INSERT INTO `order_item` VALUES ('2284', '1202', '元', '3.31', '3978.62', '52', '3');
INSERT INTO `order_item` VALUES ('2285', '4044', '元', '8.09', '32715.96', '52', '4');
INSERT INTO `order_item` VALUES ('2286', '3656', '元', '0.94', '3436.64', '52', '5');
INSERT INTO `order_item` VALUES ('2287', '4465', '元', '7.93', '35407.45', '52', '6');
INSERT INTO `order_item` VALUES ('2288', '96', '元', '4.03', '386.88', '52', '7');
INSERT INTO `order_item` VALUES ('2289', '3307', '元', '8.66', '28638.62', '52', '8');
INSERT INTO `order_item` VALUES ('2290', '4696', '元', '1.38', '6480.48', '52', '9');
INSERT INTO `order_item` VALUES ('2291', '1161', '元', '0.46', '534.06', '52', '10');
INSERT INTO `order_item` VALUES ('2292', '45', '元', '8.08', '363.6', '53', '1');
INSERT INTO `order_item` VALUES ('2293', '3811', '元', '1.68', '6402.48', '53', '2');
INSERT INTO `order_item` VALUES ('2294', '925', '元', '2.58', '2386.5', '53', '3');
INSERT INTO `order_item` VALUES ('2295', '3958', '元', '1.84', '7282.72', '53', '4');
INSERT INTO `order_item` VALUES ('2296', '2638', '元', '8.58', '22634.04', '53', '5');
INSERT INTO `order_item` VALUES ('2297', '3628', '元', '2.75', '9977', '53', '6');
INSERT INTO `order_item` VALUES ('2298', '4017', '元', '2.83', '11368.11', '53', '7');
INSERT INTO `order_item` VALUES ('2299', '4436', '元', '7.48', '33181.28', '53', '8');
INSERT INTO `order_item` VALUES ('2300', '4987', '元', '8', '39896', '53', '9');
INSERT INTO `order_item` VALUES ('2301', '1899', '元', '7.33', '13919.67', '53', '10');
INSERT INTO `order_item` VALUES ('2302', '4864', '元', '7.01', '34096.64', '54', '1');
INSERT INTO `order_item` VALUES ('2303', '278', '元', '1.01', '280.78', '54', '2');
INSERT INTO `order_item` VALUES ('2304', '2780', '元', '4.64', '12899.2', '54', '3');
INSERT INTO `order_item` VALUES ('2305', '2676', '元', '2.5', '6690', '54', '4');
INSERT INTO `order_item` VALUES ('2306', '2558', '元', '1.16', '2967.28', '54', '5');
INSERT INTO `order_item` VALUES ('2307', '4128', '元', '3.65', '15067.2', '54', '6');
INSERT INTO `order_item` VALUES ('2308', '4887', '元', '8.27', '40415.49', '54', '7');
INSERT INTO `order_item` VALUES ('2309', '156', '元', '5.81', '906.36', '54', '8');
INSERT INTO `order_item` VALUES ('2310', '3749', '元', '9.98', '37415.02', '54', '9');
INSERT INTO `order_item` VALUES ('2311', '3001', '元', '7.8', '23407.8', '54', '10');
INSERT INTO `order_item` VALUES ('2312', '2404', '元', '8.56', '20578.24', '55', '1');
INSERT INTO `order_item` VALUES ('2313', '2037', '元', '8.61', '17538.57', '55', '2');
INSERT INTO `order_item` VALUES ('2314', '476', '元', '1.58', '752.08', '55', '3');
INSERT INTO `order_item` VALUES ('2315', '4578', '元', '2.96', '13550.88', '55', '4');
INSERT INTO `order_item` VALUES ('2316', '4282', '元', '4.16', '17813.12', '55', '5');
INSERT INTO `order_item` VALUES ('2317', '2984', '元', '7.39', '22051.76', '55', '6');
INSERT INTO `order_item` VALUES ('2318', '2064', '元', '7.84', '16181.76', '55', '7');
INSERT INTO `order_item` VALUES ('2319', '4058', '元', '9.04', '36684.32', '55', '8');
INSERT INTO `order_item` VALUES ('2320', '75', '元', '3.45', '258.75', '55', '9');
INSERT INTO `order_item` VALUES ('2321', '3338', '元', '4.64', '15488.32', '55', '10');
INSERT INTO `order_item` VALUES ('2322', '1321', '元', '5.11', '6750.31', '56', '1');
INSERT INTO `order_item` VALUES ('2323', '1244', '元', '3.41', '4242.04', '56', '2');
INSERT INTO `order_item` VALUES ('2324', '1809', '元', '0.32', '578.88', '56', '3');
INSERT INTO `order_item` VALUES ('2325', '3725', '元', '2.16', '8046', '56', '4');
INSERT INTO `order_item` VALUES ('2326', '2739', '元', '8.23', '22541.97', '56', '5');
INSERT INTO `order_item` VALUES ('2327', '2066', '元', '4.21', '8697.86', '56', '6');
INSERT INTO `order_item` VALUES ('2328', '1424', '元', '1.21', '1723.04', '56', '7');
INSERT INTO `order_item` VALUES ('2329', '2566', '元', '8.68', '22272.88', '56', '8');
INSERT INTO `order_item` VALUES ('2330', '4959', '元', '9.78', '48499.02', '56', '9');
INSERT INTO `order_item` VALUES ('2331', '3203', '元', '3.25', '10409.75', '56', '10');
INSERT INTO `order_item` VALUES ('2332', '278', '元', '9.86', '2741.08', '57', '1');
INSERT INTO `order_item` VALUES ('2333', '3894', '元', '9.76', '38005.44', '57', '2');
INSERT INTO `order_item` VALUES ('2334', '2087', '元', '7.37', '15381.19', '57', '3');
INSERT INTO `order_item` VALUES ('2335', '625', '元', '9.32', '5825', '57', '4');
INSERT INTO `order_item` VALUES ('2336', '4869', '元', '7.39', '35981.91', '57', '5');
INSERT INTO `order_item` VALUES ('2337', '910', '元', '7.59', '6906.9', '57', '6');
INSERT INTO `order_item` VALUES ('2338', '3336', '元', '0.4', '1334.4', '57', '7');
INSERT INTO `order_item` VALUES ('2339', '1012', '元', '0.76', '769.12', '57', '8');
INSERT INTO `order_item` VALUES ('2340', '1123', '元', '4.23', '4750.29', '57', '9');
INSERT INTO `order_item` VALUES ('2341', '143', '元', '1.46', '208.78', '57', '10');
INSERT INTO `order_item` VALUES ('2342', '4901', '元', '4.19', '20535.19', '58', '1');
INSERT INTO `order_item` VALUES ('2343', '2889', '元', '6.95', '20078.55', '58', '2');
INSERT INTO `order_item` VALUES ('2344', '1740', '元', '3.99', '6942.6', '58', '3');
INSERT INTO `order_item` VALUES ('2345', '4564', '元', '4.89', '22317.96', '58', '4');
INSERT INTO `order_item` VALUES ('2346', '4485', '元', '1.3', '5830.5', '58', '5');
INSERT INTO `order_item` VALUES ('2347', '1647', '元', '8.55', '14081.85', '58', '6');
INSERT INTO `order_item` VALUES ('2348', '4240', '元', '9.47', '40152.8', '58', '7');
INSERT INTO `order_item` VALUES ('2349', '739', '元', '2.79', '2061.81', '58', '8');
INSERT INTO `order_item` VALUES ('2350', '3707', '元', '9.29', '34438.03', '58', '9');
INSERT INTO `order_item` VALUES ('2351', '4690', '元', '1.73', '8113.7', '58', '10');
INSERT INTO `order_item` VALUES ('2352', '1135', '元', '2.35', '2667.25', '59', '1');
INSERT INTO `order_item` VALUES ('2353', '3413', '元', '6.37', '21740.81', '59', '2');
INSERT INTO `order_item` VALUES ('2354', '2003', '元', '1.2', '2403.6', '59', '3');
INSERT INTO `order_item` VALUES ('2355', '2737', '元', '2.3', '6295.1', '59', '4');
INSERT INTO `order_item` VALUES ('2356', '2826', '元', '8.47', '23936.22', '59', '5');
INSERT INTO `order_item` VALUES ('2357', '1316', '元', '8.09', '10646.44', '59', '6');
INSERT INTO `order_item` VALUES ('2358', '4441', '元', '1.66', '7372.06', '59', '7');
INSERT INTO `order_item` VALUES ('2359', '2820', '元', '5.27', '14861.4', '59', '8');
INSERT INTO `order_item` VALUES ('2360', '4021', '元', '2.54', '10213.34', '59', '9');
INSERT INTO `order_item` VALUES ('2361', '3458', '元', '0.22', '760.76', '59', '10');
INSERT INTO `order_item` VALUES ('2362', '1600', '元', '6.92', '11072', '60', '1');
INSERT INTO `order_item` VALUES ('2363', '2328', '元', '4.26', '9917.28', '60', '2');
INSERT INTO `order_item` VALUES ('2364', '2062', '元', '9.01', '18578.62', '60', '3');
INSERT INTO `order_item` VALUES ('2365', '3661', '元', '0.96', '3514.56', '60', '4');
INSERT INTO `order_item` VALUES ('2366', '1137', '元', '9.05', '10289.85', '60', '5');
INSERT INTO `order_item` VALUES ('2367', '4219', '元', '0.34', '1434.46', '60', '6');
INSERT INTO `order_item` VALUES ('2368', '3860', '元', '0.14', '540.4', '60', '7');
INSERT INTO `order_item` VALUES ('2369', '490', '元', '1.04', '509.6', '60', '8');
INSERT INTO `order_item` VALUES ('2370', '863', '元', '5.67', '4893.21', '60', '9');
INSERT INTO `order_item` VALUES ('2371', '4837', '元', '8.47', '40969.39', '60', '10');
INSERT INTO `order_item` VALUES ('2372', '3698', '元', '2.19', '8098.62', '61', '1');
INSERT INTO `order_item` VALUES ('2373', '4772', '元', '0.12', '572.64', '61', '2');
INSERT INTO `order_item` VALUES ('2374', '4416', '元', '7.42', '32766.72', '61', '3');
INSERT INTO `order_item` VALUES ('2375', '2496', '元', '1.56', '3893.76', '61', '4');
INSERT INTO `order_item` VALUES ('2376', '3271', '元', '3.22', '10532.62', '61', '5');
INSERT INTO `order_item` VALUES ('2377', '1023', '元', '4.04', '4132.92', '61', '6');
INSERT INTO `order_item` VALUES ('2378', '498', '元', '7.31', '3640.38', '61', '7');
INSERT INTO `order_item` VALUES ('2379', '4578', '元', '3.05', '13962.9', '61', '8');
INSERT INTO `order_item` VALUES ('2380', '2553', '元', '3.34', '8527.02', '61', '9');
INSERT INTO `order_item` VALUES ('2381', '1671', '元', '1.09', '1821.39', '61', '10');
INSERT INTO `order_item` VALUES ('2382', '4044', '元', '0.48', '1941.12', '62', '1');
INSERT INTO `order_item` VALUES ('2383', '4011', '元', '3.47', '13918.17', '62', '2');
INSERT INTO `order_item` VALUES ('2384', '1482', '元', '9.36', '13871.52', '62', '3');
INSERT INTO `order_item` VALUES ('2385', '2858', '元', '1.53', '4372.74', '62', '4');
INSERT INTO `order_item` VALUES ('2386', '652', '元', '1.67', '1088.84', '62', '5');
INSERT INTO `order_item` VALUES ('2387', '3053', '元', '9.06', '27660.18', '62', '6');
INSERT INTO `order_item` VALUES ('2388', '3560', '元', '7.01', '24955.6', '62', '7');
INSERT INTO `order_item` VALUES ('2389', '3202', '元', '8.93', '28593.86', '62', '8');
INSERT INTO `order_item` VALUES ('2390', '1237', '元', '8.52', '10539.24', '62', '9');
INSERT INTO `order_item` VALUES ('2391', '2624', '元', '0.05', '131.2', '62', '10');
INSERT INTO `order_item` VALUES ('2392', '4945', '元', '3.98', '19681.1', '63', '1');
INSERT INTO `order_item` VALUES ('2393', '4654', '元', '1.38', '6422.52', '63', '2');
INSERT INTO `order_item` VALUES ('2394', '303', '元', '5.33', '1614.99', '63', '3');
INSERT INTO `order_item` VALUES ('2395', '4026', '元', '2.97', '11957.22', '63', '4');
INSERT INTO `order_item` VALUES ('2396', '2637', '元', '3.64', '9598.68', '63', '5');
INSERT INTO `order_item` VALUES ('2397', '1871', '元', '3.39', '6342.69', '63', '6');
INSERT INTO `order_item` VALUES ('2398', '4988', '元', '2.51', '12519.88', '63', '7');
INSERT INTO `order_item` VALUES ('2399', '1550', '元', '7.34', '11377', '63', '8');
INSERT INTO `order_item` VALUES ('2400', '3573', '元', '1.89', '6752.97', '63', '9');
INSERT INTO `order_item` VALUES ('2401', '4926', '元', '8.68', '42757.68', '63', '10');
INSERT INTO `order_item` VALUES ('2402', '3612', '元', '5.52', '19938.24', '64', '1');
INSERT INTO `order_item` VALUES ('2403', '2748', '元', '0.48', '1319.04', '64', '2');
INSERT INTO `order_item` VALUES ('2404', '4150', '元', '2.57', '10665.5', '64', '3');
INSERT INTO `order_item` VALUES ('2405', '4099', '元', '2.37', '9714.63', '64', '4');
INSERT INTO `order_item` VALUES ('2406', '775', '元', '3.86', '2991.5', '64', '5');
INSERT INTO `order_item` VALUES ('2407', '2575', '元', '9.63', '24797.25', '64', '6');
INSERT INTO `order_item` VALUES ('2408', '535', '元', '1.96', '1048.6', '64', '7');
INSERT INTO `order_item` VALUES ('2409', '4843', '元', '6.36', '30801.48', '64', '8');
INSERT INTO `order_item` VALUES ('2410', '1412', '元', '9.39', '13258.68', '64', '9');
INSERT INTO `order_item` VALUES ('2411', '2250', '元', '4.01', '9022.5', '64', '10');
INSERT INTO `order_item` VALUES ('2412', '4737', '元', '9.76', '46233.12', '65', '1');
INSERT INTO `order_item` VALUES ('2413', '3880', '元', '9.37', '36355.6', '65', '2');
INSERT INTO `order_item` VALUES ('2414', '3024', '元', '7.7', '23284.8', '65', '3');
INSERT INTO `order_item` VALUES ('2415', '1282', '元', '4.27', '5474.14', '65', '4');
INSERT INTO `order_item` VALUES ('2416', '1718', '元', '10', '17180', '65', '5');
INSERT INTO `order_item` VALUES ('2417', '2133', '元', '3.85', '8212.05', '65', '6');
INSERT INTO `order_item` VALUES ('2418', '2757', '元', '4.32', '11910.24', '65', '7');
INSERT INTO `order_item` VALUES ('2419', '1345', '元', '1.39', '1869.55', '65', '8');
INSERT INTO `order_item` VALUES ('2420', '528', '元', '1.99', '1050.72', '65', '9');
INSERT INTO `order_item` VALUES ('2421', '754', '元', '4.94', '3724.76', '65', '10');
INSERT INTO `order_item` VALUES ('2422', '788', '元', '2.41', '1899.08', '66', '1');
INSERT INTO `order_item` VALUES ('2423', '3761', '元', '6.71', '25236.31', '66', '2');
INSERT INTO `order_item` VALUES ('2424', '4488', '元', '1.46', '6552.48', '66', '3');
INSERT INTO `order_item` VALUES ('2425', '3891', '元', '3.05', '11867.55', '66', '4');
INSERT INTO `order_item` VALUES ('2426', '4526', '元', '2.19', '9911.94', '66', '5');
INSERT INTO `order_item` VALUES ('2427', '2192', '元', '6.02', '13195.84', '66', '6');
INSERT INTO `order_item` VALUES ('2428', '88', '元', '2.58', '227.04', '66', '7');
INSERT INTO `order_item` VALUES ('2429', '4781', '元', '1.28', '6119.68', '66', '8');
INSERT INTO `order_item` VALUES ('2430', '3409', '元', '6.48', '22090.32', '66', '9');
INSERT INTO `order_item` VALUES ('2431', '2967', '元', '2.66', '7892.22', '66', '10');
INSERT INTO `order_item` VALUES ('2432', '4449', '元', '2.38', '10588.62', '67', '1');
INSERT INTO `order_item` VALUES ('2433', '1137', '元', '4.45', '5059.65', '67', '2');
INSERT INTO `order_item` VALUES ('2434', '3641', '元', '2.63', '9575.83', '67', '3');
INSERT INTO `order_item` VALUES ('2435', '513', '元', '0.58', '297.54', '67', '4');
INSERT INTO `order_item` VALUES ('2436', '3378', '元', '2.04', '6891.12', '67', '5');
INSERT INTO `order_item` VALUES ('2437', '4334', '元', '1.31', '5677.54', '67', '6');
INSERT INTO `order_item` VALUES ('2438', '892', '元', '0.62', '553.04', '67', '7');
INSERT INTO `order_item` VALUES ('2439', '1515', '元', '4.81', '7287.15', '67', '8');
INSERT INTO `order_item` VALUES ('2440', '1007', '元', '8.1', '8156.7', '67', '9');
INSERT INTO `order_item` VALUES ('2441', '147', '元', '6.42', '943.74', '67', '10');
INSERT INTO `order_item` VALUES ('2442', '395', '元', '5.04', '1990.8', '68', '1');
INSERT INTO `order_item` VALUES ('2443', '3981', '元', '8.85', '35231.85', '68', '2');
INSERT INTO `order_item` VALUES ('2444', '3432', '元', '9.32', '31986.24', '68', '3');
INSERT INTO `order_item` VALUES ('2445', '728', '元', '8.55', '6224.4', '68', '4');
INSERT INTO `order_item` VALUES ('2446', '13', '元', '8.57', '111.41', '68', '5');
INSERT INTO `order_item` VALUES ('2447', '1753', '元', '7.55', '13235.15', '68', '6');
INSERT INTO `order_item` VALUES ('2448', '3784', '元', '5.5', '20812', '68', '7');
INSERT INTO `order_item` VALUES ('2449', '4427', '元', '1.24', '5489.48', '68', '8');
INSERT INTO `order_item` VALUES ('2450', '3501', '元', '6.5', '22756.5', '68', '9');
INSERT INTO `order_item` VALUES ('2451', '4232', '元', '3.21', '13584.72', '68', '10');
INSERT INTO `order_item` VALUES ('2452', '4665', '元', '9.62', '44877.3', '69', '1');
INSERT INTO `order_item` VALUES ('2453', '548', '元', '8.19', '4488.12', '69', '2');
INSERT INTO `order_item` VALUES ('2454', '4517', '元', '5.04', '22765.68', '69', '3');
INSERT INTO `order_item` VALUES ('2455', '3784', '元', '5.5', '20812', '69', '4');
INSERT INTO `order_item` VALUES ('2456', '3198', '元', '8.38', '26799.24', '69', '5');
INSERT INTO `order_item` VALUES ('2457', '450', '元', '1.2', '540', '69', '6');
INSERT INTO `order_item` VALUES ('2458', '299', '元', '7.72', '2308.28', '69', '7');
INSERT INTO `order_item` VALUES ('2459', '1480', '元', '7.08', '10478.4', '69', '8');
INSERT INTO `order_item` VALUES ('2460', '3182', '元', '3.5', '11137', '69', '9');
INSERT INTO `order_item` VALUES ('2461', '3200', '元', '5.3', '16960', '69', '10');
INSERT INTO `order_item` VALUES ('2462', '1635', '元', '0.68', '1111.8', '70', '1');
INSERT INTO `order_item` VALUES ('2463', '3420', '元', '1.45', '4959', '70', '2');
INSERT INTO `order_item` VALUES ('2464', '2352', '元', '2.19', '5150.88', '70', '3');
INSERT INTO `order_item` VALUES ('2465', '279', '元', '2.37', '661.23', '70', '4');
INSERT INTO `order_item` VALUES ('2466', '1436', '元', '5.23', '7510.28', '70', '5');
INSERT INTO `order_item` VALUES ('2467', '304', '元', '7.93', '2410.72', '70', '6');
INSERT INTO `order_item` VALUES ('2468', '345', '元', '4.74', '1635.3', '70', '7');
INSERT INTO `order_item` VALUES ('2469', '3853', '元', '8.49', '32711.97', '70', '8');
INSERT INTO `order_item` VALUES ('2470', '2672', '元', '0.97', '2591.84', '70', '9');
INSERT INTO `order_item` VALUES ('2471', '4510', '元', '7.61', '34321.1', '70', '10');
INSERT INTO `order_item` VALUES ('2472', '4385', '元', '8.96', '39289.6', '71', '1');
INSERT INTO `order_item` VALUES ('2473', '4832', '元', '9.83', '47498.56', '71', '2');
INSERT INTO `order_item` VALUES ('2474', '2784', '元', '2.48', '6904.32', '71', '3');
INSERT INTO `order_item` VALUES ('2475', '3088', '元', '7.82', '24148.16', '71', '4');
INSERT INTO `order_item` VALUES ('2476', '299', '元', '2', '598', '71', '5');
INSERT INTO `order_item` VALUES ('2477', '3273', '元', '5', '16365', '71', '6');
INSERT INTO `order_item` VALUES ('2478', '3808', '元', '4.57', '17402.56', '71', '7');
INSERT INTO `order_item` VALUES ('2479', '2662', '元', '2.48', '6601.76', '71', '8');
INSERT INTO `order_item` VALUES ('2480', '1409', '元', '9.27', '13061.43', '71', '9');
INSERT INTO `order_item` VALUES ('2481', '2678', '元', '4.29', '11488.62', '71', '10');
INSERT INTO `order_item` VALUES ('2482', '1949', '元', '5.25', '10232.25', '72', '1');
INSERT INTO `order_item` VALUES ('2483', '1787', '元', '6.35', '11347.45', '72', '2');
INSERT INTO `order_item` VALUES ('2484', '3244', '元', '6.25', '20275', '72', '3');
INSERT INTO `order_item` VALUES ('2485', '2595', '元', '9.11', '23640.45', '72', '4');
INSERT INTO `order_item` VALUES ('2486', '1719', '元', '8.76', '15058.44', '72', '5');
INSERT INTO `order_item` VALUES ('2487', '3404', '元', '0.96', '3267.84', '72', '6');
INSERT INTO `order_item` VALUES ('2488', '2589', '元', '1.3', '3365.7', '72', '7');
INSERT INTO `order_item` VALUES ('2489', '3680', '元', '9.86', '36284.8', '72', '8');
INSERT INTO `order_item` VALUES ('2490', '3487', '元', '2.56', '8926.72', '72', '9');
INSERT INTO `order_item` VALUES ('2491', '2760', '元', '4.45', '12282', '72', '10');
INSERT INTO `order_item` VALUES ('2492', '2080', '元', '9.4', '19552', '73', '1');
INSERT INTO `order_item` VALUES ('2493', '2646', '元', '0.69', '1825.74', '73', '2');
INSERT INTO `order_item` VALUES ('2494', '2546', '元', '3.17', '8070.82', '73', '3');
INSERT INTO `order_item` VALUES ('2495', '2648', '元', '8.34', '22084.32', '73', '4');
INSERT INTO `order_item` VALUES ('2496', '458', '元', '3.69', '1690.02', '73', '5');
INSERT INTO `order_item` VALUES ('2497', '737', '元', '5.19', '3825.03', '73', '6');
INSERT INTO `order_item` VALUES ('2498', '599', '元', '9.05', '5420.95', '73', '7');
INSERT INTO `order_item` VALUES ('2499', '2002', '元', '3.92', '7847.84', '73', '8');
INSERT INTO `order_item` VALUES ('2500', '1285', '元', '1.96', '2518.6', '73', '9');
INSERT INTO `order_item` VALUES ('2501', '1873', '元', '1.82', '3408.86', '73', '10');
INSERT INTO `order_item` VALUES ('2502', '377', '元', '4.2', '1583.4', '74', '1');
INSERT INTO `order_item` VALUES ('2503', '147', '元', '9.11', '1339.17', '74', '2');
INSERT INTO `order_item` VALUES ('2504', '4367', '元', '6.58', '28734.86', '74', '3');
INSERT INTO `order_item` VALUES ('2505', '1190', '元', '6.25', '7437.5', '74', '4');
INSERT INTO `order_item` VALUES ('2506', '2034', '元', '6.5', '13221', '74', '5');
INSERT INTO `order_item` VALUES ('2507', '1306', '元', '4.1', '5354.6', '74', '6');
INSERT INTO `order_item` VALUES ('2508', '398', '元', '7.54', '3000.92', '74', '7');
INSERT INTO `order_item` VALUES ('2509', '1168', '元', '8.63', '10079.84', '74', '8');
INSERT INTO `order_item` VALUES ('2510', '4582', '元', '8.21', '37618.22', '74', '9');
INSERT INTO `order_item` VALUES ('2511', '611', '元', '5.42', '3311.62', '74', '10');
INSERT INTO `order_item` VALUES ('2512', '248', '元', '0.49', '121.52', '75', '1');
INSERT INTO `order_item` VALUES ('2513', '1656', '元', '4.58', '7584.48', '75', '2');
INSERT INTO `order_item` VALUES ('2514', '2785', '元', '4.12', '11474.2', '75', '3');
INSERT INTO `order_item` VALUES ('2515', '2751', '元', '5.21', '14332.71', '75', '4');
INSERT INTO `order_item` VALUES ('2516', '1969', '元', '4.9', '9648.1', '75', '5');
INSERT INTO `order_item` VALUES ('2517', '4681', '元', '0.25', '1170.25', '75', '6');
INSERT INTO `order_item` VALUES ('2518', '2952', '元', '8.86', '26154.72', '75', '7');
INSERT INTO `order_item` VALUES ('2519', '733', '元', '7.71', '5651.43', '75', '8');
INSERT INTO `order_item` VALUES ('2520', '3963', '元', '5.94', '23540.22', '75', '9');
INSERT INTO `order_item` VALUES ('2521', '382', '元', '2.72', '1039.04', '75', '10');
INSERT INTO `order_item` VALUES ('2522', '4481', '元', '0.03', '134.43', '76', '1');
INSERT INTO `order_item` VALUES ('2523', '132', '元', '8.36', '1103.52', '76', '2');
INSERT INTO `order_item` VALUES ('2524', '291', '元', '1.99', '579.09', '76', '3');
INSERT INTO `order_item` VALUES ('2525', '925', '元', '1.98', '1831.5', '76', '4');
INSERT INTO `order_item` VALUES ('2526', '4586', '元', '1.6', '7337.6', '76', '5');
INSERT INTO `order_item` VALUES ('2527', '1541', '元', '3.23', '4977.43', '76', '6');
INSERT INTO `order_item` VALUES ('2528', '4143', '元', '7.44', '30823.92', '76', '7');
INSERT INTO `order_item` VALUES ('2529', '1528', '元', '3', '4584', '76', '8');
INSERT INTO `order_item` VALUES ('2530', '381', '元', '2.22', '845.82', '76', '9');
INSERT INTO `order_item` VALUES ('2531', '1257', '元', '5.12', '6435.84', '76', '10');
INSERT INTO `order_item` VALUES ('2532', '3811', '元', '2.78', '10594.58', '77', '1');
INSERT INTO `order_item` VALUES ('2533', '389', '元', '5.76', '2240.64', '77', '2');
INSERT INTO `order_item` VALUES ('2534', '1317', '元', '6.61', '8705.37', '77', '3');
INSERT INTO `order_item` VALUES ('2535', '1513', '元', '4.54', '6869.02', '77', '4');
INSERT INTO `order_item` VALUES ('2536', '1189', '元', '3.51', '4173.39', '77', '5');
INSERT INTO `order_item` VALUES ('2537', '432', '元', '7.01', '3028.32', '77', '6');
INSERT INTO `order_item` VALUES ('2538', '4431', '元', '3.33', '14755.23', '77', '7');
INSERT INTO `order_item` VALUES ('2539', '3522', '元', '1.68', '5916.96', '77', '8');
INSERT INTO `order_item` VALUES ('2540', '2465', '元', '9.89', '24378.85', '77', '9');
INSERT INTO `order_item` VALUES ('2541', '1934', '元', '1', '1934', '77', '10');
INSERT INTO `order_item` VALUES ('2542', '2623', '元', '5.53', '14505.19', '78', '1');
INSERT INTO `order_item` VALUES ('2543', '4229', '元', '0.84', '3552.36', '78', '2');
INSERT INTO `order_item` VALUES ('2544', '2033', '元', '8.37', '17016.21', '78', '3');
INSERT INTO `order_item` VALUES ('2545', '4869', '元', '5.26', '25610.94', '78', '4');
INSERT INTO `order_item` VALUES ('2546', '547', '元', '9.41', '5147.27', '78', '5');
INSERT INTO `order_item` VALUES ('2547', '4897', '元', '5.63', '27570.11', '78', '6');
INSERT INTO `order_item` VALUES ('2548', '2378', '元', '6.07', '14434.46', '78', '7');
INSERT INTO `order_item` VALUES ('2549', '138', '元', '7.68', '1059.84', '78', '8');
INSERT INTO `order_item` VALUES ('2550', '1608', '元', '0.37', '594.96', '78', '9');
INSERT INTO `order_item` VALUES ('2551', '3054', '元', '4.4', '13437.6', '78', '10');
INSERT INTO `order_item` VALUES ('2552', '1129', '元', '9.85', '11120.65', '79', '1');
INSERT INTO `order_item` VALUES ('2553', '1824', '元', '2.56', '4669.44', '79', '2');
INSERT INTO `order_item` VALUES ('2554', '1829', '元', '3.87', '7078.23', '79', '3');
INSERT INTO `order_item` VALUES ('2555', '4624', '元', '2.09', '9664.16', '79', '4');
INSERT INTO `order_item` VALUES ('2556', '431', '元', '1.33', '573.23', '79', '5');
INSERT INTO `order_item` VALUES ('2557', '1621', '元', '9.03', '14637.63', '79', '6');
INSERT INTO `order_item` VALUES ('2558', '2317', '元', '7.01', '16242.17', '79', '7');
INSERT INTO `order_item` VALUES ('2559', '220', '元', '2.99', '657.8', '79', '8');
INSERT INTO `order_item` VALUES ('2560', '3645', '元', '4.4', '16038', '79', '9');
INSERT INTO `order_item` VALUES ('2561', '4844', '元', '1.43', '6926.92', '79', '10');
INSERT INTO `order_item` VALUES ('2562', '1754', '元', '8.85', '15522.9', '80', '1');
INSERT INTO `order_item` VALUES ('2563', '3088', '元', '7.83', '24179.04', '80', '2');
INSERT INTO `order_item` VALUES ('2564', '4059', '元', '5.13', '20822.67', '80', '3');
INSERT INTO `order_item` VALUES ('2565', '471', '元', '0.47', '221.37', '80', '4');
INSERT INTO `order_item` VALUES ('2566', '4532', '元', '8.13', '36845.16', '80', '5');
INSERT INTO `order_item` VALUES ('2567', '3030', '元', '7.24', '21937.2', '80', '6');
INSERT INTO `order_item` VALUES ('2568', '2643', '元', '5.58', '14747.94', '80', '7');
INSERT INTO `order_item` VALUES ('2569', '3727', '元', '4.09', '15243.43', '80', '8');
INSERT INTO `order_item` VALUES ('2570', '121', '元', '7.3', '883.3', '80', '9');
INSERT INTO `order_item` VALUES ('2571', '1088', '元', '5.49', '5973.12', '80', '10');
INSERT INTO `order_item` VALUES ('2572', '3729', '元', '3.24', '12081.96', '81', '1');
INSERT INTO `order_item` VALUES ('2573', '4530', '元', '1.91', '8652.3', '81', '2');
INSERT INTO `order_item` VALUES ('2574', '4042', '元', '1.31', '5295.02', '81', '3');
INSERT INTO `order_item` VALUES ('2575', '3826', '元', '9.3', '35581.8', '81', '4');
INSERT INTO `order_item` VALUES ('2576', '1276', '元', '3.54', '4517.04', '81', '5');
INSERT INTO `order_item` VALUES ('2577', '3580', '元', '0.55', '1969', '81', '6');
INSERT INTO `order_item` VALUES ('2578', '3129', '元', '0.13', '406.77', '81', '7');
INSERT INTO `order_item` VALUES ('2579', '1849', '元', '1.72', '3180.28', '81', '8');
INSERT INTO `order_item` VALUES ('2580', '4072', '元', '7.28', '29644.16', '81', '9');
INSERT INTO `order_item` VALUES ('2581', '777', '元', '6.43', '4996.11', '81', '10');
INSERT INTO `order_item` VALUES ('2582', '108', '元', '9.6', '1036.8', '82', '1');
INSERT INTO `order_item` VALUES ('2583', '2792', '元', '7.37', '20577.04', '82', '2');
INSERT INTO `order_item` VALUES ('2584', '2023', '元', '9.48', '19178.04', '82', '3');
INSERT INTO `order_item` VALUES ('2585', '1526', '元', '5.16', '7874.16', '82', '4');
INSERT INTO `order_item` VALUES ('2586', '459', '元', '2.88', '1321.92', '82', '5');
INSERT INTO `order_item` VALUES ('2587', '4626', '元', '9.59', '44363.34', '82', '6');
INSERT INTO `order_item` VALUES ('2588', '387', '元', '4.4', '1702.8', '82', '7');
INSERT INTO `order_item` VALUES ('2589', '2679', '元', '0.87', '2330.73', '82', '8');
INSERT INTO `order_item` VALUES ('2590', '1180', '元', '3.58', '4224.4', '82', '9');
INSERT INTO `order_item` VALUES ('2591', '3880', '元', '7.38', '28634.4', '82', '10');
INSERT INTO `order_item` VALUES ('2592', '4323', '元', '8.58', '37091.34', '83', '1');
INSERT INTO `order_item` VALUES ('2593', '1438', '元', '9.96', '14322.48', '83', '2');
INSERT INTO `order_item` VALUES ('2594', '4097', '元', '0.61', '2499.17', '83', '3');
INSERT INTO `order_item` VALUES ('2595', '478', '元', '0.72', '344.16', '83', '4');
INSERT INTO `order_item` VALUES ('2596', '1187', '元', '2.88', '3418.56', '83', '5');
INSERT INTO `order_item` VALUES ('2597', '3445', '元', '0.27', '930.15', '83', '6');
INSERT INTO `order_item` VALUES ('2598', '2746', '元', '0.01', '27.46', '83', '7');
INSERT INTO `order_item` VALUES ('2599', '2767', '元', '7.57', '20946.19', '83', '8');
INSERT INTO `order_item` VALUES ('2600', '2159', '元', '9.29', '20057.11', '83', '9');
INSERT INTO `order_item` VALUES ('2601', '1216', '元', '0.56', '680.96', '83', '10');
INSERT INTO `order_item` VALUES ('2602', '802', '元', '8.61', '6905.22', '84', '1');
INSERT INTO `order_item` VALUES ('2603', '995', '元', '2.14', '2129.3', '84', '2');
INSERT INTO `order_item` VALUES ('2604', '4606', '元', '9.16', '42190.96', '84', '3');
INSERT INTO `order_item` VALUES ('2605', '2456', '元', '2.99', '7343.44', '84', '4');
INSERT INTO `order_item` VALUES ('2606', '4694', '元', '3.51', '16475.94', '84', '5');
INSERT INTO `order_item` VALUES ('2607', '2160', '元', '9.03', '19504.8', '84', '6');
INSERT INTO `order_item` VALUES ('2608', '2027', '元', '7.06', '14310.62', '84', '7');
INSERT INTO `order_item` VALUES ('2609', '2483', '元', '8.43', '20931.69', '84', '8');
INSERT INTO `order_item` VALUES ('2610', '1788', '元', '9.28', '16592.64', '84', '9');
INSERT INTO `order_item` VALUES ('2611', '2097', '元', '7.98', '16734.06', '84', '10');
INSERT INTO `order_item` VALUES ('2612', '2570', '元', '2.73', '7016.1', '85', '1');
INSERT INTO `order_item` VALUES ('2613', '2802', '元', '8.62', '24153.24', '85', '2');
INSERT INTO `order_item` VALUES ('2614', '557', '元', '1.11', '618.27', '85', '3');
INSERT INTO `order_item` VALUES ('2615', '3866', '元', '0.43', '1662.38', '85', '4');
INSERT INTO `order_item` VALUES ('2616', '4289', '元', '4.94', '21187.66', '85', '5');
INSERT INTO `order_item` VALUES ('2617', '2930', '元', '9.13', '26750.9', '85', '6');
INSERT INTO `order_item` VALUES ('2618', '239', '元', '5.97', '1426.83', '85', '7');
INSERT INTO `order_item` VALUES ('2619', '3794', '元', '9.13', '34639.22', '85', '8');
INSERT INTO `order_item` VALUES ('2620', '3848', '元', '5.89', '22664.72', '85', '9');
INSERT INTO `order_item` VALUES ('2621', '3701', '元', '7.67', '28386.67', '85', '10');
INSERT INTO `order_item` VALUES ('2622', '143', '元', '6.88', '983.84', '86', '1');
INSERT INTO `order_item` VALUES ('2623', '3771', '元', '9.77', '36842.67', '86', '2');
INSERT INTO `order_item` VALUES ('2624', '1688', '元', '1.66', '2802.08', '86', '3');
INSERT INTO `order_item` VALUES ('2625', '3296', '元', '2.74', '9031.04', '86', '4');
INSERT INTO `order_item` VALUES ('2626', '1244', '元', '9.81', '12203.64', '86', '5');
INSERT INTO `order_item` VALUES ('2627', '3134', '元', '0.07', '219.38', '86', '6');
INSERT INTO `order_item` VALUES ('2628', '4747', '元', '4.33', '20554.51', '86', '7');
INSERT INTO `order_item` VALUES ('2629', '4834', '元', '4.08', '19722.72', '86', '8');
INSERT INTO `order_item` VALUES ('2630', '1615', '元', '7.14', '11531.1', '86', '9');
INSERT INTO `order_item` VALUES ('2631', '2773', '元', '2.25', '6239.25', '86', '10');
INSERT INTO `order_item` VALUES ('2632', '3660', '元', '8.09', '29609.4', '87', '1');
INSERT INTO `order_item` VALUES ('2633', '2769', '元', '0.43', '1190.67', '87', '2');
INSERT INTO `order_item` VALUES ('2634', '1042', '元', '3.83', '3990.86', '87', '3');
INSERT INTO `order_item` VALUES ('2635', '1525', '元', '1.04', '1586', '87', '4');
INSERT INTO `order_item` VALUES ('2636', '1202', '元', '4.26', '5120.52', '87', '5');
INSERT INTO `order_item` VALUES ('2637', '3137', '元', '7.83', '24562.71', '87', '6');
INSERT INTO `order_item` VALUES ('2638', '4493', '元', '6.41', '28800.13', '87', '7');
INSERT INTO `order_item` VALUES ('2639', '214', '元', '9.38', '2007.32', '87', '8');
INSERT INTO `order_item` VALUES ('2640', '4396', '元', '1.64', '7209.44', '87', '9');
INSERT INTO `order_item` VALUES ('2641', '3484', '元', '7.24', '25224.16', '87', '10');
INSERT INTO `order_item` VALUES ('2642', '2262', '元', '3.98', '9002.76', '88', '1');
INSERT INTO `order_item` VALUES ('2643', '24', '元', '4.31', '103.44', '88', '2');
INSERT INTO `order_item` VALUES ('2644', '4741', '元', '0.8', '3792.8', '88', '3');
INSERT INTO `order_item` VALUES ('2645', '3871', '元', '1.75', '6774.25', '88', '4');
INSERT INTO `order_item` VALUES ('2646', '120', '元', '0.54', '64.8', '88', '5');
INSERT INTO `order_item` VALUES ('2647', '4942', '元', '1.32', '6523.44', '88', '6');
INSERT INTO `order_item` VALUES ('2648', '1385', '元', '0.01', '13.85', '88', '7');
INSERT INTO `order_item` VALUES ('2649', '3992', '元', '5.24', '20918.08', '88', '8');
INSERT INTO `order_item` VALUES ('2650', '2005', '元', '6.18', '12390.9', '88', '9');
INSERT INTO `order_item` VALUES ('2651', '4167', '元', '5.38', '22418.46', '88', '10');
INSERT INTO `order_item` VALUES ('2652', '675', '元', '8.9', '6007.5', '89', '1');
INSERT INTO `order_item` VALUES ('2653', '797', '元', '4.63', '3690.11', '89', '2');
INSERT INTO `order_item` VALUES ('2654', '3553', '元', '3.11', '11049.83', '89', '3');
INSERT INTO `order_item` VALUES ('2655', '2803', '元', '5.14', '14407.42', '89', '4');
INSERT INTO `order_item` VALUES ('2656', '588', '元', '8.84', '5197.92', '89', '5');
INSERT INTO `order_item` VALUES ('2657', '274', '元', '3.54', '969.96', '89', '6');
INSERT INTO `order_item` VALUES ('2658', '2984', '元', '6.64', '19813.76', '89', '7');
INSERT INTO `order_item` VALUES ('2659', '1774', '元', '5.16', '9153.84', '89', '8');
INSERT INTO `order_item` VALUES ('2660', '2279', '元', '7.67', '17479.93', '89', '9');
INSERT INTO `order_item` VALUES ('2661', '159', '元', '3.09', '491.31', '89', '10');
INSERT INTO `order_item` VALUES ('2662', '1965', '元', '8.51', '16722.15', '90', '1');
INSERT INTO `order_item` VALUES ('2663', '2794', '元', '8.52', '23804.88', '90', '2');
INSERT INTO `order_item` VALUES ('2664', '4617', '元', '2.31', '10665.27', '90', '3');
INSERT INTO `order_item` VALUES ('2665', '4862', '元', '9.03', '43903.86', '90', '4');
INSERT INTO `order_item` VALUES ('2666', '3170', '元', '7.5', '23775', '90', '5');
INSERT INTO `order_item` VALUES ('2667', '865', '元', '9.08', '7854.2', '90', '6');
INSERT INTO `order_item` VALUES ('2668', '296', '元', '3', '888', '90', '7');
INSERT INTO `order_item` VALUES ('2669', '1848', '元', '9.11', '16835.28', '90', '8');
INSERT INTO `order_item` VALUES ('2670', '3495', '元', '6.11', '21354.45', '90', '9');
INSERT INTO `order_item` VALUES ('2671', '83', '元', '5.99', '497.17', '90', '10');
INSERT INTO `order_item` VALUES ('2672', '3789', '元', '5.46', '20687.94', '91', '1');
INSERT INTO `order_item` VALUES ('2673', '3994', '元', '8.54', '34108.76', '91', '2');
INSERT INTO `order_item` VALUES ('2674', '1536', '元', '8.83', '13562.88', '91', '3');
INSERT INTO `order_item` VALUES ('2675', '2822', '元', '2.28', '6434.16', '91', '4');
INSERT INTO `order_item` VALUES ('2676', '3793', '元', '3.6', '13654.8', '91', '5');
INSERT INTO `order_item` VALUES ('2677', '2612', '元', '5.55', '14496.6', '91', '6');
INSERT INTO `order_item` VALUES ('2678', '4886', '元', '1.8', '8794.8', '91', '7');
INSERT INTO `order_item` VALUES ('2679', '1233', '元', '4.31', '5314.23', '91', '8');
INSERT INTO `order_item` VALUES ('2680', '3651', '元', '8.02', '29281.02', '91', '9');
INSERT INTO `order_item` VALUES ('2681', '2229', '元', '1.6', '3566.4', '91', '10');
INSERT INTO `order_item` VALUES ('2682', '1780', '元', '8.06', '14346.8', '92', '1');
INSERT INTO `order_item` VALUES ('2683', '4892', '元', '1.43', '6995.56', '92', '2');
INSERT INTO `order_item` VALUES ('2684', '204', '元', '0.96', '195.84', '92', '3');
INSERT INTO `order_item` VALUES ('2685', '4232', '元', '9.94', '42066.08', '92', '4');
INSERT INTO `order_item` VALUES ('2686', '4472', '元', '3.81', '17038.32', '92', '5');
INSERT INTO `order_item` VALUES ('2687', '2140', '元', '5.89', '12604.6', '92', '6');
INSERT INTO `order_item` VALUES ('2688', '3456', '元', '9.74', '33661.44', '92', '7');
INSERT INTO `order_item` VALUES ('2689', '4775', '元', '0.19', '907.25', '92', '8');
INSERT INTO `order_item` VALUES ('2690', '958', '元', '4.83', '4627.14', '92', '9');
INSERT INTO `order_item` VALUES ('2691', '307', '元', '4.14', '1270.98', '92', '10');
INSERT INTO `order_item` VALUES ('2692', '2227', '元', '6.9', '15366.3', '93', '1');
INSERT INTO `order_item` VALUES ('2693', '528', '元', '1.45', '765.6', '93', '2');
INSERT INTO `order_item` VALUES ('2694', '4463', '元', '2.25', '10041.75', '93', '3');
INSERT INTO `order_item` VALUES ('2695', '1374', '元', '7.82', '10744.68', '93', '4');
INSERT INTO `order_item` VALUES ('2696', '441', '元', '7.01', '3091.41', '93', '5');
INSERT INTO `order_item` VALUES ('2697', '1659', '元', '5.69', '9439.71', '93', '6');
INSERT INTO `order_item` VALUES ('2698', '1857', '元', '2.46', '4568.22', '93', '7');
INSERT INTO `order_item` VALUES ('2699', '342', '元', '1.67', '571.14', '93', '8');
INSERT INTO `order_item` VALUES ('2700', '1538', '元', '1.06', '1630.28', '93', '9');
INSERT INTO `order_item` VALUES ('2701', '934', '元', '8.16', '7621.44', '93', '10');
INSERT INTO `order_item` VALUES ('2702', '4949', '元', '6.6', '32663.4', '94', '1');
INSERT INTO `order_item` VALUES ('2703', '2578', '元', '6.89', '17762.42', '94', '2');
INSERT INTO `order_item` VALUES ('2704', '2414', '元', '3.12', '7531.68', '94', '3');
INSERT INTO `order_item` VALUES ('2705', '1924', '元', '9.84', '18932.16', '94', '4');
INSERT INTO `order_item` VALUES ('2706', '2019', '元', '4.1', '8277.9', '94', '5');
INSERT INTO `order_item` VALUES ('2707', '3477', '元', '4.35', '15124.95', '94', '6');
INSERT INTO `order_item` VALUES ('2708', '4437', '元', '0.36', '1597.32', '94', '7');
INSERT INTO `order_item` VALUES ('2709', '1944', '元', '5.98', '11625.12', '94', '8');
INSERT INTO `order_item` VALUES ('2710', '1923', '元', '5.08', '9768.84', '94', '9');
INSERT INTO `order_item` VALUES ('2711', '1046', '元', '5.47', '5721.62', '94', '10');
INSERT INTO `order_item` VALUES ('2712', '1556', '元', '3.85', '5990.6', '95', '1');
INSERT INTO `order_item` VALUES ('2713', '392', '元', '3.34', '1309.28', '95', '2');
INSERT INTO `order_item` VALUES ('2714', '608', '元', '3.06', '1860.48', '95', '3');
INSERT INTO `order_item` VALUES ('2715', '3428', '元', '8.39', '28760.92', '95', '4');
INSERT INTO `order_item` VALUES ('2716', '4664', '元', '1.86', '8675.04', '95', '5');
INSERT INTO `order_item` VALUES ('2717', '4175', '元', '3.66', '15280.5', '95', '6');
INSERT INTO `order_item` VALUES ('2718', '2782', '元', '3.6', '10015.2', '95', '7');
INSERT INTO `order_item` VALUES ('2719', '3132', '元', '6.91', '21642.12', '95', '8');
INSERT INTO `order_item` VALUES ('2720', '4020', '元', '2.58', '10371.6', '95', '9');
INSERT INTO `order_item` VALUES ('2721', '1516', '元', '4.12', '6245.92', '95', '10');
INSERT INTO `order_item` VALUES ('2722', '4566', '元', '6.5', '29679', '96', '1');
INSERT INTO `order_item` VALUES ('2723', '120', '元', '8.13', '975.6', '96', '2');
INSERT INTO `order_item` VALUES ('2724', '2447', '元', '6.72', '16443.84', '96', '3');
INSERT INTO `order_item` VALUES ('2725', '4681', '元', '0.26', '1217.06', '96', '4');
INSERT INTO `order_item` VALUES ('2726', '3012', '元', '3.78', '11385.36', '96', '5');
INSERT INTO `order_item` VALUES ('2727', '4508', '元', '3.31', '14921.48', '96', '6');
INSERT INTO `order_item` VALUES ('2728', '3060', '元', '1.4', '4284', '96', '7');
INSERT INTO `order_item` VALUES ('2729', '176', '元', '2.05', '360.8', '96', '8');
INSERT INTO `order_item` VALUES ('2730', '2179', '元', '2.37', '5164.23', '96', '9');
INSERT INTO `order_item` VALUES ('2731', '1678', '元', '4.42', '7416.76', '96', '10');
INSERT INTO `order_item` VALUES ('2732', '3279', '元', '1.74', '5705.46', '97', '1');
INSERT INTO `order_item` VALUES ('2733', '1113', '元', '0.66', '734.58', '97', '2');
INSERT INTO `order_item` VALUES ('2734', '2721', '元', '1.22', '3319.62', '97', '3');
INSERT INTO `order_item` VALUES ('2735', '518', '元', '1.13', '585.34', '97', '4');
INSERT INTO `order_item` VALUES ('2736', '3233', '元', '3.25', '10507.25', '97', '5');
INSERT INTO `order_item` VALUES ('2737', '453', '元', '6.58', '2980.74', '97', '6');
INSERT INTO `order_item` VALUES ('2738', '4920', '元', '0.25', '1230', '97', '7');
INSERT INTO `order_item` VALUES ('2739', '3136', '元', '4.42', '13861.12', '97', '8');
INSERT INTO `order_item` VALUES ('2740', '3640', '元', '5.93', '21585.2', '97', '9');
INSERT INTO `order_item` VALUES ('2741', '162', '元', '4.89', '792.18', '97', '10');
INSERT INTO `order_item` VALUES ('2742', '4886', '元', '3.28', '16026.08', '98', '1');
INSERT INTO `order_item` VALUES ('2743', '591', '元', '6.11', '3611.01', '98', '2');
INSERT INTO `order_item` VALUES ('2744', '3558', '元', '9.89', '35188.62', '98', '3');
INSERT INTO `order_item` VALUES ('2745', '1047', '元', '1.25', '1308.75', '98', '4');
INSERT INTO `order_item` VALUES ('2746', '3418', '元', '9.28', '31719.04', '98', '5');
INSERT INTO `order_item` VALUES ('2747', '4953', '元', '7.81', '38682.93', '98', '6');
INSERT INTO `order_item` VALUES ('2748', '3980', '元', '1.8', '7164', '98', '7');
INSERT INTO `order_item` VALUES ('2749', '357', '元', '5.72', '2042.04', '98', '8');
INSERT INTO `order_item` VALUES ('2750', '4327', '元', '5.38', '23279.26', '98', '9');
INSERT INTO `order_item` VALUES ('2751', '4842', '元', '1.44', '6972.48', '98', '10');
INSERT INTO `order_item` VALUES ('2752', '1599', '元', '5.36', '8570.64', '99', '1');
INSERT INTO `order_item` VALUES ('2753', '2585', '元', '9.54', '24660.9', '99', '2');
INSERT INTO `order_item` VALUES ('2754', '1709', '元', '9.44', '16132.96', '99', '3');
INSERT INTO `order_item` VALUES ('2755', '2107', '元', '6.83', '14390.81', '99', '4');
INSERT INTO `order_item` VALUES ('2756', '1684', '元', '9.84', '16570.56', '99', '5');
INSERT INTO `order_item` VALUES ('2757', '1477', '元', '9.45', '13957.65', '99', '6');
INSERT INTO `order_item` VALUES ('2758', '4675', '元', '2.62', '12248.5', '99', '7');
INSERT INTO `order_item` VALUES ('2759', '710', '元', '1.82', '1292.2', '99', '8');
INSERT INTO `order_item` VALUES ('2760', '4445', '元', '0.27', '1200.15', '99', '9');
INSERT INTO `order_item` VALUES ('2761', '257', '元', '9.57', '2459.49', '99', '10');
INSERT INTO `order_item` VALUES ('2762', '72', '元', '1.86', '133.92', '100', '1');
INSERT INTO `order_item` VALUES ('2763', '2077', '元', '3.06', '6355.62', '100', '2');
INSERT INTO `order_item` VALUES ('2764', '618', '元', '2.04', '1260.72', '100', '3');
INSERT INTO `order_item` VALUES ('2765', '3537', '元', '9.69', '34273.53', '100', '4');
INSERT INTO `order_item` VALUES ('2766', '4809', '元', '9.76', '46935.84', '100', '5');
INSERT INTO `order_item` VALUES ('2767', '2734', '元', '2.5', '6835', '100', '6');
INSERT INTO `order_item` VALUES ('2768', '2766', '元', '9.31', '25751.46', '100', '7');
INSERT INTO `order_item` VALUES ('2769', '1924', '元', '9.01', '17335.24', '100', '8');
INSERT INTO `order_item` VALUES ('2770', '2068', '元', '2.17', '4487.56', '100', '9');
INSERT INTO `order_item` VALUES ('2771', '3465', '元', '1.14', '3950.1', '100', '10');
INSERT INTO `order_item` VALUES ('2772', '366', '元', '6.08', '2225.28', '101', '1');
INSERT INTO `order_item` VALUES ('2773', '2576', '元', '0.78', '2009.28', '101', '2');
INSERT INTO `order_item` VALUES ('2774', '1430', '元', '3.3', '4719', '101', '3');
INSERT INTO `order_item` VALUES ('2775', '4543', '元', '7.89', '35844.27', '101', '4');
INSERT INTO `order_item` VALUES ('2776', '813', '元', '5.05', '4105.65', '101', '5');
INSERT INTO `order_item` VALUES ('2777', '1742', '元', '8.8', '15329.6', '101', '6');
INSERT INTO `order_item` VALUES ('2778', '1078', '元', '4.15', '4473.7', '101', '7');
INSERT INTO `order_item` VALUES ('2779', '1509', '元', '2.72', '4104.48', '101', '8');
INSERT INTO `order_item` VALUES ('2780', '3110', '元', '7.46', '23200.6', '101', '9');
INSERT INTO `order_item` VALUES ('2781', '3028', '元', '7.81', '23648.68', '101', '10');
INSERT INTO `order_item` VALUES ('2782', '1549', '元', '8.48', '13135.52', '102', '1');
INSERT INTO `order_item` VALUES ('2783', '2835', '元', '2.22', '6293.7', '102', '2');
INSERT INTO `order_item` VALUES ('2784', '911', '元', '8.33', '7588.63', '102', '3');
INSERT INTO `order_item` VALUES ('2785', '1364', '元', '3.53', '4814.92', '102', '4');
INSERT INTO `order_item` VALUES ('2786', '2800', '元', '1.5', '4200', '102', '5');
INSERT INTO `order_item` VALUES ('2787', '373', '元', '5.24', '1954.52', '102', '6');
INSERT INTO `order_item` VALUES ('2788', '3728', '元', '6.29', '23449.12', '102', '7');
INSERT INTO `order_item` VALUES ('2789', '4458', '元', '6.09', '27149.22', '102', '8');
INSERT INTO `order_item` VALUES ('2790', '2091', '元', '0.24', '501.84', '102', '9');
INSERT INTO `order_item` VALUES ('2791', '4995', '元', '8.7', '43456.5', '102', '10');
INSERT INTO `order_item` VALUES ('2792', '4313', '元', '7.91', '34115.83', '103', '1');
INSERT INTO `order_item` VALUES ('2793', '3592', '元', '3.75', '13470', '103', '2');
INSERT INTO `order_item` VALUES ('2794', '1820', '元', '5.9', '10738', '103', '3');
INSERT INTO `order_item` VALUES ('2795', '2650', '元', '1.1', '2915', '103', '4');
INSERT INTO `order_item` VALUES ('2796', '923', '元', '7.73', '7134.79', '103', '5');
INSERT INTO `order_item` VALUES ('2797', '319', '元', '8.91', '2842.29', '103', '6');
INSERT INTO `order_item` VALUES ('2798', '1916', '元', '1.87', '3582.92', '103', '7');
INSERT INTO `order_item` VALUES ('2799', '4904', '元', '8.77', '43008.08', '103', '8');
INSERT INTO `order_item` VALUES ('2800', '336', '元', '8.96', '3010.56', '103', '9');
INSERT INTO `order_item` VALUES ('2801', '1980', '元', '6.28', '12434.4', '103', '10');
INSERT INTO `order_item` VALUES ('2802', '1461', '元', '5.84', '8532.24', '104', '1');
INSERT INTO `order_item` VALUES ('2803', '1228', '元', '9.67', '11874.76', '104', '2');
INSERT INTO `order_item` VALUES ('2804', '1214', '元', '9.91', '12030.74', '104', '3');
INSERT INTO `order_item` VALUES ('2805', '2860', '元', '5.2', '14872', '104', '4');
INSERT INTO `order_item` VALUES ('2806', '2913', '元', '4.65', '13545.45', '104', '5');
INSERT INTO `order_item` VALUES ('2807', '2288', '元', '0.02', '45.76', '104', '6');
INSERT INTO `order_item` VALUES ('2808', '4772', '元', '0.75', '3579', '104', '7');
INSERT INTO `order_item` VALUES ('2809', '4432', '元', '3.15', '13960.8', '104', '8');
INSERT INTO `order_item` VALUES ('2810', '661', '元', '1.57', '1037.77', '104', '9');
INSERT INTO `order_item` VALUES ('2811', '97', '元', '0.56', '54.32', '104', '10');
INSERT INTO `order_item` VALUES ('2812', '892', '元', '6.26', '5583.92', '105', '1');
INSERT INTO `order_item` VALUES ('2813', '1346', '元', '7.35', '9893.1', '105', '2');
INSERT INTO `order_item` VALUES ('2814', '600', '元', '6.42', '3852', '105', '3');
INSERT INTO `order_item` VALUES ('2815', '4778', '元', '2.43', '11610.54', '105', '4');
INSERT INTO `order_item` VALUES ('2816', '4017', '元', '8.44', '33903.48', '105', '5');
INSERT INTO `order_item` VALUES ('2817', '3563', '元', '1.84', '6555.92', '105', '6');
INSERT INTO `order_item` VALUES ('2818', '4627', '元', '2.54', '11752.58', '105', '7');
INSERT INTO `order_item` VALUES ('2819', '114', '元', '9.04', '1030.56', '105', '8');
INSERT INTO `order_item` VALUES ('2820', '3550', '元', '2.17', '7703.5', '105', '9');
INSERT INTO `order_item` VALUES ('2821', '119', '元', '5.48', '652.12', '105', '10');
INSERT INTO `order_item` VALUES ('2822', '2674', '元', '5.6', '14974.4', '106', '1');
INSERT INTO `order_item` VALUES ('2823', '2481', '元', '6.12', '15183.72', '106', '2');
INSERT INTO `order_item` VALUES ('2824', '2151', '元', '2.12', '4560.12', '106', '3');
INSERT INTO `order_item` VALUES ('2825', '3016', '元', '0.53', '1598.48', '106', '4');
INSERT INTO `order_item` VALUES ('2826', '2554', '元', '9.76', '24927.04', '106', '5');
INSERT INTO `order_item` VALUES ('2827', '2553', '元', '9.7', '24764.1', '106', '6');
INSERT INTO `order_item` VALUES ('2828', '2450', '元', '6.06', '14847', '106', '7');
INSERT INTO `order_item` VALUES ('2829', '997', '元', '2.16', '2153.52', '106', '8');
INSERT INTO `order_item` VALUES ('2830', '3301', '元', '8.1', '26738.1', '106', '9');
INSERT INTO `order_item` VALUES ('2831', '120', '元', '9.91', '1189.2', '106', '10');
INSERT INTO `order_item` VALUES ('2832', '2311', '元', '2.62', '6054.82', '107', '1');
INSERT INTO `order_item` VALUES ('2833', '3349', '元', '9.45', '31648.05', '107', '2');
INSERT INTO `order_item` VALUES ('2834', '2420', '元', '9.68', '23425.6', '107', '3');
INSERT INTO `order_item` VALUES ('2835', '4535', '元', '3.25', '14738.75', '107', '4');
INSERT INTO `order_item` VALUES ('2836', '893', '元', '0.06', '53.58', '107', '5');
INSERT INTO `order_item` VALUES ('2837', '2980', '元', '2.26', '6734.8', '107', '6');
INSERT INTO `order_item` VALUES ('2838', '986', '元', '7.94', '7828.84', '107', '7');
INSERT INTO `order_item` VALUES ('2839', '3345', '元', '8.22', '27495.9', '107', '8');
INSERT INTO `order_item` VALUES ('2840', '4680', '元', '8.03', '37580.4', '107', '9');
INSERT INTO `order_item` VALUES ('2841', '2417', '元', '3.58', '8652.86', '107', '10');
INSERT INTO `order_item` VALUES ('2842', '2710', '元', '8.96', '24281.6', '108', '1');
INSERT INTO `order_item` VALUES ('2843', '4061', '元', '7.56', '30701.16', '108', '2');
INSERT INTO `order_item` VALUES ('2844', '3172', '元', '6.58', '20871.76', '108', '3');
INSERT INTO `order_item` VALUES ('2845', '1103', '元', '8.42', '9287.26', '108', '4');
INSERT INTO `order_item` VALUES ('2846', '3793', '元', '0.47', '1782.71', '108', '5');
INSERT INTO `order_item` VALUES ('2847', '3135', '元', '9.88', '30973.8', '108', '6');
INSERT INTO `order_item` VALUES ('2848', '1610', '元', '3.12', '5023.2', '108', '7');
INSERT INTO `order_item` VALUES ('2849', '1835', '元', '0.69', '1266.15', '108', '8');
INSERT INTO `order_item` VALUES ('2850', '3808', '元', '1.39', '5293.12', '108', '9');
INSERT INTO `order_item` VALUES ('2851', '879', '元', '2.97', '2610.63', '108', '10');
INSERT INTO `order_item` VALUES ('2852', '855', '元', '8.36', '7147.8', '109', '1');
INSERT INTO `order_item` VALUES ('2853', '955', '元', '5.73', '5472.15', '109', '2');
INSERT INTO `order_item` VALUES ('2854', '3445', '元', '8.76', '30178.2', '109', '3');
INSERT INTO `order_item` VALUES ('2855', '1891', '元', '2.21', '4179.11', '109', '4');
INSERT INTO `order_item` VALUES ('2856', '2641', '元', '5.67', '14974.47', '109', '5');
INSERT INTO `order_item` VALUES ('2857', '3691', '元', '4.41', '16277.31', '109', '6');
INSERT INTO `order_item` VALUES ('2858', '3029', '元', '9.31', '28199.99', '109', '7');
INSERT INTO `order_item` VALUES ('2859', '4860', '元', '2.28', '11080.8', '109', '8');
INSERT INTO `order_item` VALUES ('2860', '1113', '元', '6.52', '7256.76', '109', '9');
INSERT INTO `order_item` VALUES ('2861', '4782', '元', '7.12', '34047.84', '109', '10');
INSERT INTO `order_item` VALUES ('2862', '1816', '元', '0.34', '617.44', '110', '1');
INSERT INTO `order_item` VALUES ('2863', '1251', '元', '7.92', '9907.92', '110', '2');
INSERT INTO `order_item` VALUES ('2864', '4490', '元', '1.66', '7453.4', '110', '3');
INSERT INTO `order_item` VALUES ('2865', '1035', '元', '0.78', '807.3', '110', '4');
INSERT INTO `order_item` VALUES ('2866', '2788', '元', '2.24', '6245.12', '110', '5');
INSERT INTO `order_item` VALUES ('2867', '2664', '元', '1.08', '2877.12', '110', '6');
INSERT INTO `order_item` VALUES ('2868', '4186', '元', '8.04', '33655.44', '110', '7');
INSERT INTO `order_item` VALUES ('2869', '2543', '元', '3.78', '9612.54', '110', '8');
INSERT INTO `order_item` VALUES ('2870', '3533', '元', '2.77', '9786.41', '110', '9');
INSERT INTO `order_item` VALUES ('2871', '1346', '元', '1.8', '2422.8', '110', '10');
INSERT INTO `order_item` VALUES ('2872', '3476', '元', '9.49', '32987.24', '111', '1');
INSERT INTO `order_item` VALUES ('2873', '1577', '元', '8.87', '13987.99', '111', '2');
INSERT INTO `order_item` VALUES ('2874', '4878', '元', '5.74', '27999.72', '111', '3');
INSERT INTO `order_item` VALUES ('2875', '1126', '元', '9.21', '10370.46', '111', '4');
INSERT INTO `order_item` VALUES ('2876', '1409', '元', '4.24', '5974.16', '111', '5');
INSERT INTO `order_item` VALUES ('2877', '2282', '元', '6.75', '15403.5', '111', '6');
INSERT INTO `order_item` VALUES ('2878', '2958', '元', '1.93', '5708.94', '111', '7');
INSERT INTO `order_item` VALUES ('2879', '2802', '元', '5.06', '14178.12', '111', '8');
INSERT INTO `order_item` VALUES ('2880', '2218', '元', '1.99', '4413.82', '111', '9');
INSERT INTO `order_item` VALUES ('2881', '221', '元', '0.14', '30.94', '111', '10');
INSERT INTO `order_item` VALUES ('2882', '2721', '元', '0.41', '1115.61', '112', '1');
INSERT INTO `order_item` VALUES ('2883', '2029', '元', '3.86', '7831.94', '112', '2');
INSERT INTO `order_item` VALUES ('2884', '3316', '元', '7.64', '25334.24', '112', '3');
INSERT INTO `order_item` VALUES ('2885', '2699', '元', '7.11', '19189.89', '112', '4');
INSERT INTO `order_item` VALUES ('2886', '2526', '元', '6.09', '15383.34', '112', '5');
INSERT INTO `order_item` VALUES ('2887', '1775', '元', '9.69', '17199.75', '112', '6');
INSERT INTO `order_item` VALUES ('2888', '217', '元', '2.78', '603.26', '112', '7');
INSERT INTO `order_item` VALUES ('2889', '115', '元', '1.68', '193.2', '112', '8');
INSERT INTO `order_item` VALUES ('2890', '3253', '元', '5.79', '18834.87', '112', '9');
INSERT INTO `order_item` VALUES ('2891', '3431', '元', '0.29', '994.99', '112', '10');
INSERT INTO `order_item` VALUES ('2892', '1986', '元', '4.21', '8361.06', '113', '1');
INSERT INTO `order_item` VALUES ('2893', '647', '元', '7.45', '4820.15', '113', '2');
INSERT INTO `order_item` VALUES ('2894', '1353', '元', '8.83', '11946.99', '113', '3');
INSERT INTO `order_item` VALUES ('2895', '2332', '元', '9.67', '22550.44', '113', '4');
INSERT INTO `order_item` VALUES ('2896', '914', '元', '5.73', '5237.22', '113', '5');
INSERT INTO `order_item` VALUES ('2897', '2304', '元', '3.78', '8709.12', '113', '6');
INSERT INTO `order_item` VALUES ('2898', '1245', '元', '4.75', '5913.75', '113', '7');
INSERT INTO `order_item` VALUES ('2899', '2926', '元', '0.15', '438.9', '113', '8');
INSERT INTO `order_item` VALUES ('2900', '4995', '元', '3.33', '16633.35', '113', '9');
INSERT INTO `order_item` VALUES ('2901', '2582', '元', '1.61', '4157.02', '113', '10');
INSERT INTO `order_item` VALUES ('2902', '2879', '元', '8.44', '24298.76', '114', '1');
INSERT INTO `order_item` VALUES ('2903', '1893', '元', '2.34', '4429.62', '114', '2');
INSERT INTO `order_item` VALUES ('2904', '746', '元', '0.51', '380.46', '114', '3');
INSERT INTO `order_item` VALUES ('2905', '1845', '元', '8.12', '14981.4', '114', '4');
INSERT INTO `order_item` VALUES ('2906', '2559', '元', '5.7', '14586.3', '114', '5');
INSERT INTO `order_item` VALUES ('2907', '3468', '元', '5.06', '17548.08', '114', '6');
INSERT INTO `order_item` VALUES ('2908', '3443', '元', '1.83', '6300.69', '114', '7');
INSERT INTO `order_item` VALUES ('2909', '2675', '元', '7.59', '20303.25', '114', '8');
INSERT INTO `order_item` VALUES ('2910', '424', '元', '3.14', '1331.36', '114', '9');
INSERT INTO `order_item` VALUES ('2911', '1989', '元', '1.39', '2764.71', '114', '10');
INSERT INTO `order_item` VALUES ('2912', '261', '元', '6.98', '1821.78', '115', '1');
INSERT INTO `order_item` VALUES ('2913', '3886', '元', '8.55', '33225.3', '115', '2');
INSERT INTO `order_item` VALUES ('2914', '2832', '元', '0.03', '84.96', '115', '3');
INSERT INTO `order_item` VALUES ('2915', '254', '元', '1.81', '459.74', '115', '4');
INSERT INTO `order_item` VALUES ('2916', '57', '元', '6.86', '391.02', '115', '5');
INSERT INTO `order_item` VALUES ('2917', '4548', '元', '7.9', '35929.2', '115', '6');
INSERT INTO `order_item` VALUES ('2918', '1971', '元', '9.66', '19039.86', '115', '7');
INSERT INTO `order_item` VALUES ('2919', '1109', '元', '1.34', '1486.06', '115', '8');
INSERT INTO `order_item` VALUES ('2920', '2301', '元', '0.2', '460.2', '115', '9');
INSERT INTO `order_item` VALUES ('2921', '3778', '元', '5.45', '20590.1', '115', '10');
INSERT INTO `order_item` VALUES ('2922', '3039', '元', '2.92', '8873.88', '116', '1');
INSERT INTO `order_item` VALUES ('2923', '1244', '元', '6.8', '8459.2', '116', '2');
INSERT INTO `order_item` VALUES ('2924', '3614', '元', '4.28', '15467.92', '116', '3');
INSERT INTO `order_item` VALUES ('2925', '819', '元', '0.92', '753.48', '116', '4');
INSERT INTO `order_item` VALUES ('2926', '3481', '元', '7.53', '26211.93', '116', '5');
INSERT INTO `order_item` VALUES ('2927', '4518', '元', '3.25', '14683.5', '116', '6');
INSERT INTO `order_item` VALUES ('2928', '1418', '元', '0.75', '1063.5', '116', '7');
INSERT INTO `order_item` VALUES ('2929', '527', '元', '0.64', '337.28', '116', '8');
INSERT INTO `order_item` VALUES ('2930', '2564', '元', '1.84', '4717.76', '116', '9');
INSERT INTO `order_item` VALUES ('2931', '4975', '元', '7.27', '36168.25', '116', '10');
INSERT INTO `order_item` VALUES ('2932', '1918', '元', '2.65', '5082.7', '117', '1');
INSERT INTO `order_item` VALUES ('2933', '74', '元', '4.5', '333', '117', '2');
INSERT INTO `order_item` VALUES ('2934', '1102', '元', '6.06', '6678.12', '117', '3');
INSERT INTO `order_item` VALUES ('2935', '2965', '元', '5.63', '16692.95', '117', '4');
INSERT INTO `order_item` VALUES ('2936', '1421', '元', '8.17', '11609.57', '117', '5');
INSERT INTO `order_item` VALUES ('2937', '3370', '元', '2.48', '8357.6', '117', '6');
INSERT INTO `order_item` VALUES ('2938', '2184', '元', '4.86', '10614.24', '117', '7');
INSERT INTO `order_item` VALUES ('2939', '1560', '元', '4.59', '7160.4', '117', '8');
INSERT INTO `order_item` VALUES ('2940', '2448', '元', '4.42', '10820.16', '117', '9');
INSERT INTO `order_item` VALUES ('2941', '2900', '元', '2.78', '8062', '117', '10');
INSERT INTO `order_item` VALUES ('2942', '3064', '元', '5.24', '16055.36', '118', '1');
INSERT INTO `order_item` VALUES ('2943', '2059', '元', '5.31', '10933.29', '118', '2');
INSERT INTO `order_item` VALUES ('2944', '1462', '元', '0.3', '438.6', '118', '3');
INSERT INTO `order_item` VALUES ('2945', '2578', '元', '9.56', '24645.68', '118', '4');
INSERT INTO `order_item` VALUES ('2946', '3603', '元', '5.95', '21437.85', '118', '5');
INSERT INTO `order_item` VALUES ('2947', '4469', '元', '1.84', '8222.96', '118', '6');
INSERT INTO `order_item` VALUES ('2948', '415', '元', '0.51', '211.65', '118', '7');
INSERT INTO `order_item` VALUES ('2949', '2354', '元', '5.99', '14100.46', '118', '8');
INSERT INTO `order_item` VALUES ('2950', '1241', '元', '2.13', '2643.33', '118', '9');
INSERT INTO `order_item` VALUES ('2951', '620', '元', '9.93', '6156.6', '118', '10');
INSERT INTO `order_item` VALUES ('2952', '1987', '元', '1.2', '2384.4', '119', '1');
INSERT INTO `order_item` VALUES ('2953', '1459', '元', '2.77', '4041.43', '119', '2');
INSERT INTO `order_item` VALUES ('2954', '4042', '元', '8.63', '34882.46', '119', '3');
INSERT INTO `order_item` VALUES ('2955', '296', '元', '6.26', '1852.96', '119', '4');
INSERT INTO `order_item` VALUES ('2956', '2765', '元', '3.92', '10838.8', '119', '5');
INSERT INTO `order_item` VALUES ('2957', '1194', '元', '5.05', '6029.7', '119', '6');
INSERT INTO `order_item` VALUES ('2958', '2217', '元', '0.18', '399.06', '119', '7');
INSERT INTO `order_item` VALUES ('2959', '1539', '元', '6.37', '9803.43', '119', '8');
INSERT INTO `order_item` VALUES ('2960', '1729', '元', '6.07', '10495.03', '119', '9');
INSERT INTO `order_item` VALUES ('2961', '1029', '元', '8.52', '8767.08', '119', '10');
INSERT INTO `order_item` VALUES ('2962', '4858', '元', '8.22', '39932.76', '120', '1');
INSERT INTO `order_item` VALUES ('2963', '1042', '元', '3.11', '3240.62', '120', '2');
INSERT INTO `order_item` VALUES ('2964', '306', '元', '8.98', '2747.88', '120', '3');
INSERT INTO `order_item` VALUES ('2965', '3256', '元', '0.15', '488.4', '120', '4');
INSERT INTO `order_item` VALUES ('2966', '4160', '元', '9.44', '39270.4', '120', '5');
INSERT INTO `order_item` VALUES ('2967', '3097', '元', '7.2', '22298.4', '120', '6');
INSERT INTO `order_item` VALUES ('2968', '2030', '元', '3.59', '7287.7', '120', '7');
INSERT INTO `order_item` VALUES ('2969', '4108', '元', '5.41', '22224.28', '120', '8');
INSERT INTO `order_item` VALUES ('2970', '3528', '元', '0.19', '670.32', '120', '9');
INSERT INTO `order_item` VALUES ('2971', '335', '元', '3.53', '1182.55', '120', '10');
INSERT INTO `order_item` VALUES ('2972', '4462', '元', '2.98', '13296.76', '121', '1');
INSERT INTO `order_item` VALUES ('2973', '1368', '元', '4.62', '6320.16', '121', '2');
INSERT INTO `order_item` VALUES ('2974', '1212', '元', '0.69', '836.28', '121', '3');
INSERT INTO `order_item` VALUES ('2975', '2005', '元', '4.63', '9283.15', '121', '4');
INSERT INTO `order_item` VALUES ('2976', '159', '元', '8.83', '1403.97', '121', '5');
INSERT INTO `order_item` VALUES ('2977', '3024', '元', '3.2', '9676.8', '121', '6');
INSERT INTO `order_item` VALUES ('2978', '2914', '元', '5.26', '15327.64', '121', '7');
INSERT INTO `order_item` VALUES ('2979', '2191', '元', '7.76', '17002.16', '121', '8');
INSERT INTO `order_item` VALUES ('2980', '398', '元', '7.22', '2873.56', '121', '9');
INSERT INTO `order_item` VALUES ('2981', '2761', '元', '6.97', '19244.17', '121', '10');
INSERT INTO `order_item` VALUES ('2982', '39', '元', '8.87', '345.93', '122', '1');
INSERT INTO `order_item` VALUES ('2983', '863', '元', '9.01', '7775.63', '122', '2');
INSERT INTO `order_item` VALUES ('2984', '2971', '元', '2.18', '6476.78', '122', '3');
INSERT INTO `order_item` VALUES ('2985', '1907', '元', '9.53', '18173.71', '122', '4');
INSERT INTO `order_item` VALUES ('2986', '4193', '元', '8.93', '37443.49', '122', '5');
INSERT INTO `order_item` VALUES ('2987', '4837', '元', '5.93', '28683.41', '122', '6');
INSERT INTO `order_item` VALUES ('2988', '1056', '元', '0.48', '506.88', '122', '7');
INSERT INTO `order_item` VALUES ('2989', '1003', '元', '3.81', '3821.43', '122', '8');
INSERT INTO `order_item` VALUES ('2990', '3844', '元', '9.57', '36787.08', '122', '9');
INSERT INTO `order_item` VALUES ('2991', '222', '元', '2.31', '512.82', '122', '10');
INSERT INTO `order_item` VALUES ('2992', '1437', '元', '0.16', '229.92', '123', '1');
INSERT INTO `order_item` VALUES ('2993', '2162', '元', '1.01', '2183.62', '123', '2');
INSERT INTO `order_item` VALUES ('2994', '1283', '元', '3.49', '4477.67', '123', '3');
INSERT INTO `order_item` VALUES ('2995', '1414', '元', '9.43', '13334.02', '123', '4');
INSERT INTO `order_item` VALUES ('2996', '2442', '元', '3.75', '9157.5', '123', '5');
INSERT INTO `order_item` VALUES ('2997', '3311', '元', '2.92', '9668.12', '123', '6');
INSERT INTO `order_item` VALUES ('2998', '4265', '元', '5.49', '23414.85', '123', '7');
INSERT INTO `order_item` VALUES ('2999', '3065', '元', '8.04', '24642.6', '123', '8');
INSERT INTO `order_item` VALUES ('3000', '1720', '元', '2.83', '4867.6', '123', '9');
INSERT INTO `order_item` VALUES ('3001', '1173', '元', '2.78', '3260.94', '123', '10');
INSERT INTO `order_item` VALUES ('3002', '1356', '元', '1.8', '2440.8', '124', '1');
INSERT INTO `order_item` VALUES ('3003', '3997', '元', '7.11', '28418.67', '124', '2');
INSERT INTO `order_item` VALUES ('3004', '829', '元', '6.28', '5206.12', '124', '3');
INSERT INTO `order_item` VALUES ('3005', '2884', '元', '5.91', '17044.44', '124', '4');
INSERT INTO `order_item` VALUES ('3006', '3554', '元', '5.45', '19369.3', '124', '5');
INSERT INTO `order_item` VALUES ('3007', '4202', '元', '6.68', '28069.36', '124', '6');
INSERT INTO `order_item` VALUES ('3008', '1477', '元', '0.4', '590.8', '124', '7');
INSERT INTO `order_item` VALUES ('3009', '662', '元', '9.51', '6295.62', '124', '8');
INSERT INTO `order_item` VALUES ('3010', '4410', '元', '5.21', '22976.1', '124', '9');
INSERT INTO `order_item` VALUES ('3011', '961', '元', '6.56', '6304.16', '124', '10');
INSERT INTO `order_item` VALUES ('3012', '1526', '元', '6.77', '10331.02', '125', '1');
INSERT INTO `order_item` VALUES ('3013', '2915', '元', '6.02', '17548.3', '125', '2');
INSERT INTO `order_item` VALUES ('3014', '2355', '元', '6.66', '15684.3', '125', '3');
INSERT INTO `order_item` VALUES ('3015', '3786', '元', '9.2', '34831.2', '125', '4');
INSERT INTO `order_item` VALUES ('3016', '3322', '元', '8.22', '27306.84', '125', '5');
INSERT INTO `order_item` VALUES ('3017', '16', '元', '3.5', '56', '125', '6');
INSERT INTO `order_item` VALUES ('3018', '480', '元', '2.48', '1190.4', '125', '7');
INSERT INTO `order_item` VALUES ('3019', '2124', '元', '1.67', '3547.08', '125', '8');
INSERT INTO `order_item` VALUES ('3020', '4091', '元', '4.15', '16977.65', '125', '9');
INSERT INTO `order_item` VALUES ('3021', '3077', '元', '6.72', '20677.44', '125', '10');
INSERT INTO `order_item` VALUES ('3022', '844', '元', '5.63', '4751.72', '126', '1');
INSERT INTO `order_item` VALUES ('3023', '3347', '元', '7.9', '26441.3', '126', '2');
INSERT INTO `order_item` VALUES ('3024', '4698', '元', '4.62', '21704.76', '126', '3');
INSERT INTO `order_item` VALUES ('3025', '1213', '元', '6.54', '7933.02', '126', '4');
INSERT INTO `order_item` VALUES ('3026', '52', '元', '1.92', '99.84', '126', '5');
INSERT INTO `order_item` VALUES ('3027', '483', '元', '0.3', '144.9', '126', '6');
INSERT INTO `order_item` VALUES ('3028', '3772', '元', '0.7', '2640.4', '126', '7');
INSERT INTO `order_item` VALUES ('3029', '1696', '元', '3.54', '6003.84', '126', '8');
INSERT INTO `order_item` VALUES ('3030', '96', '元', '6.33', '607.68', '126', '9');
INSERT INTO `order_item` VALUES ('3031', '779', '元', '4.99', '3887.21', '126', '10');
INSERT INTO `order_item` VALUES ('3032', '2724', '元', '5.24', '14273.76', '127', '1');
INSERT INTO `order_item` VALUES ('3033', '3273', '元', '7.44', '24351.12', '127', '2');
INSERT INTO `order_item` VALUES ('3034', '3686', '元', '4.07', '15002.02', '127', '3');
INSERT INTO `order_item` VALUES ('3035', '1', '元', '3.84', '3.84', '127', '4');
INSERT INTO `order_item` VALUES ('3036', '1379', '元', '3.51', '4840.29', '127', '5');
INSERT INTO `order_item` VALUES ('3037', '1228', '元', '3.84', '4715.52', '127', '6');
INSERT INTO `order_item` VALUES ('3038', '4137', '元', '0.02', '82.74', '127', '7');
INSERT INTO `order_item` VALUES ('3039', '3239', '元', '9.74', '31547.86', '127', '8');
INSERT INTO `order_item` VALUES ('3040', '1579', '元', '5.46', '8621.34', '127', '9');
INSERT INTO `order_item` VALUES ('3041', '1061', '元', '5.26', '5580.86', '127', '10');
INSERT INTO `order_item` VALUES ('3042', '2742', '元', '9', '24678', '128', '1');
INSERT INTO `order_item` VALUES ('3043', '893', '元', '2.95', '2634.35', '128', '2');
INSERT INTO `order_item` VALUES ('3044', '3667', '元', '6.07', '22258.69', '128', '3');
INSERT INTO `order_item` VALUES ('3045', '3805', '元', '1.23', '4680.15', '128', '4');
INSERT INTO `order_item` VALUES ('3046', '876', '元', '8.42', '7375.92', '128', '5');
INSERT INTO `order_item` VALUES ('3047', '2887', '元', '9.26', '26733.62', '128', '6');
INSERT INTO `order_item` VALUES ('3048', '4823', '元', '0.18', '868.14', '128', '7');
INSERT INTO `order_item` VALUES ('3049', '4516', '元', '6.05', '27321.8', '128', '8');
INSERT INTO `order_item` VALUES ('3050', '1940', '元', '6.41', '12435.4', '128', '9');
INSERT INTO `order_item` VALUES ('3051', '1847', '元', '9.31', '17195.57', '128', '10');
INSERT INTO `order_item` VALUES ('3052', '3932', '元', '4.76', '18716.32', '129', '1');
INSERT INTO `order_item` VALUES ('3053', '3081', '元', '4.05', '12478.05', '129', '2');
INSERT INTO `order_item` VALUES ('3054', '1332', '元', '3.67', '4888.44', '129', '3');
INSERT INTO `order_item` VALUES ('3055', '147', '元', '3.01', '442.47', '129', '4');
INSERT INTO `order_item` VALUES ('3056', '2176', '元', '0.66', '1436.16', '129', '5');
INSERT INTO `order_item` VALUES ('3057', '4936', '元', '4.07', '20089.52', '129', '6');
INSERT INTO `order_item` VALUES ('3058', '4075', '元', '4.41', '17970.75', '129', '7');
INSERT INTO `order_item` VALUES ('3059', '4432', '元', '7.55', '33461.6', '129', '8');
INSERT INTO `order_item` VALUES ('3060', '223', '元', '3.08', '686.84', '129', '9');
INSERT INTO `order_item` VALUES ('3061', '3515', '元', '5.62', '19754.3', '129', '10');
INSERT INTO `order_item` VALUES ('3062', '4779', '元', '3.87', '18494.73', '130', '1');
INSERT INTO `order_item` VALUES ('3063', '2287', '元', '1.24', '2835.88', '130', '2');
INSERT INTO `order_item` VALUES ('3064', '3952', '元', '7.49', '29600.48', '130', '3');
INSERT INTO `order_item` VALUES ('3065', '578', '元', '4.79', '2768.62', '130', '4');
INSERT INTO `order_item` VALUES ('3066', '3523', '元', '6.12', '21560.76', '130', '5');
INSERT INTO `order_item` VALUES ('3067', '666', '元', '2.24', '1491.84', '130', '6');
INSERT INTO `order_item` VALUES ('3068', '760', '元', '9.27', '7045.2', '130', '7');
INSERT INTO `order_item` VALUES ('3069', '4510', '元', '0.06', '270.6', '130', '8');
INSERT INTO `order_item` VALUES ('3070', '3065', '元', '2.08', '6375.2', '130', '9');
INSERT INTO `order_item` VALUES ('3071', '4247', '元', '1.26', '5351.22', '130', '10');
INSERT INTO `order_item` VALUES ('3072', '2927', '元', '8.68', '25406.36', '131', '1');
INSERT INTO `order_item` VALUES ('3073', '15', '元', '3.23', '48.45', '131', '2');
INSERT INTO `order_item` VALUES ('3074', '3042', '元', '5.1', '15514.2', '131', '3');
INSERT INTO `order_item` VALUES ('3075', '3786', '元', '8.45', '31991.7', '131', '4');
INSERT INTO `order_item` VALUES ('3076', '3533', '元', '5.49', '19396.17', '131', '5');
INSERT INTO `order_item` VALUES ('3077', '39', '元', '8.76', '341.64', '131', '6');
INSERT INTO `order_item` VALUES ('3078', '2155', '元', '9.69', '20881.95', '131', '7');
INSERT INTO `order_item` VALUES ('3079', '566', '元', '7.69', '4352.54', '131', '8');
INSERT INTO `order_item` VALUES ('3080', '1152', '元', '9.85', '11347.2', '131', '9');
INSERT INTO `order_item` VALUES ('3081', '325', '元', '6.1', '1982.5', '131', '10');
INSERT INTO `order_item` VALUES ('3082', '615', '元', '8.67', '5332.05', '132', '1');
INSERT INTO `order_item` VALUES ('3083', '2477', '元', '9.3', '23036.1', '132', '2');
INSERT INTO `order_item` VALUES ('3084', '3123', '元', '7.04', '21985.92', '132', '3');
INSERT INTO `order_item` VALUES ('3085', '1674', '元', '4.45', '7449.3', '132', '4');
INSERT INTO `order_item` VALUES ('3086', '4871', '元', '9.4', '45787.4', '132', '5');
INSERT INTO `order_item` VALUES ('3087', '4570', '元', '6.12', '27968.4', '132', '6');
INSERT INTO `order_item` VALUES ('3088', '2915', '元', '8.86', '25826.9', '132', '7');
INSERT INTO `order_item` VALUES ('3089', '4099', '元', '9.57', '39227.43', '132', '8');
INSERT INTO `order_item` VALUES ('3090', '3293', '元', '2.28', '7508.04', '132', '9');
INSERT INTO `order_item` VALUES ('3091', '452', '元', '9.16', '4140.32', '132', '10');
INSERT INTO `order_item` VALUES ('3092', '346', '元', '7.4', '2560.4', '133', '1');
INSERT INTO `order_item` VALUES ('3093', '3300', '元', '8.19', '27027', '133', '2');
INSERT INTO `order_item` VALUES ('3094', '1480', '元', '2.19', '3241.2', '133', '3');
INSERT INTO `order_item` VALUES ('3095', '669', '元', '2.54', '1699.26', '133', '4');
INSERT INTO `order_item` VALUES ('3096', '668', '元', '4.88', '3259.84', '133', '5');
INSERT INTO `order_item` VALUES ('3097', '1068', '元', '4.72', '5040.96', '133', '6');
INSERT INTO `order_item` VALUES ('3098', '1905', '元', '2.32', '4419.6', '133', '7');
INSERT INTO `order_item` VALUES ('3099', '4692', '元', '1.03', '4832.76', '133', '8');
INSERT INTO `order_item` VALUES ('3100', '3397', '元', '3.46', '11753.62', '133', '9');
INSERT INTO `order_item` VALUES ('3101', '4213', '元', '7.56', '31850.28', '133', '10');
INSERT INTO `order_item` VALUES ('3102', '204', '元', '2.01', '410.04', '134', '1');
INSERT INTO `order_item` VALUES ('3103', '1221', '元', '1.34', '1636.14', '134', '2');
INSERT INTO `order_item` VALUES ('3104', '2177', '元', '2.88', '6269.76', '134', '3');
INSERT INTO `order_item` VALUES ('3105', '3097', '元', '9.55', '29576.35', '134', '4');
INSERT INTO `order_item` VALUES ('3106', '849', '元', '7.66', '6503.34', '134', '5');
INSERT INTO `order_item` VALUES ('3107', '673', '元', '6.63', '4461.99', '134', '6');
INSERT INTO `order_item` VALUES ('3108', '72', '元', '4.3', '309.6', '134', '7');
INSERT INTO `order_item` VALUES ('3109', '1576', '元', '8.41', '13254.16', '134', '8');
INSERT INTO `order_item` VALUES ('3110', '4312', '元', '0.11', '474.32', '134', '9');
INSERT INTO `order_item` VALUES ('3111', '3242', '元', '7.19', '23309.98', '134', '10');
INSERT INTO `order_item` VALUES ('3112', '314', '元', '1.57', '492.98', '135', '1');
INSERT INTO `order_item` VALUES ('3113', '2246', '元', '7.75', '17406.5', '135', '2');
INSERT INTO `order_item` VALUES ('3114', '558', '元', '0.67', '373.86', '135', '3');
INSERT INTO `order_item` VALUES ('3115', '2568', '元', '2.14', '5495.52', '135', '4');
INSERT INTO `order_item` VALUES ('3116', '2096', '元', '2.13', '4464.48', '135', '5');
INSERT INTO `order_item` VALUES ('3117', '1349', '元', '3.66', '4937.34', '135', '6');
INSERT INTO `order_item` VALUES ('3118', '4083', '元', '0.22', '898.26', '135', '7');
INSERT INTO `order_item` VALUES ('3119', '310', '元', '6.38', '1977.8', '135', '8');
INSERT INTO `order_item` VALUES ('3120', '1448', '元', '4.49', '6501.52', '135', '9');
INSERT INTO `order_item` VALUES ('3121', '1221', '元', '5.81', '7094.01', '135', '10');
INSERT INTO `order_item` VALUES ('3122', '4340', '元', '8.4', '36456', '136', '1');
INSERT INTO `order_item` VALUES ('3123', '960', '元', '5.92', '5683.2', '136', '2');
INSERT INTO `order_item` VALUES ('3124', '496', '元', '6.47', '3209.12', '136', '3');
INSERT INTO `order_item` VALUES ('3125', '4795', '元', '7.84', '37592.8', '136', '4');
INSERT INTO `order_item` VALUES ('3126', '4899', '元', '9.34', '45756.66', '136', '5');
INSERT INTO `order_item` VALUES ('3127', '184', '元', '4.57', '840.88', '136', '6');
INSERT INTO `order_item` VALUES ('3128', '3408', '元', '1.44', '4907.52', '136', '7');
INSERT INTO `order_item` VALUES ('3129', '3111', '元', '2.52', '7839.72', '136', '8');
INSERT INTO `order_item` VALUES ('3130', '879', '元', '0.13', '114.27', '136', '9');
INSERT INTO `order_item` VALUES ('3131', '1581', '元', '5.33', '8426.73', '136', '10');
INSERT INTO `order_item` VALUES ('3132', '4337', '元', '2.34', '10148.58', '137', '1');
INSERT INTO `order_item` VALUES ('3133', '1163', '元', '9.75', '11339.25', '137', '2');
INSERT INTO `order_item` VALUES ('3134', '251', '元', '6.01', '1508.51', '137', '3');
INSERT INTO `order_item` VALUES ('3135', '2834', '元', '7.04', '19951.36', '137', '4');
INSERT INTO `order_item` VALUES ('3136', '2368', '元', '4.89', '11579.52', '137', '5');
INSERT INTO `order_item` VALUES ('3137', '1920', '元', '5.6', '10752', '137', '6');
INSERT INTO `order_item` VALUES ('3138', '1721', '元', '7.42', '12769.82', '137', '7');
INSERT INTO `order_item` VALUES ('3139', '3481', '元', '5.87', '20433.47', '137', '8');
INSERT INTO `order_item` VALUES ('3140', '2184', '元', '5.44', '11880.96', '137', '9');
INSERT INTO `order_item` VALUES ('3141', '3249', '元', '9.08', '29500.92', '137', '10');
INSERT INTO `order_item` VALUES ('3142', '2494', '元', '7.57', '18879.58', '138', '1');
INSERT INTO `order_item` VALUES ('3143', '757', '元', '5.5', '4163.5', '138', '2');
INSERT INTO `order_item` VALUES ('3144', '3667', '元', '3.9', '14301.3', '138', '3');
INSERT INTO `order_item` VALUES ('3145', '485', '元', '3.09', '1498.65', '138', '4');
INSERT INTO `order_item` VALUES ('3146', '4665', '元', '9.56', '44597.4', '138', '5');
INSERT INTO `order_item` VALUES ('3147', '152', '元', '8.93', '1357.36', '138', '6');
INSERT INTO `order_item` VALUES ('3148', '1045', '元', '9.58', '10011.1', '138', '7');
INSERT INTO `order_item` VALUES ('3149', '2239', '元', '3.65', '8172.35', '138', '8');
INSERT INTO `order_item` VALUES ('3150', '4075', '元', '3.17', '12917.75', '138', '9');
INSERT INTO `order_item` VALUES ('3151', '4763', '元', '6.71', '31959.73', '138', '10');
INSERT INTO `order_item` VALUES ('3152', '3925', '元', '7.03', '27592.75', '139', '1');
INSERT INTO `order_item` VALUES ('3153', '25', '元', '1.04', '26', '139', '2');
INSERT INTO `order_item` VALUES ('3154', '4682', '元', '0.09', '421.38', '139', '3');
INSERT INTO `order_item` VALUES ('3155', '4864', '元', '1.03', '5009.92', '139', '4');
INSERT INTO `order_item` VALUES ('3156', '1430', '元', '6.18', '8837.4', '139', '5');
INSERT INTO `order_item` VALUES ('3157', '3181', '元', '8.09', '25734.29', '139', '6');
INSERT INTO `order_item` VALUES ('3158', '2448', '元', '6.93', '16964.64', '139', '7');
INSERT INTO `order_item` VALUES ('3159', '2766', '元', '1.93', '5338.38', '139', '8');
INSERT INTO `order_item` VALUES ('3160', '2982', '元', '1.3', '3876.6', '139', '9');
INSERT INTO `order_item` VALUES ('3161', '147', '元', '2.21', '324.87', '139', '10');
INSERT INTO `order_item` VALUES ('3162', '4353', '元', '6.93', '30166.29', '140', '1');
INSERT INTO `order_item` VALUES ('3163', '3680', '元', '4.27', '15713.6', '140', '2');
INSERT INTO `order_item` VALUES ('3164', '1949', '元', '0.59', '1149.91', '140', '3');
INSERT INTO `order_item` VALUES ('3165', '1884', '元', '6.36', '11982.24', '140', '4');
INSERT INTO `order_item` VALUES ('3166', '1994', '元', '9.09', '18125.46', '140', '5');
INSERT INTO `order_item` VALUES ('3167', '3092', '元', '4.93', '15243.56', '140', '6');
INSERT INTO `order_item` VALUES ('3168', '323', '元', '4.84', '1563.32', '140', '7');
INSERT INTO `order_item` VALUES ('3169', '4628', '元', '3.99', '18465.72', '140', '8');
INSERT INTO `order_item` VALUES ('3170', '973', '元', '4.73', '4602.29', '140', '9');
INSERT INTO `order_item` VALUES ('3171', '3302', '元', '2.32', '7660.64', '140', '10');
INSERT INTO `order_item` VALUES ('3172', '1483', '元', '9.31', '13806.73', '141', '1');
INSERT INTO `order_item` VALUES ('3173', '4580', '元', '7.51', '34395.8', '141', '2');
INSERT INTO `order_item` VALUES ('3174', '550', '元', '1.48', '814', '141', '3');
INSERT INTO `order_item` VALUES ('3175', '461', '元', '3.2', '1475.2', '141', '4');
INSERT INTO `order_item` VALUES ('3176', '4454', '元', '3.79', '16880.66', '141', '5');
INSERT INTO `order_item` VALUES ('3177', '3647', '元', '2.71', '9883.37', '141', '6');
INSERT INTO `order_item` VALUES ('3178', '388', '元', '0.69', '267.72', '141', '7');
INSERT INTO `order_item` VALUES ('3179', '3341', '元', '2.7', '9020.7', '141', '8');
INSERT INTO `order_item` VALUES ('3180', '3375', '元', '3.4', '11475', '141', '9');
INSERT INTO `order_item` VALUES ('3181', '1492', '元', '0.8', '1193.6', '141', '10');
INSERT INTO `order_item` VALUES ('3182', '3210', '元', '0.18', '577.8', '142', '1');
INSERT INTO `order_item` VALUES ('3183', '2183', '元', '0.5', '1091.5', '142', '2');
INSERT INTO `order_item` VALUES ('3184', '3512', '元', '7.25', '25462', '142', '3');
INSERT INTO `order_item` VALUES ('3185', '216', '元', '0.9', '194.4', '142', '4');
INSERT INTO `order_item` VALUES ('3186', '2042', '元', '6.29', '12844.18', '142', '5');
INSERT INTO `order_item` VALUES ('3187', '836', '元', '0.91', '760.76', '142', '6');
INSERT INTO `order_item` VALUES ('3188', '3239', '元', '6.37', '20632.43', '142', '7');
INSERT INTO `order_item` VALUES ('3189', '3154', '元', '2.27', '7159.58', '142', '8');
INSERT INTO `order_item` VALUES ('3190', '2711', '元', '2.16', '5855.76', '142', '9');
INSERT INTO `order_item` VALUES ('3191', '4588', '元', '1.32', '6056.16', '142', '10');
INSERT INTO `order_item` VALUES ('3192', '1861', '元', '6.78', '12617.58', '143', '1');
INSERT INTO `order_item` VALUES ('3193', '806', '元', '4.9', '3949.4', '143', '2');
INSERT INTO `order_item` VALUES ('3194', '3288', '元', '0.25', '822', '143', '3');
INSERT INTO `order_item` VALUES ('3195', '3141', '元', '5.64', '17715.24', '143', '4');
INSERT INTO `order_item` VALUES ('3196', '2702', '元', '9.61', '25966.22', '143', '5');
INSERT INTO `order_item` VALUES ('3197', '755', '元', '0.49', '369.95', '143', '6');
INSERT INTO `order_item` VALUES ('3198', '1606', '元', '0.66', '1059.96', '143', '7');
INSERT INTO `order_item` VALUES ('3199', '1597', '元', '0.43', '686.71', '143', '8');
INSERT INTO `order_item` VALUES ('3200', '634', '元', '7.27', '4609.18', '143', '9');
INSERT INTO `order_item` VALUES ('3201', '1438', '元', '8.1', '11647.8', '143', '10');
INSERT INTO `order_item` VALUES ('3202', '4005', '元', '1.09', '4365.45', '144', '1');
INSERT INTO `order_item` VALUES ('3203', '332', '元', '0.36', '119.52', '144', '2');
INSERT INTO `order_item` VALUES ('3204', '4977', '元', '5', '24885', '144', '3');
INSERT INTO `order_item` VALUES ('3205', '4828', '元', '9.08', '43838.24', '144', '4');
INSERT INTO `order_item` VALUES ('3206', '1935', '元', '6.59', '12751.65', '144', '5');
INSERT INTO `order_item` VALUES ('3207', '110', '元', '1.91', '210.1', '144', '6');
INSERT INTO `order_item` VALUES ('3208', '3950', '元', '1.78', '7031', '144', '7');
INSERT INTO `order_item` VALUES ('3209', '3858', '元', '5.39', '20794.62', '144', '8');
INSERT INTO `order_item` VALUES ('3210', '2891', '元', '9.73', '28129.43', '144', '9');
INSERT INTO `order_item` VALUES ('3211', '604', '元', '9.99', '6033.96', '144', '10');
INSERT INTO `order_item` VALUES ('3212', '1356', '元', '3.77', '5112.12', '145', '1');
INSERT INTO `order_item` VALUES ('3213', '490', '元', '7.6', '3724', '145', '2');
INSERT INTO `order_item` VALUES ('3214', '2996', '元', '0.07', '209.72', '145', '3');
INSERT INTO `order_item` VALUES ('3215', '45', '元', '9.24', '415.8', '145', '4');
INSERT INTO `order_item` VALUES ('3216', '4565', '元', '6.59', '30083.35', '145', '5');
INSERT INTO `order_item` VALUES ('3217', '3018', '元', '0.19', '573.42', '145', '6');
INSERT INTO `order_item` VALUES ('3218', '3400', '元', '4.61', '15674', '145', '7');
INSERT INTO `order_item` VALUES ('3219', '1663', '元', '8.02', '13337.26', '145', '8');
INSERT INTO `order_item` VALUES ('3220', '934', '元', '4.55', '4249.7', '145', '9');
INSERT INTO `order_item` VALUES ('3221', '4404', '元', '7.67', '33778.68', '145', '10');
INSERT INTO `order_item` VALUES ('3222', '3984', '元', '2.66', '10597.44', '146', '1');
INSERT INTO `order_item` VALUES ('3223', '4721', '元', '3.39', '16004.19', '146', '2');
INSERT INTO `order_item` VALUES ('3224', '212', '元', '4.82', '1021.84', '146', '3');
INSERT INTO `order_item` VALUES ('3225', '394', '元', '1.41', '555.54', '146', '4');
INSERT INTO `order_item` VALUES ('3226', '2641', '元', '9.91', '26172.31', '146', '5');
INSERT INTO `order_item` VALUES ('3227', '2483', '元', '8.97', '22272.51', '146', '6');
INSERT INTO `order_item` VALUES ('3228', '1627', '元', '8.66', '14089.82', '146', '7');
INSERT INTO `order_item` VALUES ('3229', '3407', '元', '2.56', '8721.92', '146', '8');
INSERT INTO `order_item` VALUES ('3230', '3151', '元', '7.01', '22088.51', '146', '9');
INSERT INTO `order_item` VALUES ('3231', '2695', '元', '9.52', '25656.4', '146', '10');
INSERT INTO `order_item` VALUES ('3232', '2151', '元', '5.68', '12217.68', '147', '1');
INSERT INTO `order_item` VALUES ('3233', '3856', '元', '9.69', '37364.64', '147', '2');
INSERT INTO `order_item` VALUES ('3234', '3301', '元', '5.71', '18848.71', '147', '3');
INSERT INTO `order_item` VALUES ('3235', '689', '元', '2.24', '1543.36', '147', '4');
INSERT INTO `order_item` VALUES ('3236', '3210', '元', '0.49', '1572.9', '147', '5');
INSERT INTO `order_item` VALUES ('3237', '3426', '元', '3.79', '12984.54', '147', '6');
INSERT INTO `order_item` VALUES ('3238', '2239', '元', '5.01', '11217.39', '147', '7');
INSERT INTO `order_item` VALUES ('3239', '597', '元', '1.39', '829.83', '147', '8');
INSERT INTO `order_item` VALUES ('3240', '3684', '元', '0.75', '2763', '147', '9');
INSERT INTO `order_item` VALUES ('3241', '491', '元', '0.49', '240.59', '147', '10');
INSERT INTO `order_item` VALUES ('3242', '3767', '元', '2.99', '11263.33', '148', '1');
INSERT INTO `order_item` VALUES ('3243', '984', '元', '8.05', '7921.2', '148', '2');
INSERT INTO `order_item` VALUES ('3244', '3016', '元', '7.8', '23524.8', '148', '3');
INSERT INTO `order_item` VALUES ('3245', '3592', '元', '6.29', '22593.68', '148', '4');
INSERT INTO `order_item` VALUES ('3246', '3343', '元', '0.69', '2306.67', '148', '5');
INSERT INTO `order_item` VALUES ('3247', '1582', '元', '1.79', '2831.78', '148', '6');
INSERT INTO `order_item` VALUES ('3248', '716', '元', '7', '5012', '148', '7');
INSERT INTO `order_item` VALUES ('3249', '1258', '元', '4.96', '6239.68', '148', '8');
INSERT INTO `order_item` VALUES ('3250', '4379', '元', '1.6', '7006.4', '148', '9');
INSERT INTO `order_item` VALUES ('3251', '410', '元', '2.91', '1193.1', '148', '10');
INSERT INTO `order_item` VALUES ('3252', '19', '元', '8.69', '165.11', '149', '1');
INSERT INTO `order_item` VALUES ('3253', '2734', '元', '9.18', '25098.12', '149', '2');
INSERT INTO `order_item` VALUES ('3254', '1196', '元', '3.71', '4437.16', '149', '3');
INSERT INTO `order_item` VALUES ('3255', '4710', '元', '0.7', '3297', '149', '4');
INSERT INTO `order_item` VALUES ('3256', '2616', '元', '0.15', '392.4', '149', '5');
INSERT INTO `order_item` VALUES ('3257', '3374', '元', '2.07', '6984.18', '149', '6');
INSERT INTO `order_item` VALUES ('3258', '2643', '元', '4.62', '12210.66', '149', '7');
INSERT INTO `order_item` VALUES ('3259', '2086', '元', '4.6', '9595.6', '149', '8');
INSERT INTO `order_item` VALUES ('3260', '3310', '元', '1.39', '4600.9', '149', '9');
INSERT INTO `order_item` VALUES ('3261', '2327', '元', '1.38', '3211.26', '149', '10');
INSERT INTO `order_item` VALUES ('3262', '3566', '元', '9.38', '33449.08', '150', '1');
INSERT INTO `order_item` VALUES ('3263', '1785', '元', '3.06', '5462.1', '150', '2');
INSERT INTO `order_item` VALUES ('3264', '3590', '元', '7.99', '28684.1', '150', '3');
INSERT INTO `order_item` VALUES ('3265', '452', '元', '5.1', '2305.2', '150', '4');
INSERT INTO `order_item` VALUES ('3266', '570', '元', '1.67', '951.9', '150', '5');
INSERT INTO `order_item` VALUES ('3267', '4796', '元', '7.26', '34818.96', '150', '6');
INSERT INTO `order_item` VALUES ('3268', '2181', '元', '6.28', '13696.68', '150', '7');
INSERT INTO `order_item` VALUES ('3269', '1382', '元', '0.26', '359.32', '150', '8');
INSERT INTO `order_item` VALUES ('3270', '4215', '元', '7.78', '32792.7', '150', '9');
INSERT INTO `order_item` VALUES ('3271', '3946', '元', '7.02', '27700.92', '150', '10');
INSERT INTO `order_item` VALUES ('3272', '1245', '元', '2.62', '3261.9', '151', '1');
INSERT INTO `order_item` VALUES ('3273', '3858', '元', '4.56', '17592.48', '151', '2');
INSERT INTO `order_item` VALUES ('3274', '3771', '元', '3.37', '12708.27', '151', '3');
INSERT INTO `order_item` VALUES ('3275', '106', '元', '8.39', '889.34', '151', '4');
INSERT INTO `order_item` VALUES ('3276', '2364', '元', '8.83', '20874.12', '151', '5');
INSERT INTO `order_item` VALUES ('3277', '4915', '元', '7.1', '34896.5', '151', '6');
INSERT INTO `order_item` VALUES ('3278', '3170', '元', '0.93', '2948.1', '151', '7');
INSERT INTO `order_item` VALUES ('3279', '2709', '元', '0.58', '1571.22', '151', '8');
INSERT INTO `order_item` VALUES ('3280', '3909', '元', '9.04', '35337.36', '151', '9');
INSERT INTO `order_item` VALUES ('3281', '3416', '元', '1.39', '4748.24', '151', '10');
INSERT INTO `order_item` VALUES ('3282', '4703', '元', '5.87', '27606.61', '152', '1');
INSERT INTO `order_item` VALUES ('3283', '3581', '元', '0.14', '501.34', '152', '2');
INSERT INTO `order_item` VALUES ('3284', '2924', '元', '7.83', '22894.92', '152', '3');
INSERT INTO `order_item` VALUES ('3285', '1081', '元', '9.13', '9869.53', '152', '4');
INSERT INTO `order_item` VALUES ('3286', '4536', '元', '5.34', '24222.24', '152', '5');
INSERT INTO `order_item` VALUES ('3287', '529', '元', '0.42', '222.18', '152', '6');
INSERT INTO `order_item` VALUES ('3288', '2725', '元', '7.69', '20955.25', '152', '7');
INSERT INTO `order_item` VALUES ('3289', '4549', '元', '1.73', '7869.77', '152', '8');
INSERT INTO `order_item` VALUES ('3290', '1115', '元', '2.47', '2754.05', '152', '9');
INSERT INTO `order_item` VALUES ('3291', '2128', '元', '7.2', '15321.6', '152', '10');
INSERT INTO `order_item` VALUES ('3292', '3995', '元', '1.1', '4394.5', '153', '1');
INSERT INTO `order_item` VALUES ('3293', '1159', '元', '7.03', '8147.77', '153', '2');
INSERT INTO `order_item` VALUES ('3294', '3416', '元', '7.91', '27020.56', '153', '3');
INSERT INTO `order_item` VALUES ('3295', '4796', '元', '9.61', '46089.56', '153', '4');
INSERT INTO `order_item` VALUES ('3296', '538', '元', '5.35', '2878.3', '153', '5');
INSERT INTO `order_item` VALUES ('3297', '3346', '元', '8.43', '28206.78', '153', '6');
INSERT INTO `order_item` VALUES ('3298', '3908', '元', '8.16', '31889.28', '153', '7');
INSERT INTO `order_item` VALUES ('3299', '2164', '元', '6.04', '13070.56', '153', '8');
INSERT INTO `order_item` VALUES ('3300', '4295', '元', '8.01', '34402.95', '153', '9');
INSERT INTO `order_item` VALUES ('3301', '4382', '元', '9.07', '39744.74', '153', '10');
INSERT INTO `order_item` VALUES ('3302', '3886', '元', '5.58', '21683.88', '154', '1');
INSERT INTO `order_item` VALUES ('3303', '2408', '元', '7.28', '17530.24', '154', '2');
INSERT INTO `order_item` VALUES ('3304', '1064', '元', '0.62', '659.68', '154', '3');
INSERT INTO `order_item` VALUES ('3305', '1989', '元', '2.56', '5091.84', '154', '4');
INSERT INTO `order_item` VALUES ('3306', '302', '元', '8.58', '2591.16', '154', '5');
INSERT INTO `order_item` VALUES ('3307', '4838', '元', '6.96', '33672.48', '154', '6');
INSERT INTO `order_item` VALUES ('3308', '1818', '元', '0.91', '1654.38', '154', '7');
INSERT INTO `order_item` VALUES ('3309', '176', '元', '5.43', '955.68', '154', '8');
INSERT INTO `order_item` VALUES ('3310', '4128', '元', '3.89', '16057.92', '154', '9');
INSERT INTO `order_item` VALUES ('3311', '534', '元', '1.45', '774.3', '154', '10');
INSERT INTO `order_item` VALUES ('3312', '4802', '元', '9.62', '46195.24', '155', '1');
INSERT INTO `order_item` VALUES ('3313', '4608', '元', '5.01', '23086.08', '155', '2');
INSERT INTO `order_item` VALUES ('3314', '1909', '元', '6.49', '12389.41', '155', '3');
INSERT INTO `order_item` VALUES ('3315', '3333', '元', '9.61', '32030.13', '155', '4');
INSERT INTO `order_item` VALUES ('3316', '4603', '元', '6.85', '31530.55', '155', '5');
INSERT INTO `order_item` VALUES ('3317', '3790', '元', '8.78', '33276.2', '155', '6');
INSERT INTO `order_item` VALUES ('3318', '2736', '元', '1.77', '4842.72', '155', '7');
INSERT INTO `order_item` VALUES ('3319', '1877', '元', '7.12', '13364.24', '155', '8');
INSERT INTO `order_item` VALUES ('3320', '4455', '元', '1.79', '7974.45', '155', '9');
INSERT INTO `order_item` VALUES ('3321', '3724', '元', '9.86', '36718.64', '155', '10');
INSERT INTO `order_item` VALUES ('3322', '3830', '元', '9.91', '37955.3', '156', '1');
INSERT INTO `order_item` VALUES ('3323', '3889', '元', '4.32', '16800.48', '156', '2');
INSERT INTO `order_item` VALUES ('3324', '2166', '元', '3.42', '7407.72', '156', '3');
INSERT INTO `order_item` VALUES ('3325', '1656', '元', '2.01', '3328.56', '156', '4');
INSERT INTO `order_item` VALUES ('3326', '3967', '元', '1.16', '4601.72', '156', '5');
INSERT INTO `order_item` VALUES ('3327', '2114', '元', '3.83', '8096.62', '156', '6');
INSERT INTO `order_item` VALUES ('3328', '2724', '元', '2.86', '7790.64', '156', '7');
INSERT INTO `order_item` VALUES ('3329', '3435', '元', '4.41', '15148.35', '156', '8');
INSERT INTO `order_item` VALUES ('3330', '309', '元', '3.12', '964.08', '156', '9');
INSERT INTO `order_item` VALUES ('3331', '1507', '元', '2.48', '3737.36', '156', '10');
INSERT INTO `order_item` VALUES ('3332', '1789', '元', '7.5', '13417.5', '157', '1');
INSERT INTO `order_item` VALUES ('3333', '2239', '元', '7.93', '17755.27', '157', '2');
INSERT INTO `order_item` VALUES ('3334', '2301', '元', '2.05', '4717.05', '157', '3');
INSERT INTO `order_item` VALUES ('3335', '2102', '元', '7.54', '15849.08', '157', '4');
INSERT INTO `order_item` VALUES ('3336', '1631', '元', '1.58', '2576.98', '157', '5');
INSERT INTO `order_item` VALUES ('3337', '4735', '元', '8.37', '39631.95', '157', '6');
INSERT INTO `order_item` VALUES ('3338', '4672', '元', '2.93', '13688.96', '157', '7');
INSERT INTO `order_item` VALUES ('3339', '71', '元', '5.6', '397.6', '157', '8');
INSERT INTO `order_item` VALUES ('3340', '1717', '元', '2.76', '4738.92', '157', '9');
INSERT INTO `order_item` VALUES ('3341', '4564', '元', '9.49', '43312.36', '157', '10');
INSERT INTO `order_item` VALUES ('3342', '3971', '元', '6.77', '26883.67', '158', '1');
INSERT INTO `order_item` VALUES ('3343', '1687', '元', '6.45', '10881.15', '158', '2');
INSERT INTO `order_item` VALUES ('3344', '2781', '元', '5.82', '16185.42', '158', '3');
INSERT INTO `order_item` VALUES ('3345', '2532', '元', '2.72', '6887.04', '158', '4');
INSERT INTO `order_item` VALUES ('3346', '450', '元', '1.21', '544.5', '158', '5');
INSERT INTO `order_item` VALUES ('3347', '3969', '元', '9.65', '38300.85', '158', '6');
INSERT INTO `order_item` VALUES ('3348', '2878', '元', '7.91', '22764.98', '158', '7');
INSERT INTO `order_item` VALUES ('3349', '1653', '元', '2.84', '4694.52', '158', '8');
INSERT INTO `order_item` VALUES ('3350', '4039', '元', '0.7', '2827.3', '158', '9');
INSERT INTO `order_item` VALUES ('3351', '1991', '元', '5.23', '10412.93', '158', '10');
INSERT INTO `order_item` VALUES ('3352', '3941', '元', '5.71', '22503.11', '159', '1');
INSERT INTO `order_item` VALUES ('3353', '1160', '元', '3.08', '3572.8', '159', '2');
INSERT INTO `order_item` VALUES ('3354', '1771', '元', '3.53', '6251.63', '159', '3');
INSERT INTO `order_item` VALUES ('3355', '4528', '元', '1.34', '6067.52', '159', '4');
INSERT INTO `order_item` VALUES ('3356', '2320', '元', '9.8', '22736', '159', '5');
INSERT INTO `order_item` VALUES ('3357', '1253', '元', '2.12', '2656.36', '159', '6');
INSERT INTO `order_item` VALUES ('3358', '39', '元', '8.59', '335.01', '159', '7');
INSERT INTO `order_item` VALUES ('3359', '3380', '元', '0.33', '1115.4', '159', '8');
INSERT INTO `order_item` VALUES ('3360', '4941', '元', '7.72', '38144.52', '159', '9');
INSERT INTO `order_item` VALUES ('3361', '4817', '元', '7.23', '34826.91', '159', '10');
INSERT INTO `order_item` VALUES ('3362', '1239', '元', '1.14', '1412.46', '160', '1');
INSERT INTO `order_item` VALUES ('3363', '1782', '元', '0.68', '1211.76', '160', '2');
INSERT INTO `order_item` VALUES ('3364', '4238', '元', '7.81', '33098.78', '160', '3');
INSERT INTO `order_item` VALUES ('3365', '4514', '元', '7.29', '32907.06', '160', '4');
INSERT INTO `order_item` VALUES ('3366', '604', '元', '6.19', '3738.76', '160', '5');
INSERT INTO `order_item` VALUES ('3367', '2766', '元', '6.79', '18781.14', '160', '6');
INSERT INTO `order_item` VALUES ('3368', '938', '元', '1.71', '1603.98', '160', '7');
INSERT INTO `order_item` VALUES ('3369', '1308', '元', '5.96', '7795.68', '160', '8');
INSERT INTO `order_item` VALUES ('3370', '1633', '元', '5.34', '8720.22', '160', '9');
INSERT INTO `order_item` VALUES ('3371', '4674', '元', '7.17', '33512.58', '160', '10');
INSERT INTO `order_item` VALUES ('3372', '2312', '元', '8.86', '20484.32', '161', '1');
INSERT INTO `order_item` VALUES ('3373', '2582', '元', '3.1', '8004.2', '161', '2');
INSERT INTO `order_item` VALUES ('3374', '1290', '元', '7.07', '9120.3', '161', '3');
INSERT INTO `order_item` VALUES ('3375', '84', '元', '2.2', '184.8', '161', '4');
INSERT INTO `order_item` VALUES ('3376', '2095', '元', '7.44', '15586.8', '161', '5');
INSERT INTO `order_item` VALUES ('3377', '2684', '元', '7.14', '19163.76', '161', '6');
INSERT INTO `order_item` VALUES ('3378', '3708', '元', '6.95', '25770.6', '161', '7');
INSERT INTO `order_item` VALUES ('3379', '3958', '元', '5.51', '21808.58', '161', '8');
INSERT INTO `order_item` VALUES ('3380', '1737', '元', '4.16', '7225.92', '161', '9');
INSERT INTO `order_item` VALUES ('3381', '1722', '元', '5.78', '9953.16', '161', '10');
INSERT INTO `order_item` VALUES ('3382', '2689', '元', '3.03', '8147.67', '162', '1');
INSERT INTO `order_item` VALUES ('3383', '267', '元', '5.71', '1524.57', '162', '2');
INSERT INTO `order_item` VALUES ('3384', '3504', '元', '6.82', '23897.28', '162', '3');
INSERT INTO `order_item` VALUES ('3385', '4051', '元', '7.52', '30463.52', '162', '4');
INSERT INTO `order_item` VALUES ('3386', '11', '元', '8.45', '92.95', '162', '5');
INSERT INTO `order_item` VALUES ('3387', '42', '元', '3.44', '144.48', '162', '6');
INSERT INTO `order_item` VALUES ('3388', '885', '元', '4.29', '3796.65', '162', '7');
INSERT INTO `order_item` VALUES ('3389', '2659', '元', '2.59', '6886.81', '162', '8');
INSERT INTO `order_item` VALUES ('3390', '1353', '元', '9.53', '12894.09', '162', '9');
INSERT INTO `order_item` VALUES ('3391', '3627', '元', '5.19', '18824.13', '162', '10');
INSERT INTO `order_item` VALUES ('3392', '2257', '元', '4.23', '9547.11', '163', '1');
INSERT INTO `order_item` VALUES ('3393', '1585', '元', '2.01', '3185.85', '163', '2');
INSERT INTO `order_item` VALUES ('3394', '4439', '元', '6.75', '29963.25', '163', '3');
INSERT INTO `order_item` VALUES ('3395', '29', '元', '4.59', '133.11', '163', '4');
INSERT INTO `order_item` VALUES ('3396', '4191', '元', '4.66', '19530.06', '163', '5');
INSERT INTO `order_item` VALUES ('3397', '1468', '元', '0.83', '1218.44', '163', '6');
INSERT INTO `order_item` VALUES ('3398', '3373', '元', '7.45', '25128.85', '163', '7');
INSERT INTO `order_item` VALUES ('3399', '4490', '元', '0.85', '3816.5', '163', '8');
INSERT INTO `order_item` VALUES ('3400', '2534', '元', '8.45', '21412.3', '163', '9');
INSERT INTO `order_item` VALUES ('3401', '1402', '元', '2.65', '3715.3', '163', '10');
INSERT INTO `order_item` VALUES ('3402', '1376', '元', '4.04', '5559.04', '164', '1');
INSERT INTO `order_item` VALUES ('3403', '3160', '元', '4.97', '15705.2', '164', '2');
INSERT INTO `order_item` VALUES ('3404', '4971', '元', '2.13', '10588.23', '164', '3');
INSERT INTO `order_item` VALUES ('3405', '1578', '元', '3.78', '5964.84', '164', '4');
INSERT INTO `order_item` VALUES ('3406', '4490', '元', '5.48', '24605.2', '164', '5');
INSERT INTO `order_item` VALUES ('3407', '4513', '元', '4.31', '19451.03', '164', '6');
INSERT INTO `order_item` VALUES ('3408', '3589', '元', '1.62', '5814.18', '164', '7');
INSERT INTO `order_item` VALUES ('3409', '1764', '元', '9.79', '17269.56', '164', '8');
INSERT INTO `order_item` VALUES ('3410', '898', '元', '1.13', '1014.74', '164', '9');
INSERT INTO `order_item` VALUES ('3411', '761', '元', '9.69', '7374.09', '164', '10');
INSERT INTO `order_item` VALUES ('3412', '2728', '元', '5.13', '13994.64', '165', '1');
INSERT INTO `order_item` VALUES ('3413', '3940', '元', '8.08', '31835.2', '165', '2');
INSERT INTO `order_item` VALUES ('3414', '3421', '元', '0.34', '1163.14', '165', '3');
INSERT INTO `order_item` VALUES ('3415', '3485', '元', '9.31', '32445.35', '165', '4');
INSERT INTO `order_item` VALUES ('3416', '4085', '元', '2.17', '8864.45', '165', '5');
INSERT INTO `order_item` VALUES ('3417', '1158', '元', '9.77', '11313.66', '165', '6');
INSERT INTO `order_item` VALUES ('3418', '4343', '元', '8.42', '36568.06', '165', '7');
INSERT INTO `order_item` VALUES ('3419', '3418', '元', '8', '27344', '165', '8');
INSERT INTO `order_item` VALUES ('3420', '4177', '元', '9.25', '38637.25', '165', '9');
INSERT INTO `order_item` VALUES ('3421', '1192', '元', '3.98', '4744.16', '165', '10');
INSERT INTO `order_item` VALUES ('3422', '607', '元', '1.12', '679.84', '166', '1');
INSERT INTO `order_item` VALUES ('3423', '1819', '元', '4.84', '8803.96', '166', '2');
INSERT INTO `order_item` VALUES ('3424', '2147', '元', '3.17', '6805.99', '166', '3');
INSERT INTO `order_item` VALUES ('3425', '3693', '元', '6.29', '23228.97', '166', '4');
INSERT INTO `order_item` VALUES ('3426', '309', '元', '8.83', '2728.47', '166', '5');
INSERT INTO `order_item` VALUES ('3427', '1254', '元', '0.64', '802.56', '166', '6');
INSERT INTO `order_item` VALUES ('3428', '1492', '元', '1.89', '2819.88', '166', '7');
INSERT INTO `order_item` VALUES ('3429', '3885', '元', '5.26', '20435.1', '166', '8');
INSERT INTO `order_item` VALUES ('3430', '4130', '元', '6.86', '28331.8', '166', '9');
INSERT INTO `order_item` VALUES ('3431', '516', '元', '8.38', '4324.08', '166', '10');
INSERT INTO `order_item` VALUES ('3432', '2497', '元', '5.75', '14357.75', '167', '1');
INSERT INTO `order_item` VALUES ('3433', '3583', '元', '1.26', '4514.58', '167', '2');
INSERT INTO `order_item` VALUES ('3434', '2911', '元', '7.44', '21657.84', '167', '3');
INSERT INTO `order_item` VALUES ('3435', '4533', '元', '9.83', '44559.39', '167', '4');
INSERT INTO `order_item` VALUES ('3436', '2436', '元', '1.69', '4116.84', '167', '5');
INSERT INTO `order_item` VALUES ('3437', '678', '元', '0.05', '33.9', '167', '6');
INSERT INTO `order_item` VALUES ('3438', '3013', '元', '3.01', '9069.13', '167', '7');
INSERT INTO `order_item` VALUES ('3439', '2675', '元', '2.29', '6125.75', '167', '8');
INSERT INTO `order_item` VALUES ('3440', '4419', '元', '5.13', '22669.47', '167', '9');
INSERT INTO `order_item` VALUES ('3441', '1513', '元', '0.52', '786.76', '167', '10');
INSERT INTO `order_item` VALUES ('3442', '2975', '元', '1.25', '3718.75', '168', '1');
INSERT INTO `order_item` VALUES ('3443', '3777', '元', '0.63', '2379.51', '168', '2');
INSERT INTO `order_item` VALUES ('3444', '827', '元', '9.32', '7707.64', '168', '3');
INSERT INTO `order_item` VALUES ('3445', '535', '元', '1.28', '684.8', '168', '4');
INSERT INTO `order_item` VALUES ('3446', '2413', '元', '7.85', '18942.05', '168', '5');
INSERT INTO `order_item` VALUES ('3447', '443', '元', '4.06', '1798.58', '168', '6');
INSERT INTO `order_item` VALUES ('3448', '669', '元', '4.73', '3164.37', '168', '7');
INSERT INTO `order_item` VALUES ('3449', '3567', '元', '8.68', '30961.56', '168', '8');
INSERT INTO `order_item` VALUES ('3450', '4814', '元', '0.55', '2647.7', '168', '9');
INSERT INTO `order_item` VALUES ('3451', '3838', '元', '1.06', '4068.28', '168', '10');
INSERT INTO `order_item` VALUES ('3452', '543', '元', '1.23', '667.89', '169', '1');
INSERT INTO `order_item` VALUES ('3453', '1518', '元', '1.33', '2018.94', '169', '2');
INSERT INTO `order_item` VALUES ('3454', '1509', '元', '2.75', '4149.75', '169', '3');
INSERT INTO `order_item` VALUES ('3455', '2467', '元', '1.69', '4169.23', '169', '4');
INSERT INTO `order_item` VALUES ('3456', '3660', '元', '0.17', '622.2', '169', '5');
INSERT INTO `order_item` VALUES ('3457', '411', '元', '6.11', '2511.21', '169', '6');
INSERT INTO `order_item` VALUES ('3458', '117', '元', '6.54', '765.18', '169', '7');
INSERT INTO `order_item` VALUES ('3459', '3529', '元', '7.1', '25055.9', '169', '8');
INSERT INTO `order_item` VALUES ('3460', '607', '元', '6.35', '3854.45', '169', '9');
INSERT INTO `order_item` VALUES ('3461', '3396', '元', '9.1', '30903.6', '169', '10');
INSERT INTO `order_item` VALUES ('3462', '90', '元', '3.81', '342.9', '170', '1');
INSERT INTO `order_item` VALUES ('3463', '1374', '元', '8.38', '11514.12', '170', '2');
INSERT INTO `order_item` VALUES ('3464', '1472', '元', '6.49', '9553.28', '170', '3');
INSERT INTO `order_item` VALUES ('3465', '2740', '元', '6.26', '17152.4', '170', '4');
INSERT INTO `order_item` VALUES ('3466', '3239', '元', '6.66', '21571.74', '170', '5');
INSERT INTO `order_item` VALUES ('3467', '3402', '元', '2.39', '8130.78', '170', '6');
INSERT INTO `order_item` VALUES ('3468', '2609', '元', '7.15', '18654.35', '170', '7');
INSERT INTO `order_item` VALUES ('3469', '4321', '元', '8.09', '34956.89', '170', '8');
INSERT INTO `order_item` VALUES ('3470', '4739', '元', '2.88', '13648.32', '170', '9');
INSERT INTO `order_item` VALUES ('3471', '2871', '元', '4.49', '12890.79', '170', '10');
INSERT INTO `order_item` VALUES ('3472', '3353', '元', '5.84', '19581.52', '171', '1');
INSERT INTO `order_item` VALUES ('3473', '624', '元', '3.85', '2402.4', '171', '2');
INSERT INTO `order_item` VALUES ('3474', '4430', '元', '4.33', '19181.9', '171', '3');
INSERT INTO `order_item` VALUES ('3475', '4223', '元', '9.2', '38851.6', '171', '4');
INSERT INTO `order_item` VALUES ('3476', '4598', '元', '5.51', '25334.98', '171', '5');
INSERT INTO `order_item` VALUES ('3477', '779', '元', '2.04', '1589.16', '171', '6');
INSERT INTO `order_item` VALUES ('3478', '578', '元', '6.14', '3548.92', '171', '7');
INSERT INTO `order_item` VALUES ('3479', '627', '元', '4.37', '2739.99', '171', '8');
INSERT INTO `order_item` VALUES ('3480', '51', '元', '5.96', '303.96', '171', '9');
INSERT INTO `order_item` VALUES ('3481', '1694', '元', '7.61', '12891.34', '171', '10');
INSERT INTO `order_item` VALUES ('3482', '4292', '元', '3.82', '16395.44', '172', '1');
INSERT INTO `order_item` VALUES ('3483', '85', '元', '9.14', '776.9', '172', '2');
INSERT INTO `order_item` VALUES ('3484', '2509', '元', '7.88', '19770.92', '172', '3');
INSERT INTO `order_item` VALUES ('3485', '187', '元', '0.05', '9.35', '172', '4');
INSERT INTO `order_item` VALUES ('3486', '1662', '元', '5.54', '9207.48', '172', '5');
INSERT INTO `order_item` VALUES ('3487', '3781', '元', '6.04', '22837.24', '172', '6');
INSERT INTO `order_item` VALUES ('3488', '1619', '元', '3.34', '5407.46', '172', '7');
INSERT INTO `order_item` VALUES ('3489', '3880', '元', '4.13', '16024.4', '172', '8');
INSERT INTO `order_item` VALUES ('3490', '3670', '元', '4.36', '16001.2', '172', '9');
INSERT INTO `order_item` VALUES ('3491', '765', '元', '1.37', '1048.05', '172', '10');
INSERT INTO `order_item` VALUES ('3492', '2994', '元', '4.75', '14221.5', '173', '1');
INSERT INTO `order_item` VALUES ('3493', '358', '元', '9.73', '3483.34', '173', '2');
INSERT INTO `order_item` VALUES ('3494', '2805', '元', '8.9', '24964.5', '173', '3');
INSERT INTO `order_item` VALUES ('3495', '1337', '元', '3.56', '4759.72', '173', '4');
INSERT INTO `order_item` VALUES ('3496', '1482', '元', '1.3', '1926.6', '173', '5');
INSERT INTO `order_item` VALUES ('3497', '921', '元', '4.73', '4356.33', '173', '6');
INSERT INTO `order_item` VALUES ('3498', '4607', '元', '6.24', '28747.68', '173', '7');
INSERT INTO `order_item` VALUES ('3499', '721', '元', '7.22', '5205.62', '173', '8');
INSERT INTO `order_item` VALUES ('3500', '2918', '元', '3.06', '8929.08', '173', '9');
INSERT INTO `order_item` VALUES ('3501', '3561', '元', '0.47', '1673.67', '173', '10');
INSERT INTO `order_item` VALUES ('3502', '1964', '元', '6.61', '12982.04', '174', '1');
INSERT INTO `order_item` VALUES ('3503', '2166', '元', '4.67', '10115.22', '174', '2');
INSERT INTO `order_item` VALUES ('3504', '3929', '元', '6.77', '26599.33', '174', '3');
INSERT INTO `order_item` VALUES ('3505', '1610', '元', '9.56', '15391.6', '174', '4');
INSERT INTO `order_item` VALUES ('3506', '4557', '元', '6.6', '30076.2', '174', '5');
INSERT INTO `order_item` VALUES ('3507', '4731', '元', '5.56', '26304.36', '174', '6');
INSERT INTO `order_item` VALUES ('3508', '3637', '元', '7.28', '26477.36', '174', '7');
INSERT INTO `order_item` VALUES ('3509', '3955', '元', '0.86', '3401.3', '174', '8');
INSERT INTO `order_item` VALUES ('3510', '168', '元', '7.29', '1224.72', '174', '9');
INSERT INTO `order_item` VALUES ('3511', '4295', '元', '6.28', '26972.6', '174', '10');
INSERT INTO `order_item` VALUES ('3512', '4427', '元', '9.16', '40551.32', '175', '1');
INSERT INTO `order_item` VALUES ('3513', '3257', '元', '6.66', '21691.62', '175', '2');
INSERT INTO `order_item` VALUES ('3514', '1672', '元', '1.11', '1855.92', '175', '3');
INSERT INTO `order_item` VALUES ('3515', '4423', '元', '9.11', '40293.53', '175', '4');
INSERT INTO `order_item` VALUES ('3516', '3843', '元', '2.03', '7801.29', '175', '5');
INSERT INTO `order_item` VALUES ('3517', '1694', '元', '3.07', '5200.58', '175', '6');
INSERT INTO `order_item` VALUES ('3518', '1569', '元', '7.21', '11312.49', '175', '7');
INSERT INTO `order_item` VALUES ('3519', '218', '元', '9.79', '2134.22', '175', '8');
INSERT INTO `order_item` VALUES ('3520', '2992', '元', '3.92', '11728.64', '175', '9');
INSERT INTO `order_item` VALUES ('3521', '2168', '元', '6.37', '13810.16', '175', '10');
INSERT INTO `order_item` VALUES ('3522', '2345', '元', '2.58', '6050.1', '176', '1');
INSERT INTO `order_item` VALUES ('3523', '4898', '元', '0.04', '195.92', '176', '2');
INSERT INTO `order_item` VALUES ('3524', '2992', '元', '5.96', '17832.32', '176', '3');
INSERT INTO `order_item` VALUES ('3525', '4259', '元', '7.41', '31559.19', '176', '4');
INSERT INTO `order_item` VALUES ('3526', '1203', '元', '3.51', '4222.53', '176', '5');
INSERT INTO `order_item` VALUES ('3527', '887', '元', '5.14', '4559.18', '176', '6');
INSERT INTO `order_item` VALUES ('3528', '2335', '元', '2.51', '5860.85', '176', '7');
INSERT INTO `order_item` VALUES ('3529', '1510', '元', '2.46', '3714.6', '176', '8');
INSERT INTO `order_item` VALUES ('3530', '2389', '元', '4.51', '10774.39', '176', '9');
INSERT INTO `order_item` VALUES ('3531', '3351', '元', '5.04', '16889.04', '176', '10');
INSERT INTO `order_item` VALUES ('3532', '3679', '元', '1.91', '7026.89', '177', '1');
INSERT INTO `order_item` VALUES ('3533', '420', '元', '8.39', '3523.8', '177', '2');
INSERT INTO `order_item` VALUES ('3534', '4012', '元', '8.91', '35746.92', '177', '3');
INSERT INTO `order_item` VALUES ('3535', '2766', '元', '6.48', '17923.68', '177', '4');
INSERT INTO `order_item` VALUES ('3536', '335', '元', '8.34', '2793.9', '177', '5');
INSERT INTO `order_item` VALUES ('3537', '2357', '元', '4.12', '9710.84', '177', '6');
INSERT INTO `order_item` VALUES ('3538', '3429', '元', '8.02', '27500.58', '177', '7');
INSERT INTO `order_item` VALUES ('3539', '4433', '元', '3.94', '17466.02', '177', '8');
INSERT INTO `order_item` VALUES ('3540', '1616', '元', '7.2', '11635.2', '177', '9');
INSERT INTO `order_item` VALUES ('3541', '1841', '元', '6', '11046', '177', '10');
INSERT INTO `order_item` VALUES ('3542', '957', '元', '4.89', '4679.73', '178', '1');
INSERT INTO `order_item` VALUES ('3543', '3280', '元', '0.44', '1443.2', '178', '2');
INSERT INTO `order_item` VALUES ('3544', '524', '元', '0.02', '10.48', '178', '3');
INSERT INTO `order_item` VALUES ('3545', '3242', '元', '0.28', '907.76', '178', '4');
INSERT INTO `order_item` VALUES ('3546', '3662', '元', '2.05', '7507.1', '178', '5');
INSERT INTO `order_item` VALUES ('3547', '2074', '元', '0.51', '1057.74', '178', '6');
INSERT INTO `order_item` VALUES ('3548', '1754', '元', '3.69', '6472.26', '178', '7');
INSERT INTO `order_item` VALUES ('3549', '2043', '元', '5.77', '11788.11', '178', '8');
INSERT INTO `order_item` VALUES ('3550', '762', '元', '2.01', '1531.62', '178', '9');
INSERT INTO `order_item` VALUES ('3551', '919', '元', '6.46', '5936.74', '178', '10');
INSERT INTO `order_item` VALUES ('3552', '3179', '元', '8.23', '26163.17', '179', '1');
INSERT INTO `order_item` VALUES ('3553', '1641', '元', '2.95', '4840.95', '179', '2');
INSERT INTO `order_item` VALUES ('3554', '2723', '元', '3.97', '10810.31', '179', '3');
INSERT INTO `order_item` VALUES ('3555', '1828', '元', '4.93', '9012.04', '179', '4');
INSERT INTO `order_item` VALUES ('3556', '3135', '元', '2.24', '7022.4', '179', '5');
INSERT INTO `order_item` VALUES ('3557', '3969', '元', '8.63', '34252.47', '179', '6');
INSERT INTO `order_item` VALUES ('3558', '1239', '元', '9.33', '11559.87', '179', '7');
INSERT INTO `order_item` VALUES ('3559', '1705', '元', '1.54', '2625.7', '179', '8');
INSERT INTO `order_item` VALUES ('3560', '2414', '元', '1.51', '3645.14', '179', '9');
INSERT INTO `order_item` VALUES ('3561', '3210', '元', '8.75', '28087.5', '179', '10');
INSERT INTO `order_item` VALUES ('3562', '4224', '元', '9.21', '38903.04', '180', '1');
INSERT INTO `order_item` VALUES ('3563', '2690', '元', '2.74', '7370.6', '180', '2');
INSERT INTO `order_item` VALUES ('3564', '3730', '元', '5.15', '19209.5', '180', '3');
INSERT INTO `order_item` VALUES ('3565', '1036', '元', '6.84', '7086.24', '180', '4');
INSERT INTO `order_item` VALUES ('3566', '189', '元', '1.73', '326.97', '180', '5');
INSERT INTO `order_item` VALUES ('3567', '1003', '元', '2.55', '2557.65', '180', '6');
INSERT INTO `order_item` VALUES ('3568', '696', '元', '3.25', '2262', '180', '7');
INSERT INTO `order_item` VALUES ('3569', '757', '元', '6.41', '4852.37', '180', '8');
INSERT INTO `order_item` VALUES ('3570', '1216', '元', '0.1', '121.6', '180', '9');
INSERT INTO `order_item` VALUES ('3571', '4452', '元', '0.64', '2849.28', '180', '10');
INSERT INTO `order_item` VALUES ('3572', '619', '元', '4.3', '2661.7', '181', '1');
INSERT INTO `order_item` VALUES ('3573', '4246', '元', '8.9', '37789.4', '181', '2');
INSERT INTO `order_item` VALUES ('3574', '4376', '元', '7.37', '32251.12', '181', '3');
INSERT INTO `order_item` VALUES ('3575', '4647', '元', '8.19', '38058.93', '181', '4');
INSERT INTO `order_item` VALUES ('3576', '1055', '元', '8.98', '9473.9', '181', '5');
INSERT INTO `order_item` VALUES ('3577', '2377', '元', '0.9', '2139.3', '181', '6');
INSERT INTO `order_item` VALUES ('3578', '369', '元', '4.45', '1642.05', '181', '7');
INSERT INTO `order_item` VALUES ('3579', '3500', '元', '5.82', '20370', '181', '8');
INSERT INTO `order_item` VALUES ('3580', '171', '元', '8.33', '1424.43', '181', '9');
INSERT INTO `order_item` VALUES ('3581', '2565', '元', '8.13', '20853.45', '181', '10');
INSERT INTO `order_item` VALUES ('3582', '3750', '元', '9.12', '34200', '182', '1');
INSERT INTO `order_item` VALUES ('3583', '1195', '元', '1.9', '2270.5', '182', '2');
INSERT INTO `order_item` VALUES ('3584', '189', '元', '2.57', '485.73', '182', '3');
INSERT INTO `order_item` VALUES ('3585', '3271', '元', '6.46', '21130.66', '182', '4');
INSERT INTO `order_item` VALUES ('3586', '3065', '元', '7.86', '24090.9', '182', '5');
INSERT INTO `order_item` VALUES ('3587', '1744', '元', '2.76', '4813.44', '182', '6');
INSERT INTO `order_item` VALUES ('3588', '4399', '元', '0.01', '43.99', '182', '7');
INSERT INTO `order_item` VALUES ('3589', '1483', '元', '5.37', '7963.71', '182', '8');
INSERT INTO `order_item` VALUES ('3590', '624', '元', '1.62', '1010.88', '182', '9');
INSERT INTO `order_item` VALUES ('3591', '2939', '元', '4.53', '13313.67', '182', '10');
INSERT INTO `order_item` VALUES ('3592', '210', '元', '0.21', '44.1', '183', '1');
INSERT INTO `order_item` VALUES ('3593', '1132', '元', '6.42', '7267.44', '183', '2');
INSERT INTO `order_item` VALUES ('3594', '497', '元', '2.67', '1326.99', '183', '3');
INSERT INTO `order_item` VALUES ('3595', '843', '元', '3.56', '3001.08', '183', '4');
INSERT INTO `order_item` VALUES ('3596', '3620', '元', '2.94', '10642.8', '183', '5');
INSERT INTO `order_item` VALUES ('3597', '256', '元', '3.4', '870.4', '183', '6');
INSERT INTO `order_item` VALUES ('3598', '1886', '元', '1.12', '2112.32', '183', '7');
INSERT INTO `order_item` VALUES ('3599', '4704', '元', '4.59', '21591.36', '183', '8');
INSERT INTO `order_item` VALUES ('3600', '1556', '元', '5.47', '8511.32', '183', '9');
INSERT INTO `order_item` VALUES ('3601', '1169', '元', '8.33', '9737.77', '183', '10');
INSERT INTO `order_item` VALUES ('3602', '4642', '元', '0.51', '2367.42', '184', '1');
INSERT INTO `order_item` VALUES ('3603', '1797', '元', '3.96', '7116.12', '184', '2');
INSERT INTO `order_item` VALUES ('3604', '4041', '元', '8.16', '32974.56', '184', '3');
INSERT INTO `order_item` VALUES ('3605', '4350', '元', '0.86', '3741', '184', '4');
INSERT INTO `order_item` VALUES ('3606', '4741', '元', '7.22', '34230.02', '184', '5');
INSERT INTO `order_item` VALUES ('3607', '2259', '元', '4.3', '9713.7', '184', '6');
INSERT INTO `order_item` VALUES ('3608', '3045', '元', '3.92', '11936.4', '184', '7');
INSERT INTO `order_item` VALUES ('3609', '503', '元', '8.92', '4486.76', '184', '8');
INSERT INTO `order_item` VALUES ('3610', '2874', '元', '7.48', '21497.52', '184', '9');
INSERT INTO `order_item` VALUES ('3611', '1715', '元', '5.27', '9038.05', '184', '10');
INSERT INTO `order_item` VALUES ('3612', '1979', '元', '4.05', '8014.95', '185', '1');
INSERT INTO `order_item` VALUES ('3613', '3374', '元', '0.65', '2193.1', '185', '2');
INSERT INTO `order_item` VALUES ('3614', '3425', '元', '2.04', '6987', '185', '3');
INSERT INTO `order_item` VALUES ('3615', '568', '元', '8.43', '4788.24', '185', '4');
INSERT INTO `order_item` VALUES ('3616', '1706', '元', '3.48', '5936.88', '185', '5');
INSERT INTO `order_item` VALUES ('3617', '14', '元', '8.33', '116.62', '185', '6');
INSERT INTO `order_item` VALUES ('3618', '2605', '元', '4.4', '11462', '185', '7');
INSERT INTO `order_item` VALUES ('3619', '2030', '元', '4.97', '10089.1', '185', '8');
INSERT INTO `order_item` VALUES ('3620', '930', '元', '3.49', '3245.7', '185', '9');
INSERT INTO `order_item` VALUES ('3621', '4253', '元', '3.68', '15651.04', '185', '10');
INSERT INTO `order_item` VALUES ('3622', '4490', '元', '4.56', '20474.4', '186', '1');
INSERT INTO `order_item` VALUES ('3623', '2406', '元', '2.22', '5341.32', '186', '2');
INSERT INTO `order_item` VALUES ('3624', '1076', '元', '7.02', '7553.52', '186', '3');
INSERT INTO `order_item` VALUES ('3625', '4197', '元', '5.48', '22999.56', '186', '4');
INSERT INTO `order_item` VALUES ('3626', '2465', '元', '2.29', '5644.85', '186', '5');
INSERT INTO `order_item` VALUES ('3627', '3268', '元', '1.08', '3529.44', '186', '6');
INSERT INTO `order_item` VALUES ('3628', '2688', '元', '0.81', '2177.28', '186', '7');
INSERT INTO `order_item` VALUES ('3629', '4016', '元', '3.93', '15782.88', '186', '8');
INSERT INTO `order_item` VALUES ('3630', '3300', '元', '9.3', '30690', '186', '9');
INSERT INTO `order_item` VALUES ('3631', '3281', '元', '4.05', '13288.05', '186', '10');
INSERT INTO `order_item` VALUES ('3632', '4585', '元', '4.9', '22466.5', '187', '1');
INSERT INTO `order_item` VALUES ('3633', '1835', '元', '1.64', '3009.4', '187', '2');
INSERT INTO `order_item` VALUES ('3634', '2204', '元', '0.97', '2137.88', '187', '3');
INSERT INTO `order_item` VALUES ('3635', '3779', '元', '4.5', '17005.5', '187', '4');
INSERT INTO `order_item` VALUES ('3636', '3122', '元', '2.28', '7118.16', '187', '5');
INSERT INTO `order_item` VALUES ('3637', '3244', '元', '2.22', '7201.68', '187', '6');
INSERT INTO `order_item` VALUES ('3638', '2601', '元', '6.58', '17114.58', '187', '7');
INSERT INTO `order_item` VALUES ('3639', '3844', '元', '4.9', '18835.6', '187', '8');
INSERT INTO `order_item` VALUES ('3640', '1621', '元', '8.49', '13762.29', '187', '9');
INSERT INTO `order_item` VALUES ('3641', '1410', '元', '4.72', '6655.2', '187', '10');
INSERT INTO `order_item` VALUES ('3642', '4047', '元', '6.42', '25981.74', '188', '1');
INSERT INTO `order_item` VALUES ('3643', '3486', '元', '6.52', '22728.72', '188', '2');
INSERT INTO `order_item` VALUES ('3644', '4524', '元', '0.03', '135.72', '188', '3');
INSERT INTO `order_item` VALUES ('3645', '4517', '元', '1.5', '6775.5', '188', '4');
INSERT INTO `order_item` VALUES ('3646', '4384', '元', '8.44', '37000.96', '188', '5');
INSERT INTO `order_item` VALUES ('3647', '2865', '元', '5.63', '16129.95', '188', '6');
INSERT INTO `order_item` VALUES ('3648', '4477', '元', '0.95', '4253.15', '188', '7');
INSERT INTO `order_item` VALUES ('3649', '3369', '元', '1.83', '6165.27', '188', '8');
INSERT INTO `order_item` VALUES ('3650', '152', '元', '1.26', '191.52', '188', '9');
INSERT INTO `order_item` VALUES ('3651', '4313', '元', '4.01', '17295.13', '188', '10');
INSERT INTO `order_item` VALUES ('3652', '4229', '元', '0.84', '3552.36', '189', '1');
INSERT INTO `order_item` VALUES ('3653', '4578', '元', '7.21', '33007.38', '189', '2');
INSERT INTO `order_item` VALUES ('3654', '962', '元', '0.18', '173.16', '189', '3');
INSERT INTO `order_item` VALUES ('3655', '4791', '元', '9.49', '45466.59', '189', '4');
INSERT INTO `order_item` VALUES ('3656', '295', '元', '1.77', '522.15', '189', '5');
INSERT INTO `order_item` VALUES ('3657', '1675', '元', '8.04', '13467', '189', '6');
INSERT INTO `order_item` VALUES ('3658', '772', '元', '8.56', '6608.32', '189', '7');
INSERT INTO `order_item` VALUES ('3659', '2829', '元', '3.34', '9448.86', '189', '8');
INSERT INTO `order_item` VALUES ('3660', '3662', '元', '4.02', '14721.24', '189', '9');
INSERT INTO `order_item` VALUES ('3661', '646', '元', '1.81', '1169.26', '189', '10');
INSERT INTO `order_item` VALUES ('3662', '100', '元', '1.44', '144', '190', '1');
INSERT INTO `order_item` VALUES ('3663', '942', '元', '0.79', '744.18', '190', '2');
INSERT INTO `order_item` VALUES ('3664', '1783', '元', '3.22', '5741.26', '190', '3');
INSERT INTO `order_item` VALUES ('3665', '3935', '元', '7.63', '30024.05', '190', '4');
INSERT INTO `order_item` VALUES ('3666', '268', '元', '6', '1608', '190', '5');
INSERT INTO `order_item` VALUES ('3667', '2923', '元', '8.19', '23939.37', '190', '6');
INSERT INTO `order_item` VALUES ('3668', '553', '元', '9.12', '5043.36', '190', '7');
INSERT INTO `order_item` VALUES ('3669', '2127', '元', '9.8', '20844.6', '190', '8');
INSERT INTO `order_item` VALUES ('3670', '342', '元', '4.68', '1600.56', '190', '9');
INSERT INTO `order_item` VALUES ('3671', '140', '元', '4.06', '568.4', '190', '10');
INSERT INTO `order_item` VALUES ('3672', '2079', '元', '3.83', '7962.57', '191', '1');
INSERT INTO `order_item` VALUES ('3673', '3713', '元', '5.02', '18639.26', '191', '2');
INSERT INTO `order_item` VALUES ('3674', '365', '元', '3.26', '1189.9', '191', '3');
INSERT INTO `order_item` VALUES ('3675', '3753', '元', '7.92', '29723.76', '191', '4');
INSERT INTO `order_item` VALUES ('3676', '1767', '元', '2.85', '5035.95', '191', '5');
INSERT INTO `order_item` VALUES ('3677', '2877', '元', '4.48', '12888.96', '191', '6');
INSERT INTO `order_item` VALUES ('3678', '3427', '元', '4.05', '13879.35', '191', '7');
INSERT INTO `order_item` VALUES ('3679', '2199', '元', '2.51', '5519.49', '191', '8');
INSERT INTO `order_item` VALUES ('3680', '4179', '元', '7.95', '33223.05', '191', '9');
INSERT INTO `order_item` VALUES ('3681', '3766', '元', '8.09', '30466.94', '191', '10');
INSERT INTO `order_item` VALUES ('3682', '3391', '元', '4.49', '15225.59', '192', '1');
INSERT INTO `order_item` VALUES ('3683', '4509', '元', '1.89', '8522.01', '192', '2');
INSERT INTO `order_item` VALUES ('3684', '4237', '元', '8.23', '34870.51', '192', '3');
INSERT INTO `order_item` VALUES ('3685', '1000', '元', '4.09', '4090', '192', '4');
INSERT INTO `order_item` VALUES ('3686', '963', '元', '6.41', '6172.83', '192', '5');
INSERT INTO `order_item` VALUES ('3687', '1380', '元', '5.37', '7410.6', '192', '6');
INSERT INTO `order_item` VALUES ('3688', '2809', '元', '2.24', '6292.16', '192', '7');
INSERT INTO `order_item` VALUES ('3689', '4629', '元', '3.84', '17775.36', '192', '8');
INSERT INTO `order_item` VALUES ('3690', '3871', '元', '3.4', '13161.4', '192', '9');
INSERT INTO `order_item` VALUES ('3691', '4617', '元', '2.73', '12604.41', '192', '10');
INSERT INTO `order_item` VALUES ('3692', '3989', '元', '6.98', '27843.22', '193', '1');
INSERT INTO `order_item` VALUES ('3693', '902', '元', '6.19', '5583.38', '193', '2');
INSERT INTO `order_item` VALUES ('3694', '51', '元', '4.71', '240.21', '193', '3');
INSERT INTO `order_item` VALUES ('3695', '3594', '元', '3.26', '11716.44', '193', '4');
INSERT INTO `order_item` VALUES ('3696', '201', '元', '4.31', '866.31', '193', '5');
INSERT INTO `order_item` VALUES ('3697', '4806', '元', '3.2', '15379.2', '193', '6');
INSERT INTO `order_item` VALUES ('3698', '1180', '元', '8.91', '10513.8', '193', '7');
INSERT INTO `order_item` VALUES ('3699', '632', '元', '9.82', '6206.24', '193', '8');
INSERT INTO `order_item` VALUES ('3700', '1768', '元', '5.33', '9423.44', '193', '9');
INSERT INTO `order_item` VALUES ('3701', '1693', '元', '2.87', '4858.91', '193', '10');
INSERT INTO `order_item` VALUES ('3702', '4575', '元', '2.66', '12169.5', '194', '1');
INSERT INTO `order_item` VALUES ('3703', '4842', '元', '8.53', '41302.26', '194', '2');
INSERT INTO `order_item` VALUES ('3704', '2583', '元', '6.98', '18029.34', '194', '3');
INSERT INTO `order_item` VALUES ('3705', '804', '元', '6.3', '5065.2', '194', '4');
INSERT INTO `order_item` VALUES ('3706', '4371', '元', '4.74', '20718.54', '194', '5');
INSERT INTO `order_item` VALUES ('3707', '2960', '元', '6.65', '19684', '194', '6');
INSERT INTO `order_item` VALUES ('3708', '3244', '元', '3.08', '9991.52', '194', '7');
INSERT INTO `order_item` VALUES ('3709', '4505', '元', '8.16', '36760.8', '194', '8');
INSERT INTO `order_item` VALUES ('3710', '1009', '元', '1.01', '1019.09', '194', '9');
INSERT INTO `order_item` VALUES ('3711', '2622', '元', '3.41', '8941.02', '194', '10');
INSERT INTO `order_item` VALUES ('3712', '3459', '元', '5.89', '20373.51', '195', '1');
INSERT INTO `order_item` VALUES ('3713', '2373', '元', '9.71', '23041.83', '195', '2');
INSERT INTO `order_item` VALUES ('3714', '3858', '元', '3.8', '14660.4', '195', '3');
INSERT INTO `order_item` VALUES ('3715', '1715', '元', '0.2', '343', '195', '4');
INSERT INTO `order_item` VALUES ('3716', '92', '元', '8.41', '773.72', '195', '5');
INSERT INTO `order_item` VALUES ('3717', '1335', '元', '1.67', '2229.45', '195', '6');
INSERT INTO `order_item` VALUES ('3718', '4227', '元', '1.79', '7566.33', '195', '7');
INSERT INTO `order_item` VALUES ('3719', '4191', '元', '0.75', '3143.25', '195', '8');
INSERT INTO `order_item` VALUES ('3720', '251', '元', '0.67', '168.17', '195', '9');
INSERT INTO `order_item` VALUES ('3721', '4160', '元', '9.02', '37523.2', '195', '10');
INSERT INTO `order_item` VALUES ('3722', '3397', '元', '6.04', '20517.88', '196', '1');
INSERT INTO `order_item` VALUES ('3723', '1611', '元', '1.12', '1804.32', '196', '2');
INSERT INTO `order_item` VALUES ('3724', '1162', '元', '3.2', '3718.4', '196', '3');
INSERT INTO `order_item` VALUES ('3725', '3971', '元', '8.71', '34587.41', '196', '4');
INSERT INTO `order_item` VALUES ('3726', '444', '元', '8.09', '3591.96', '196', '5');
INSERT INTO `order_item` VALUES ('3727', '470', '元', '0.81', '380.7', '196', '6');
INSERT INTO `order_item` VALUES ('3728', '1558', '元', '3.84', '5982.72', '196', '7');
INSERT INTO `order_item` VALUES ('3729', '2193', '元', '1.6', '3508.8', '196', '8');
INSERT INTO `order_item` VALUES ('3730', '4264', '元', '8.64', '36840.96', '196', '9');
INSERT INTO `order_item` VALUES ('3731', '2023', '元', '4.28', '8658.44', '196', '10');
INSERT INTO `order_item` VALUES ('3732', '3157', '元', '3.76', '11870.32', '197', '1');
INSERT INTO `order_item` VALUES ('3733', '928', '元', '7.3', '6774.4', '197', '2');
INSERT INTO `order_item` VALUES ('3734', '4673', '元', '3.2', '14953.6', '197', '3');
INSERT INTO `order_item` VALUES ('3735', '1043', '元', '6.11', '6372.73', '197', '4');
INSERT INTO `order_item` VALUES ('3736', '2134', '元', '3.62', '7725.08', '197', '5');
INSERT INTO `order_item` VALUES ('3737', '3227', '元', '3.53', '11391.31', '197', '6');
INSERT INTO `order_item` VALUES ('3738', '870', '元', '4.32', '3758.4', '197', '7');
INSERT INTO `order_item` VALUES ('3739', '820', '元', '0.43', '352.6', '197', '8');
INSERT INTO `order_item` VALUES ('3740', '4309', '元', '7.82', '33696.38', '197', '9');
INSERT INTO `order_item` VALUES ('3741', '872', '元', '5.86', '5109.92', '197', '10');
INSERT INTO `order_item` VALUES ('3742', '824', '元', '6.2', '5108.8', '198', '1');
INSERT INTO `order_item` VALUES ('3743', '2202', '元', '9.17', '20192.34', '198', '2');
INSERT INTO `order_item` VALUES ('3744', '3018', '元', '3.5', '10563', '198', '3');
INSERT INTO `order_item` VALUES ('3745', '3175', '元', '0.44', '1397', '198', '4');
INSERT INTO `order_item` VALUES ('3746', '2374', '元', '3.04', '7216.96', '198', '5');
INSERT INTO `order_item` VALUES ('3747', '1513', '元', '2.28', '3449.64', '198', '6');
INSERT INTO `order_item` VALUES ('3748', '4554', '元', '3.23', '14709.42', '198', '7');
INSERT INTO `order_item` VALUES ('3749', '4877', '元', '5.67', '27652.59', '198', '8');
INSERT INTO `order_item` VALUES ('3750', '1357', '元', '3.25', '4410.25', '198', '9');
INSERT INTO `order_item` VALUES ('3751', '65', '元', '9.08', '590.2', '198', '10');
INSERT INTO `order_item` VALUES ('3752', '4518', '元', '8.78', '39668.04', '199', '1');
INSERT INTO `order_item` VALUES ('3753', '3162', '元', '9.6', '30355.2', '199', '2');
INSERT INTO `order_item` VALUES ('3754', '2905', '元', '0.21', '610.05', '199', '3');
INSERT INTO `order_item` VALUES ('3755', '230', '元', '7.67', '1764.1', '199', '4');
INSERT INTO `order_item` VALUES ('3756', '305', '元', '4.39', '1338.95', '199', '5');
INSERT INTO `order_item` VALUES ('3757', '4463', '元', '5.27', '23520.01', '199', '6');
INSERT INTO `order_item` VALUES ('3758', '1884', '元', '7.37', '13885.08', '199', '7');
INSERT INTO `order_item` VALUES ('3759', '2582', '元', '3.41', '8804.62', '199', '8');
INSERT INTO `order_item` VALUES ('3760', '1564', '元', '8.51', '13309.64', '199', '9');
INSERT INTO `order_item` VALUES ('3761', '3058', '元', '8.65', '26451.7', '199', '10');
INSERT INTO `order_item` VALUES ('3762', '3570', '元', '1.86', '6640.2', '200', '1');
INSERT INTO `order_item` VALUES ('3763', '4766', '元', '0.27', '1286.82', '200', '2');
INSERT INTO `order_item` VALUES ('3764', '3057', '元', '4.58', '14001.06', '200', '3');
INSERT INTO `order_item` VALUES ('3765', '2046', '元', '1.31', '2680.26', '200', '4');
INSERT INTO `order_item` VALUES ('3766', '3813', '元', '4.6', '17539.8', '200', '5');
INSERT INTO `order_item` VALUES ('3767', '1466', '元', '6.24', '9147.84', '200', '6');
INSERT INTO `order_item` VALUES ('3768', '2006', '元', '0.51', '1023.06', '200', '7');
INSERT INTO `order_item` VALUES ('3769', '1', '元', '1.95', '1.95', '200', '8');
INSERT INTO `order_item` VALUES ('3770', '2041', '元', '3.59', '7327.19', '200', '9');
INSERT INTO `order_item` VALUES ('3771', '4766', '元', '7.08', '33743.28', '200', '10');
INSERT INTO `order_item` VALUES ('3772', '2146', '元', '8.42', '18069.32', '201', '1');
INSERT INTO `order_item` VALUES ('3773', '1787', '元', '9.76', '17441.12', '201', '2');
INSERT INTO `order_item` VALUES ('3774', '354', '元', '9.05', '3203.7', '201', '3');
INSERT INTO `order_item` VALUES ('3775', '3564', '元', '8.2', '29224.8', '201', '4');
INSERT INTO `order_item` VALUES ('3776', '1855', '元', '6.56', '12168.8', '201', '5');
INSERT INTO `order_item` VALUES ('3777', '2354', '元', '4.39', '10334.06', '201', '6');
INSERT INTO `order_item` VALUES ('3778', '2297', '元', '8.13', '18674.61', '201', '7');
INSERT INTO `order_item` VALUES ('3779', '178', '元', '8.01', '1425.78', '201', '8');
INSERT INTO `order_item` VALUES ('3780', '7', '元', '3.53', '24.71', '201', '9');
INSERT INTO `order_item` VALUES ('3781', '3922', '元', '3.17', '12432.74', '201', '10');
INSERT INTO `order_item` VALUES ('3782', '10', '元', '9.48', '94.8', '202', '1');
INSERT INTO `order_item` VALUES ('3783', '743', '元', '7.43', '5520.49', '202', '2');
INSERT INTO `order_item` VALUES ('3784', '28', '元', '5.81', '162.68', '202', '3');
INSERT INTO `order_item` VALUES ('3785', '3590', '元', '5.11', '18344.9', '202', '4');
INSERT INTO `order_item` VALUES ('3786', '4980', '元', '8.86', '44122.8', '202', '5');
INSERT INTO `order_item` VALUES ('3787', '445', '元', '1.86', '827.7', '202', '6');
INSERT INTO `order_item` VALUES ('3788', '3499', '元', '3.1', '10846.9', '202', '7');
INSERT INTO `order_item` VALUES ('3789', '4506', '元', '5.26', '23701.56', '202', '8');
INSERT INTO `order_item` VALUES ('3790', '1743', '元', '9.91', '17273.13', '202', '9');
INSERT INTO `order_item` VALUES ('3791', '3742', '元', '7.51', '28102.42', '202', '10');
INSERT INTO `order_item` VALUES ('3792', '674', '元', '3.46', '2332.04', '203', '1');
INSERT INTO `order_item` VALUES ('3793', '1071', '元', '9.62', '10303.02', '203', '2');
INSERT INTO `order_item` VALUES ('3794', '205', '元', '2.87', '588.35', '203', '3');
INSERT INTO `order_item` VALUES ('3795', '2297', '元', '1.76', '4042.72', '203', '4');
INSERT INTO `order_item` VALUES ('3796', '1574', '元', '7.19', '11317.06', '203', '5');
INSERT INTO `order_item` VALUES ('3797', '2719', '元', '4.36', '11854.84', '203', '6');
INSERT INTO `order_item` VALUES ('3798', '1720', '元', '8.67', '14912.4', '203', '7');
INSERT INTO `order_item` VALUES ('3799', '1919', '元', '2.21', '4240.99', '203', '8');
INSERT INTO `order_item` VALUES ('3800', '1628', '元', '8.28', '13479.84', '203', '9');
INSERT INTO `order_item` VALUES ('3801', '3831', '元', '2.22', '8504.82', '203', '10');
INSERT INTO `order_item` VALUES ('3802', '2432', '元', '2.56', '6225.92', '204', '1');
INSERT INTO `order_item` VALUES ('3803', '3963', '元', '8.67', '34359.21', '204', '2');
INSERT INTO `order_item` VALUES ('3804', '61', '元', '7.16', '436.76', '204', '3');
INSERT INTO `order_item` VALUES ('3805', '1536', '元', '1.93', '2964.48', '204', '4');
INSERT INTO `order_item` VALUES ('3806', '297', '元', '2.39', '709.83', '204', '5');
INSERT INTO `order_item` VALUES ('3807', '1855', '元', '1.68', '3116.4', '204', '6');
INSERT INTO `order_item` VALUES ('3808', '3323', '元', '9.06', '30106.38', '204', '7');
INSERT INTO `order_item` VALUES ('3809', '2337', '元', '6.38', '14910.06', '204', '8');
INSERT INTO `order_item` VALUES ('3810', '1341', '元', '2.01', '2695.41', '204', '9');
INSERT INTO `order_item` VALUES ('3811', '1237', '元', '9.62', '11899.94', '204', '10');
INSERT INTO `order_item` VALUES ('3812', '2285', '元', '3.13', '7152.05', '205', '1');
INSERT INTO `order_item` VALUES ('3813', '24', '元', '9.05', '217.2', '205', '2');
INSERT INTO `order_item` VALUES ('3814', '1642', '元', '2.49', '4088.58', '205', '3');
INSERT INTO `order_item` VALUES ('3815', '4883', '元', '4.47', '21827.01', '205', '4');
INSERT INTO `order_item` VALUES ('3816', '1573', '元', '1.13', '1777.49', '205', '5');
INSERT INTO `order_item` VALUES ('3817', '1104', '元', '3.9', '4305.6', '205', '6');
INSERT INTO `order_item` VALUES ('3818', '4110', '元', '5.18', '21289.8', '205', '7');
INSERT INTO `order_item` VALUES ('3819', '3531', '元', '0.33', '1165.23', '205', '8');
INSERT INTO `order_item` VALUES ('3820', '1789', '元', '1.44', '2576.16', '205', '9');
INSERT INTO `order_item` VALUES ('3821', '3314', '元', '3.84', '12725.76', '205', '10');
INSERT INTO `order_item` VALUES ('3822', '2270', '元', '7.62', '17297.4', '206', '1');
INSERT INTO `order_item` VALUES ('3823', '133', '元', '0.38', '50.54', '206', '2');
INSERT INTO `order_item` VALUES ('3824', '2978', '元', '5.28', '15723.84', '206', '3');
INSERT INTO `order_item` VALUES ('3825', '4874', '元', '0.58', '2826.92', '206', '4');
INSERT INTO `order_item` VALUES ('3826', '1410', '元', '0.88', '1240.8', '206', '5');
INSERT INTO `order_item` VALUES ('3827', '1416', '元', '0.84', '1189.44', '206', '6');
INSERT INTO `order_item` VALUES ('3828', '3062', '元', '9.27', '28384.74', '206', '7');
INSERT INTO `order_item` VALUES ('3829', '4593', '元', '0.69', '3169.17', '206', '8');
INSERT INTO `order_item` VALUES ('3830', '1039', '元', '5.94', '6171.66', '206', '9');
INSERT INTO `order_item` VALUES ('3831', '263', '元', '6.51', '1712.13', '206', '10');
INSERT INTO `order_item` VALUES ('3832', '924', '元', '5.92', '5470.08', '207', '1');
INSERT INTO `order_item` VALUES ('3833', '2220', '元', '7.55', '16761', '207', '2');
INSERT INTO `order_item` VALUES ('3834', '2604', '元', '7.44', '19373.76', '207', '3');
INSERT INTO `order_item` VALUES ('3835', '3415', '元', '1.58', '5395.7', '207', '4');
INSERT INTO `order_item` VALUES ('3836', '4296', '元', '7.2', '30931.2', '207', '5');
INSERT INTO `order_item` VALUES ('3837', '2565', '元', '7.46', '19134.9', '207', '6');
INSERT INTO `order_item` VALUES ('3838', '2482', '元', '8.74', '21692.68', '207', '7');
INSERT INTO `order_item` VALUES ('3839', '1063', '元', '8.62', '9163.06', '207', '8');
INSERT INTO `order_item` VALUES ('3840', '1981', '元', '4.22', '8359.82', '207', '9');
INSERT INTO `order_item` VALUES ('3841', '1179', '元', '5.75', '6779.25', '207', '10');
INSERT INTO `order_item` VALUES ('3842', '116', '元', '6.29', '729.64', '208', '1');
INSERT INTO `order_item` VALUES ('3843', '2222', '元', '2.19', '4866.18', '208', '2');
INSERT INTO `order_item` VALUES ('3844', '2459', '元', '5.17', '12713.03', '208', '3');
INSERT INTO `order_item` VALUES ('3845', '3603', '元', '2.22', '7998.66', '208', '4');
INSERT INTO `order_item` VALUES ('3846', '4984', '元', '4.71', '23474.64', '208', '5');
INSERT INTO `order_item` VALUES ('3847', '1818', '元', '7.88', '14325.84', '208', '6');
INSERT INTO `order_item` VALUES ('3848', '3983', '元', '5.8', '23101.4', '208', '7');
INSERT INTO `order_item` VALUES ('3849', '2618', '元', '4.71', '12330.78', '208', '8');
INSERT INTO `order_item` VALUES ('3850', '4671', '元', '0.26', '1214.46', '208', '9');
INSERT INTO `order_item` VALUES ('3851', '3886', '元', '1.81', '7033.66', '208', '10');
INSERT INTO `order_item` VALUES ('3852', '197', '元', '5.42', '1067.74', '209', '1');
INSERT INTO `order_item` VALUES ('3853', '2056', '元', '8.68', '17846.08', '209', '2');
INSERT INTO `order_item` VALUES ('3854', '806', '元', '2.76', '2224.56', '209', '3');
INSERT INTO `order_item` VALUES ('3855', '3019', '元', '1.48', '4468.12', '209', '4');
INSERT INTO `order_item` VALUES ('3856', '3406', '元', '6.17', '21015.02', '209', '5');
INSERT INTO `order_item` VALUES ('3857', '2934', '元', '0.45', '1320.3', '209', '6');
INSERT INTO `order_item` VALUES ('3858', '4227', '元', '3.96', '16738.92', '209', '7');
INSERT INTO `order_item` VALUES ('3859', '4148', '元', '1.41', '5848.68', '209', '8');
INSERT INTO `order_item` VALUES ('3860', '3631', '元', '5.6', '20333.6', '209', '9');
INSERT INTO `order_item` VALUES ('3861', '3087', '元', '2.95', '9106.65', '209', '10');
INSERT INTO `order_item` VALUES ('3862', '3729', '元', '7.86', '29309.94', '210', '1');
INSERT INTO `order_item` VALUES ('3863', '3860', '元', '5.9', '22774', '210', '2');
INSERT INTO `order_item` VALUES ('3864', '642', '元', '5.57', '3575.94', '210', '3');
INSERT INTO `order_item` VALUES ('3865', '883', '元', '1.28', '1130.24', '210', '4');
INSERT INTO `order_item` VALUES ('3866', '3749', '元', '6.31', '23656.19', '210', '5');
INSERT INTO `order_item` VALUES ('3867', '507', '元', '7.05', '3574.35', '210', '6');
INSERT INTO `order_item` VALUES ('3868', '626', '元', '4.38', '2741.88', '210', '7');
INSERT INTO `order_item` VALUES ('3869', '4795', '元', '1.41', '6760.95', '210', '8');
INSERT INTO `order_item` VALUES ('3870', '4123', '元', '1.6', '6596.8', '210', '9');
INSERT INTO `order_item` VALUES ('3871', '1584', '元', '6.27', '9931.68', '210', '10');
INSERT INTO `order_item` VALUES ('3872', '4462', '元', '2.94', '13118.28', '211', '1');
INSERT INTO `order_item` VALUES ('3873', '2149', '元', '7.36', '15816.64', '211', '2');
INSERT INTO `order_item` VALUES ('3874', '2624', '元', '2.8', '7347.2', '211', '3');
INSERT INTO `order_item` VALUES ('3875', '4416', '元', '8.18', '36122.88', '211', '4');
INSERT INTO `order_item` VALUES ('3876', '4344', '元', '1.42', '6168.48', '211', '5');
INSERT INTO `order_item` VALUES ('3877', '1579', '元', '4.28', '6758.12', '211', '6');
INSERT INTO `order_item` VALUES ('3878', '1079', '元', '0.27', '291.33', '211', '7');
INSERT INTO `order_item` VALUES ('3879', '4629', '元', '9.63', '44577.27', '211', '8');
INSERT INTO `order_item` VALUES ('3880', '3202', '元', '9.69', '31027.38', '211', '9');
INSERT INTO `order_item` VALUES ('3881', '1684', '元', '9.85', '16587.4', '211', '10');
INSERT INTO `order_item` VALUES ('3882', '4828', '元', '9.86', '47604.08', '212', '1');
INSERT INTO `order_item` VALUES ('3883', '2823', '元', '9.85', '27806.55', '212', '2');
INSERT INTO `order_item` VALUES ('3884', '291', '元', '0.35', '101.85', '212', '3');
INSERT INTO `order_item` VALUES ('3885', '3138', '元', '6.71', '21055.98', '212', '4');
INSERT INTO `order_item` VALUES ('3886', '1202', '元', '1.82', '2187.64', '212', '5');
INSERT INTO `order_item` VALUES ('3887', '2009', '元', '0.42', '843.78', '212', '6');
INSERT INTO `order_item` VALUES ('3888', '3906', '元', '8.8', '34372.8', '212', '7');
INSERT INTO `order_item` VALUES ('3889', '4421', '元', '7.38', '32626.98', '212', '8');
INSERT INTO `order_item` VALUES ('3890', '4065', '元', '1.4', '5691', '212', '9');
INSERT INTO `order_item` VALUES ('3891', '122', '元', '6.25', '762.5', '212', '10');
INSERT INTO `order_item` VALUES ('3892', '4681', '元', '4.04', '18911.24', '213', '1');
INSERT INTO `order_item` VALUES ('3893', '4908', '元', '8.48', '41619.84', '213', '2');
INSERT INTO `order_item` VALUES ('3894', '1684', '元', '5.24', '8824.16', '213', '3');
INSERT INTO `order_item` VALUES ('3895', '844', '元', '5.6', '4726.4', '213', '4');
INSERT INTO `order_item` VALUES ('3896', '1054', '元', '0.11', '115.94', '213', '5');
INSERT INTO `order_item` VALUES ('3897', '855', '元', '4.34', '3710.7', '213', '6');
INSERT INTO `order_item` VALUES ('3898', '4169', '元', '1.19', '4961.11', '213', '7');
INSERT INTO `order_item` VALUES ('3899', '1360', '元', '8.66', '11777.6', '213', '8');
INSERT INTO `order_item` VALUES ('3900', '1254', '元', '8.31', '10420.74', '213', '9');
INSERT INTO `order_item` VALUES ('3901', '3912', '元', '8.06', '31530.72', '213', '10');
INSERT INTO `order_item` VALUES ('3902', '2690', '元', '1.22', '3281.8', '214', '1');
INSERT INTO `order_item` VALUES ('3903', '4034', '元', '3.18', '12828.12', '214', '2');
INSERT INTO `order_item` VALUES ('3904', '3256', '元', '3.11', '10126.16', '214', '3');
INSERT INTO `order_item` VALUES ('3905', '3367', '元', '4.02', '13535.34', '214', '4');
INSERT INTO `order_item` VALUES ('3906', '2626', '元', '8.74', '22951.24', '214', '5');
INSERT INTO `order_item` VALUES ('3907', '3832', '元', '4.6', '17627.2', '214', '6');
INSERT INTO `order_item` VALUES ('3908', '4812', '元', '2.12', '10201.44', '214', '7');
INSERT INTO `order_item` VALUES ('3909', '1747', '元', '5.08', '8874.76', '214', '8');
INSERT INTO `order_item` VALUES ('3910', '727', '元', '1.79', '1301.33', '214', '9');
INSERT INTO `order_item` VALUES ('3911', '4838', '元', '2.73', '13207.74', '214', '10');
INSERT INTO `order_item` VALUES ('3912', '229', '元', '6.6', '1511.4', '215', '1');
INSERT INTO `order_item` VALUES ('3913', '2368', '元', '0.65', '1539.2', '215', '2');
INSERT INTO `order_item` VALUES ('3914', '4243', '元', '4.95', '21002.85', '215', '3');
INSERT INTO `order_item` VALUES ('3915', '3716', '元', '5.81', '21589.96', '215', '4');
INSERT INTO `order_item` VALUES ('3916', '4620', '元', '1.78', '8223.6', '215', '5');
INSERT INTO `order_item` VALUES ('3917', '4895', '元', '5.41', '26481.95', '215', '6');
INSERT INTO `order_item` VALUES ('3918', '4195', '元', '8.32', '34902.4', '215', '7');
INSERT INTO `order_item` VALUES ('3919', '738', '元', '6.89', '5084.82', '215', '8');
INSERT INTO `order_item` VALUES ('3920', '1939', '元', '1.23', '2384.97', '215', '9');
INSERT INTO `order_item` VALUES ('3921', '4956', '元', '1.04', '5154.24', '215', '10');
INSERT INTO `order_item` VALUES ('3922', '4125', '元', '4.83', '19923.75', '216', '1');
INSERT INTO `order_item` VALUES ('3923', '3040', '元', '2.86', '8694.4', '216', '2');
INSERT INTO `order_item` VALUES ('3924', '2141', '元', '8.24', '17641.84', '216', '3');
INSERT INTO `order_item` VALUES ('3925', '2281', '元', '5.74', '13092.94', '216', '4');
INSERT INTO `order_item` VALUES ('3926', '3861', '元', '2.58', '9961.38', '216', '5');
INSERT INTO `order_item` VALUES ('3927', '3300', '元', '3.14', '10362', '216', '6');
INSERT INTO `order_item` VALUES ('3928', '1148', '元', '6.92', '7944.16', '216', '7');
INSERT INTO `order_item` VALUES ('3929', '3977', '元', '6.22', '24736.94', '216', '8');
INSERT INTO `order_item` VALUES ('3930', '1827', '元', '8.1', '14798.7', '216', '9');
INSERT INTO `order_item` VALUES ('3931', '1622', '元', '1.4', '2270.8', '216', '10');
INSERT INTO `order_item` VALUES ('3932', '1056', '元', '1.38', '1457.28', '217', '1');
INSERT INTO `order_item` VALUES ('3933', '2731', '元', '3.82', '10432.42', '217', '2');
INSERT INTO `order_item` VALUES ('3934', '2571', '元', '4.41', '11338.11', '217', '3');
INSERT INTO `order_item` VALUES ('3935', '1422', '元', '5.62', '7991.64', '217', '4');
INSERT INTO `order_item` VALUES ('3936', '3222', '元', '1.36', '4381.92', '217', '5');
INSERT INTO `order_item` VALUES ('3937', '3985', '元', '5.14', '20482.9', '217', '6');
INSERT INTO `order_item` VALUES ('3938', '4296', '元', '2.93', '12587.28', '217', '7');
INSERT INTO `order_item` VALUES ('3939', '2125', '元', '2.24', '4760', '217', '8');
INSERT INTO `order_item` VALUES ('3940', '84', '元', '9.67', '812.28', '217', '9');
INSERT INTO `order_item` VALUES ('3941', '773', '元', '2.58', '1994.34', '217', '10');
INSERT INTO `order_item` VALUES ('3942', '1408', '元', '1.42', '1999.36', '218', '1');
INSERT INTO `order_item` VALUES ('3943', '4601', '元', '3.82', '17575.82', '218', '2');
INSERT INTO `order_item` VALUES ('3944', '4167', '元', '4.93', '20543.31', '218', '3');
INSERT INTO `order_item` VALUES ('3945', '3478', '元', '4.52', '15720.56', '218', '4');
INSERT INTO `order_item` VALUES ('3946', '1133', '元', '4.38', '4962.54', '218', '5');
INSERT INTO `order_item` VALUES ('3947', '4092', '元', '8.49', '34741.08', '218', '6');
INSERT INTO `order_item` VALUES ('3948', '846', '元', '5.62', '4754.52', '218', '7');
INSERT INTO `order_item` VALUES ('3949', '1680', '元', '1.06', '1780.8', '218', '8');
INSERT INTO `order_item` VALUES ('3950', '1308', '元', '3.7', '4839.6', '218', '9');
INSERT INTO `order_item` VALUES ('3951', '2821', '元', '9.16', '25840.36', '218', '10');
INSERT INTO `order_item` VALUES ('3952', '4513', '元', '5.53', '24956.89', '219', '1');
INSERT INTO `order_item` VALUES ('3953', '12', '元', '7.11', '85.32', '219', '2');
INSERT INTO `order_item` VALUES ('3954', '2150', '元', '8.61', '18511.5', '219', '3');
INSERT INTO `order_item` VALUES ('3955', '296', '元', '6.75', '1998', '219', '4');
INSERT INTO `order_item` VALUES ('3956', '2726', '元', '0.54', '1472.04', '219', '5');
INSERT INTO `order_item` VALUES ('3957', '4615', '元', '9.31', '42965.65', '219', '6');
INSERT INTO `order_item` VALUES ('3958', '1111', '元', '3.87', '4299.57', '219', '7');
INSERT INTO `order_item` VALUES ('3959', '3534', '元', '3.38', '11944.92', '219', '8');
INSERT INTO `order_item` VALUES ('3960', '3533', '元', '0.56', '1978.48', '219', '9');
INSERT INTO `order_item` VALUES ('3961', '4925', '元', '6.86', '33785.5', '219', '10');
INSERT INTO `order_item` VALUES ('3962', '1885', '元', '2.48', '4674.8', '220', '1');
INSERT INTO `order_item` VALUES ('3963', '4195', '元', '1.55', '6502.25', '220', '2');
INSERT INTO `order_item` VALUES ('3964', '1489', '元', '4.03', '6000.67', '220', '3');
INSERT INTO `order_item` VALUES ('3965', '1936', '元', '4.43', '8576.48', '220', '4');
INSERT INTO `order_item` VALUES ('3966', '1607', '元', '9.73', '15636.11', '220', '5');
INSERT INTO `order_item` VALUES ('3967', '578', '元', '0.83', '479.74', '220', '6');
INSERT INTO `order_item` VALUES ('3968', '2750', '元', '3.66', '10065', '220', '7');
INSERT INTO `order_item` VALUES ('3969', '2644', '元', '3.79', '10020.76', '220', '8');
INSERT INTO `order_item` VALUES ('3970', '2960', '元', '3.55', '10508', '220', '9');
INSERT INTO `order_item` VALUES ('3971', '1411', '元', '5.53', '7802.83', '220', '10');
INSERT INTO `order_item` VALUES ('3972', '4876', '元', '4.89', '23843.64', '221', '1');
INSERT INTO `order_item` VALUES ('3973', '632', '元', '3.68', '2325.76', '221', '2');
INSERT INTO `order_item` VALUES ('3974', '422', '元', '7.39', '3118.58', '221', '3');
INSERT INTO `order_item` VALUES ('3975', '1295', '元', '8.24', '10670.8', '221', '4');
INSERT INTO `order_item` VALUES ('3976', '4262', '元', '0.32', '1363.84', '221', '5');
INSERT INTO `order_item` VALUES ('3977', '3181', '元', '2.25', '7157.25', '221', '6');
INSERT INTO `order_item` VALUES ('3978', '2410', '元', '9.22', '22220.2', '221', '7');
INSERT INTO `order_item` VALUES ('3979', '1374', '元', '6.98', '9590.52', '221', '8');
INSERT INTO `order_item` VALUES ('3980', '148', '元', '7.73', '1144.04', '221', '9');
INSERT INTO `order_item` VALUES ('3981', '3523', '元', '7.54', '26563.42', '221', '10');
INSERT INTO `order_item` VALUES ('3982', '1533', '元', '7.04', '10792.32', '222', '1');
INSERT INTO `order_item` VALUES ('3983', '2936', '元', '9.61', '28214.96', '222', '2');
INSERT INTO `order_item` VALUES ('3984', '2961', '元', '8.55', '25316.55', '222', '3');
INSERT INTO `order_item` VALUES ('3985', '1394', '元', '4.65', '6482.1', '222', '4');
INSERT INTO `order_item` VALUES ('3986', '1341', '元', '0.1', '134.1', '222', '5');
INSERT INTO `order_item` VALUES ('3987', '783', '元', '3.47', '2717.01', '222', '6');
INSERT INTO `order_item` VALUES ('3988', '4517', '元', '3.6', '16261.2', '222', '7');
INSERT INTO `order_item` VALUES ('3989', '867', '元', '6.09', '5280.03', '222', '8');
INSERT INTO `order_item` VALUES ('3990', '2426', '元', '9.04', '21931.04', '222', '9');
INSERT INTO `order_item` VALUES ('3991', '1397', '元', '2.19', '3059.43', '222', '10');
INSERT INTO `order_item` VALUES ('3992', '3682', '元', '2.57', '9462.74', '223', '1');
INSERT INTO `order_item` VALUES ('3993', '1541', '元', '5.95', '9168.95', '223', '2');
INSERT INTO `order_item` VALUES ('3994', '3816', '元', '9.58', '36557.28', '223', '3');
INSERT INTO `order_item` VALUES ('3995', '274', '元', '9.17', '2512.58', '223', '4');
INSERT INTO `order_item` VALUES ('3996', '2650', '元', '0.86', '2279', '223', '5');
INSERT INTO `order_item` VALUES ('3997', '3184', '元', '1.99', '6336.16', '223', '6');
INSERT INTO `order_item` VALUES ('3998', '3832', '元', '7.81', '29927.92', '223', '7');
INSERT INTO `order_item` VALUES ('3999', '3376', '元', '8.44', '28493.44', '223', '8');
INSERT INTO `order_item` VALUES ('4000', '1039', '元', '3.31', '3439.09', '223', '9');
INSERT INTO `order_item` VALUES ('4001', '1471', '元', '0.97', '1426.87', '223', '10');
INSERT INTO `order_item` VALUES ('4002', '170', '元', '7.93', '1348.1', '224', '1');
INSERT INTO `order_item` VALUES ('4003', '2446', '元', '7.49', '18320.54', '224', '2');
INSERT INTO `order_item` VALUES ('4004', '3792', '元', '2.1', '7963.2', '224', '3');
INSERT INTO `order_item` VALUES ('4005', '1688', '元', '9.37', '15816.56', '224', '4');
INSERT INTO `order_item` VALUES ('4006', '660', '元', '6.68', '4408.8', '224', '5');
INSERT INTO `order_item` VALUES ('4007', '1371', '元', '4.95', '6786.45', '224', '6');
INSERT INTO `order_item` VALUES ('4008', '1791', '元', '7.87', '14095.17', '224', '7');
INSERT INTO `order_item` VALUES ('4009', '4272', '元', '6.04', '25802.88', '224', '8');
INSERT INTO `order_item` VALUES ('4010', '1059', '元', '8.28', '8768.52', '224', '9');
INSERT INTO `order_item` VALUES ('4011', '1437', '元', '8.37', '12027.69', '224', '10');
INSERT INTO `order_item` VALUES ('4012', '367', '元', '3.67', '1346.89', '225', '1');
INSERT INTO `order_item` VALUES ('4013', '37', '元', '2.09', '77.33', '225', '2');
INSERT INTO `order_item` VALUES ('4014', '4986', '元', '8.99', '44824.14', '225', '3');
INSERT INTO `order_item` VALUES ('4015', '1322', '元', '6.8', '8989.6', '225', '4');
INSERT INTO `order_item` VALUES ('4016', '3867', '元', '0.29', '1121.43', '225', '5');
INSERT INTO `order_item` VALUES ('4017', '2010', '元', '0.79', '1587.9', '225', '6');
INSERT INTO `order_item` VALUES ('4018', '739', '元', '3.15', '2327.85', '225', '7');
INSERT INTO `order_item` VALUES ('4019', '4567', '元', '6.1', '27858.7', '225', '8');
INSERT INTO `order_item` VALUES ('4020', '2496', '元', '7.22', '18021.12', '225', '9');
INSERT INTO `order_item` VALUES ('4021', '4349', '元', '1.07', '4653.43', '225', '10');
INSERT INTO `order_item` VALUES ('4022', '2791', '元', '0.03', '83.73', '226', '1');
INSERT INTO `order_item` VALUES ('4023', '1596', '元', '0.28', '446.88', '226', '2');
INSERT INTO `order_item` VALUES ('4024', '3564', '元', '6.12', '21811.68', '226', '3');
INSERT INTO `order_item` VALUES ('4025', '2794', '元', '7.23', '20200.62', '226', '4');
INSERT INTO `order_item` VALUES ('4026', '4992', '元', '2.27', '11331.84', '226', '5');
INSERT INTO `order_item` VALUES ('4027', '1885', '元', '2.49', '4693.65', '226', '6');
INSERT INTO `order_item` VALUES ('4028', '4231', '元', '7.09', '29997.79', '226', '7');
INSERT INTO `order_item` VALUES ('4029', '197', '元', '3.09', '608.73', '226', '8');
INSERT INTO `order_item` VALUES ('4030', '1581', '元', '3.03', '4790.43', '226', '9');
INSERT INTO `order_item` VALUES ('4031', '1767', '元', '1.79', '3162.93', '226', '10');
INSERT INTO `order_item` VALUES ('4032', '4346', '元', '8.88', '38592.48', '227', '1');
INSERT INTO `order_item` VALUES ('4033', '847', '元', '2.31', '1956.57', '227', '2');
INSERT INTO `order_item` VALUES ('4034', '1995', '元', '4.94', '9855.3', '227', '3');
INSERT INTO `order_item` VALUES ('4035', '2888', '元', '1.26', '3638.88', '227', '4');
INSERT INTO `order_item` VALUES ('4036', '2960', '元', '8.82', '26107.2', '227', '5');
INSERT INTO `order_item` VALUES ('4037', '938', '元', '9.77', '9164.26', '227', '6');
INSERT INTO `order_item` VALUES ('4038', '3475', '元', '0.38', '1320.5', '227', '7');
INSERT INTO `order_item` VALUES ('4039', '3773', '元', '5.87', '22147.51', '227', '8');
INSERT INTO `order_item` VALUES ('4040', '4638', '元', '5.31', '24627.78', '227', '9');
INSERT INTO `order_item` VALUES ('4041', '2644', '元', '8.62', '22791.28', '227', '10');
INSERT INTO `order_item` VALUES ('4042', '2000', '元', '3.35', '6700', '228', '1');
INSERT INTO `order_item` VALUES ('4043', '2672', '元', '6.47', '17287.84', '228', '2');
INSERT INTO `order_item` VALUES ('4044', '379', '元', '2.02', '765.58', '228', '3');
INSERT INTO `order_item` VALUES ('4045', '2358', '元', '0.57', '1344.06', '228', '4');
INSERT INTO `order_item` VALUES ('4046', '4767', '元', '6.39', '30461.13', '228', '5');
INSERT INTO `order_item` VALUES ('4047', '4980', '元', '6.55', '32619', '228', '6');
INSERT INTO `order_item` VALUES ('4048', '3696', '元', '4.47', '16521.12', '228', '7');
INSERT INTO `order_item` VALUES ('4049', '4526', '元', '2.17', '9821.42', '228', '8');
INSERT INTO `order_item` VALUES ('4050', '730', '元', '3.44', '2511.2', '228', '9');
INSERT INTO `order_item` VALUES ('4051', '2332', '元', '8.48', '19775.36', '228', '10');
INSERT INTO `order_item` VALUES ('4052', '2584', '元', '1.87', '4832.08', '229', '1');
INSERT INTO `order_item` VALUES ('4053', '3529', '元', '5.26', '18562.54', '229', '2');
INSERT INTO `order_item` VALUES ('4054', '926', '元', '9.5', '8797', '229', '3');
INSERT INTO `order_item` VALUES ('4055', '3580', '元', '5.73', '20513.4', '229', '4');
INSERT INTO `order_item` VALUES ('4056', '378', '元', '2.96', '1118.88', '229', '5');
INSERT INTO `order_item` VALUES ('4057', '2047', '元', '9.17', '18770.99', '229', '6');
INSERT INTO `order_item` VALUES ('4058', '2612', '元', '9.76', '25493.12', '229', '7');
INSERT INTO `order_item` VALUES ('4059', '21', '元', '9.79', '205.59', '229', '8');
INSERT INTO `order_item` VALUES ('4060', '3060', '元', '7.85', '24021', '229', '9');
INSERT INTO `order_item` VALUES ('4061', '1325', '元', '4.85', '6426.25', '229', '10');
INSERT INTO `order_item` VALUES ('4062', '2605', '元', '1.26', '3282.3', '230', '1');
INSERT INTO `order_item` VALUES ('4063', '933', '元', '5.45', '5084.85', '230', '2');
INSERT INTO `order_item` VALUES ('4064', '3355', '元', '9.52', '31939.6', '230', '3');
INSERT INTO `order_item` VALUES ('4065', '515', '元', '4.96', '2554.4', '230', '4');
INSERT INTO `order_item` VALUES ('4066', '361', '元', '9.42', '3400.62', '230', '5');
INSERT INTO `order_item` VALUES ('4067', '2599', '元', '7.75', '20142.25', '230', '6');
INSERT INTO `order_item` VALUES ('4068', '1984', '元', '1.27', '2519.68', '230', '7');
INSERT INTO `order_item` VALUES ('4069', '2547', '元', '1.57', '3998.79', '230', '8');
INSERT INTO `order_item` VALUES ('4070', '3705', '元', '8.1', '30010.5', '230', '9');
INSERT INTO `order_item` VALUES ('4071', '4692', '元', '2.21', '10369.32', '230', '10');
INSERT INTO `order_item` VALUES ('4072', '3152', '元', '2.78', '8762.56', '231', '1');
INSERT INTO `order_item` VALUES ('4073', '1294', '元', '1.13', '1462.22', '231', '2');
INSERT INTO `order_item` VALUES ('4074', '4607', '元', '0.51', '2349.57', '231', '3');
INSERT INTO `order_item` VALUES ('4075', '4831', '元', '5.45', '26328.95', '231', '4');
INSERT INTO `order_item` VALUES ('4076', '1092', '元', '7.75', '8463', '231', '5');
INSERT INTO `order_item` VALUES ('4077', '1705', '元', '8.78', '14969.9', '231', '6');
INSERT INTO `order_item` VALUES ('4078', '1186', '元', '1.25', '1482.5', '231', '7');
INSERT INTO `order_item` VALUES ('4079', '4865', '元', '1.6', '7784', '231', '8');
INSERT INTO `order_item` VALUES ('4080', '1565', '元', '0.67', '1048.55', '231', '9');
INSERT INTO `order_item` VALUES ('4081', '4901', '元', '1.81', '8870.81', '231', '10');
INSERT INTO `order_item` VALUES ('4082', '4793', '元', '8.1', '38823.3', '232', '1');
INSERT INTO `order_item` VALUES ('4083', '3269', '元', '6.85', '22392.65', '232', '2');
INSERT INTO `order_item` VALUES ('4084', '3505', '元', '5.43', '19032.15', '232', '3');
INSERT INTO `order_item` VALUES ('4085', '134', '元', '4.25', '569.5', '232', '4');
INSERT INTO `order_item` VALUES ('4086', '251', '元', '3.04', '763.04', '232', '5');
INSERT INTO `order_item` VALUES ('4087', '2717', '元', '3.61', '9808.37', '232', '6');
INSERT INTO `order_item` VALUES ('4088', '3358', '元', '6.02', '20215.16', '232', '7');
INSERT INTO `order_item` VALUES ('4089', '2267', '元', '9.62', '21808.54', '232', '8');
INSERT INTO `order_item` VALUES ('4090', '2094', '元', '0.73', '1528.62', '232', '9');
INSERT INTO `order_item` VALUES ('4091', '2293', '元', '1.27', '2912.11', '232', '10');
INSERT INTO `order_item` VALUES ('4092', '4838', '元', '4.82', '23319.16', '233', '1');
INSERT INTO `order_item` VALUES ('4093', '4654', '元', '1.1', '5119.4', '233', '2');
INSERT INTO `order_item` VALUES ('4094', '2418', '元', '4.07', '9841.26', '233', '3');
INSERT INTO `order_item` VALUES ('4095', '2055', '元', '6.58', '13521.9', '233', '4');
INSERT INTO `order_item` VALUES ('4096', '639', '元', '8.1', '5175.9', '233', '5');
INSERT INTO `order_item` VALUES ('4097', '307', '元', '7.97', '2446.79', '233', '6');
INSERT INTO `order_item` VALUES ('4098', '1589', '元', '0.06', '95.34', '233', '7');
INSERT INTO `order_item` VALUES ('4099', '1606', '元', '4.88', '7837.28', '233', '8');
INSERT INTO `order_item` VALUES ('4100', '4084', '元', '8.46', '34550.64', '233', '9');
INSERT INTO `order_item` VALUES ('4101', '2343', '元', '3.34', '7825.62', '233', '10');
INSERT INTO `order_item` VALUES ('4102', '4426', '元', '1.96', '8674.96', '234', '1');
INSERT INTO `order_item` VALUES ('4103', '3075', '元', '5.08', '15621', '234', '2');
INSERT INTO `order_item` VALUES ('4104', '1124', '元', '5.51', '6193.24', '234', '3');
INSERT INTO `order_item` VALUES ('4105', '4823', '元', '6.19', '29854.37', '234', '4');
INSERT INTO `order_item` VALUES ('4106', '3898', '元', '5.27', '20542.46', '234', '5');
INSERT INTO `order_item` VALUES ('4107', '2431', '元', '9.57', '23264.67', '234', '6');
INSERT INTO `order_item` VALUES ('4108', '4946', '元', '4.2', '20773.2', '234', '7');
INSERT INTO `order_item` VALUES ('4109', '2137', '元', '2.24', '4786.88', '234', '8');
INSERT INTO `order_item` VALUES ('4110', '986', '元', '1.32', '1301.52', '234', '9');
INSERT INTO `order_item` VALUES ('4111', '1903', '元', '9.27', '17640.81', '234', '10');
INSERT INTO `order_item` VALUES ('4112', '2890', '元', '2.71', '7831.9', '235', '1');
INSERT INTO `order_item` VALUES ('4113', '850', '元', '1.69', '1436.5', '235', '2');
INSERT INTO `order_item` VALUES ('4114', '607', '元', '0.11', '66.77', '235', '3');
INSERT INTO `order_item` VALUES ('4115', '3295', '元', '5.33', '17562.35', '235', '4');
INSERT INTO `order_item` VALUES ('4116', '1831', '元', '5.63', '10308.53', '235', '5');
INSERT INTO `order_item` VALUES ('4117', '3797', '元', '0.89', '3379.33', '235', '6');
INSERT INTO `order_item` VALUES ('4118', '2930', '元', '0.17', '498.1', '235', '7');
INSERT INTO `order_item` VALUES ('4119', '2746', '元', '9.31', '25565.26', '235', '8');
INSERT INTO `order_item` VALUES ('4120', '4835', '元', '6.42', '31040.7', '235', '9');
INSERT INTO `order_item` VALUES ('4121', '2810', '元', '6.95', '19529.5', '235', '10');
INSERT INTO `order_item` VALUES ('4122', '1058', '元', '2.47', '2613.26', '236', '1');
INSERT INTO `order_item` VALUES ('4123', '2291', '元', '3.36', '7697.76', '236', '2');
INSERT INTO `order_item` VALUES ('4124', '11', '元', '7.63', '83.93', '236', '3');
INSERT INTO `order_item` VALUES ('4125', '53', '元', '1.39', '73.67', '236', '4');
INSERT INTO `order_item` VALUES ('4126', '4953', '元', '7.94', '39326.82', '236', '5');
INSERT INTO `order_item` VALUES ('4127', '1791', '元', '6.53', '11695.23', '236', '6');
INSERT INTO `order_item` VALUES ('4128', '2361', '元', '3.85', '9089.85', '236', '7');
INSERT INTO `order_item` VALUES ('4129', '2979', '元', '7.75', '23087.25', '236', '8');
INSERT INTO `order_item` VALUES ('4130', '737', '元', '6.51', '4797.87', '236', '9');
INSERT INTO `order_item` VALUES ('4131', '2690', '元', '4.89', '13154.1', '236', '10');
INSERT INTO `order_item` VALUES ('4132', '3568', '元', '0.14', '499.52', '237', '1');
INSERT INTO `order_item` VALUES ('4133', '4839', '元', '5.16', '24969.24', '237', '2');
INSERT INTO `order_item` VALUES ('4134', '3393', '元', '0.81', '2748.33', '237', '3');
INSERT INTO `order_item` VALUES ('4135', '2466', '元', '4.11', '10135.26', '237', '4');
INSERT INTO `order_item` VALUES ('4136', '3030', '元', '3.17', '9605.1', '237', '5');
INSERT INTO `order_item` VALUES ('4137', '1873', '元', '3.66', '6855.18', '237', '6');
INSERT INTO `order_item` VALUES ('4138', '625', '元', '6.73', '4206.25', '237', '7');
INSERT INTO `order_item` VALUES ('4139', '1755', '元', '9.72', '17058.6', '237', '8');
INSERT INTO `order_item` VALUES ('4140', '4044', '元', '0.13', '525.72', '237', '9');
INSERT INTO `order_item` VALUES ('4141', '4948', '元', '2.99', '14794.52', '237', '10');
INSERT INTO `order_item` VALUES ('4142', '3870', '元', '4.02', '15557.4', '238', '1');
INSERT INTO `order_item` VALUES ('4143', '2901', '元', '2.66', '7716.66', '238', '2');
INSERT INTO `order_item` VALUES ('4144', '2883', '元', '3.6', '10378.8', '238', '3');
INSERT INTO `order_item` VALUES ('4145', '1677', '元', '8.67', '14539.59', '238', '4');
INSERT INTO `order_item` VALUES ('4146', '2293', '元', '5.09', '11671.37', '238', '5');
INSERT INTO `order_item` VALUES ('4147', '3988', '元', '8.76', '34934.88', '238', '6');
INSERT INTO `order_item` VALUES ('4148', '580', '元', '7.71', '4471.8', '238', '7');
INSERT INTO `order_item` VALUES ('4149', '1734', '元', '2.58', '4473.72', '238', '8');
INSERT INTO `order_item` VALUES ('4150', '3928', '元', '8.78', '34487.84', '238', '9');
INSERT INTO `order_item` VALUES ('4151', '4716', '元', '2.02', '9526.32', '238', '10');
INSERT INTO `order_item` VALUES ('4152', '1970', '元', '9.14', '18005.8', '239', '1');
INSERT INTO `order_item` VALUES ('4153', '3420', '元', '10', '34200', '239', '2');
INSERT INTO `order_item` VALUES ('4154', '4843', '元', '9.31', '45088.33', '239', '3');
INSERT INTO `order_item` VALUES ('4155', '2203', '元', '4.02', '8856.06', '239', '4');
INSERT INTO `order_item` VALUES ('4156', '2579', '元', '9.7', '25016.3', '239', '5');
INSERT INTO `order_item` VALUES ('4157', '3452', '元', '0.19', '655.88', '239', '6');
INSERT INTO `order_item` VALUES ('4158', '2000', '元', '8.93', '17860', '239', '7');
INSERT INTO `order_item` VALUES ('4159', '978', '元', '1.27', '1242.06', '239', '8');
INSERT INTO `order_item` VALUES ('4160', '1298', '元', '1.84', '2388.32', '239', '9');
INSERT INTO `order_item` VALUES ('4161', '1357', '元', '1.12', '1519.84', '239', '10');
INSERT INTO `order_item` VALUES ('4162', '552', '元', '1.91', '1054.32', '240', '1');
INSERT INTO `order_item` VALUES ('4163', '71', '元', '3.32', '235.72', '240', '2');
INSERT INTO `order_item` VALUES ('4164', '4945', '元', '7.25', '35851.25', '240', '3');
INSERT INTO `order_item` VALUES ('4165', '4099', '元', '8.26', '33857.74', '240', '4');
INSERT INTO `order_item` VALUES ('4166', '4640', '元', '9.92', '46028.8', '240', '5');
INSERT INTO `order_item` VALUES ('4167', '1886', '元', '5.43', '10240.98', '240', '6');
INSERT INTO `order_item` VALUES ('4168', '5', '元', '4.05', '20.25', '240', '7');
INSERT INTO `order_item` VALUES ('4169', '953', '元', '1.56', '1486.68', '240', '8');
INSERT INTO `order_item` VALUES ('4170', '466', '元', '6.5', '3029', '240', '9');
INSERT INTO `order_item` VALUES ('4171', '4280', '元', '2.1', '8988', '240', '10');
INSERT INTO `order_item` VALUES ('4172', '1932', '元', '4.35', '8404.2', '241', '1');
INSERT INTO `order_item` VALUES ('4173', '1406', '元', '3.84', '5399.04', '241', '2');
INSERT INTO `order_item` VALUES ('4174', '3323', '元', '4.03', '13391.69', '241', '3');
INSERT INTO `order_item` VALUES ('4175', '2506', '元', '8.87', '22228.22', '241', '4');
INSERT INTO `order_item` VALUES ('4176', '3769', '元', '5.66', '21332.54', '241', '5');
INSERT INTO `order_item` VALUES ('4177', '2380', '元', '9.32', '22181.6', '241', '6');
INSERT INTO `order_item` VALUES ('4178', '4856', '元', '0.75', '3642', '241', '7');
INSERT INTO `order_item` VALUES ('4179', '4336', '元', '8.34', '36162.24', '241', '8');
INSERT INTO `order_item` VALUES ('4180', '2582', '元', '1.77', '4570.14', '241', '9');
INSERT INTO `order_item` VALUES ('4181', '4808', '元', '4.72', '22693.76', '241', '10');
INSERT INTO `order_item` VALUES ('4182', '1575', '元', '2.33', '3669.75', '242', '1');
INSERT INTO `order_item` VALUES ('4183', '1573', '元', '4.89', '7691.97', '242', '2');
INSERT INTO `order_item` VALUES ('4184', '4950', '元', '5.03', '24898.5', '242', '3');
INSERT INTO `order_item` VALUES ('4185', '2690', '元', '8.63', '23214.7', '242', '4');
INSERT INTO `order_item` VALUES ('4186', '3145', '元', '7.1', '22329.5', '242', '5');
INSERT INTO `order_item` VALUES ('4187', '3980', '元', '4.53', '18029.4', '242', '6');
INSERT INTO `order_item` VALUES ('4188', '1755', '元', '4.79', '8406.45', '242', '7');
INSERT INTO `order_item` VALUES ('4189', '933', '元', '6.93', '6465.69', '242', '8');
INSERT INTO `order_item` VALUES ('4190', '1696', '元', '4.37', '7411.52', '242', '9');
INSERT INTO `order_item` VALUES ('4191', '4718', '元', '9.11', '42980.98', '242', '10');
INSERT INTO `order_item` VALUES ('4192', '1435', '元', '0.82', '1176.7', '243', '1');
INSERT INTO `order_item` VALUES ('4193', '2977', '元', '8.39', '24977.03', '243', '2');
INSERT INTO `order_item` VALUES ('4194', '1464', '元', '9.46', '13849.44', '243', '3');
INSERT INTO `order_item` VALUES ('4195', '221', '元', '8.01', '1770.21', '243', '4');
INSERT INTO `order_item` VALUES ('4196', '1897', '元', '4.32', '8195.04', '243', '5');
INSERT INTO `order_item` VALUES ('4197', '4527', '元', '0.9', '4074.3', '243', '6');
INSERT INTO `order_item` VALUES ('4198', '3210', '元', '7.93', '25455.3', '243', '7');
INSERT INTO `order_item` VALUES ('4199', '1604', '元', '2.6', '4170.4', '243', '8');
INSERT INTO `order_item` VALUES ('4200', '460', '元', '9.96', '4581.6', '243', '9');
INSERT INTO `order_item` VALUES ('4201', '1874', '元', '9.69', '18159.06', '243', '10');
INSERT INTO `order_item` VALUES ('4202', '2291', '元', '2.82', '6460.62', '244', '1');
INSERT INTO `order_item` VALUES ('4203', '2438', '元', '7.69', '18748.22', '244', '2');
INSERT INTO `order_item` VALUES ('4204', '4273', '元', '1.47', '6281.31', '244', '3');
INSERT INTO `order_item` VALUES ('4205', '3796', '元', '9.76', '37048.96', '244', '4');
INSERT INTO `order_item` VALUES ('4206', '875', '元', '1.17', '1023.75', '244', '5');
INSERT INTO `order_item` VALUES ('4207', '1674', '元', '2.82', '4720.68', '244', '6');
INSERT INTO `order_item` VALUES ('4208', '572', '元', '0.27', '154.44', '244', '7');
INSERT INTO `order_item` VALUES ('4209', '1979', '元', '7.9', '15634.1', '244', '8');
INSERT INTO `order_item` VALUES ('4210', '2594', '元', '5.8', '15045.2', '244', '9');
INSERT INTO `order_item` VALUES ('4211', '845', '元', '4.64', '3920.8', '244', '10');
INSERT INTO `order_item` VALUES ('4212', '3943', '元', '0.37', '1458.91', '245', '1');
INSERT INTO `order_item` VALUES ('4213', '4237', '元', '2.8', '11863.6', '245', '2');
INSERT INTO `order_item` VALUES ('4214', '1637', '元', '2.54', '4157.98', '245', '3');
INSERT INTO `order_item` VALUES ('4215', '948', '元', '5.29', '5014.92', '245', '4');
INSERT INTO `order_item` VALUES ('4216', '3211', '元', '2.55', '8188.05', '245', '5');
INSERT INTO `order_item` VALUES ('4217', '871', '元', '6.1', '5313.1', '245', '6');
INSERT INTO `order_item` VALUES ('4218', '2300', '元', '2.06', '4738', '245', '7');
INSERT INTO `order_item` VALUES ('4219', '4927', '元', '8.2', '40401.4', '245', '8');
INSERT INTO `order_item` VALUES ('4220', '2506', '元', '0.02', '50.12', '245', '9');
INSERT INTO `order_item` VALUES ('4221', '2631', '元', '1.17', '3078.27', '245', '10');
INSERT INTO `order_item` VALUES ('4222', '4351', '元', '8', '34808', '246', '1');
INSERT INTO `order_item` VALUES ('4223', '4529', '元', '0.1', '452.9', '246', '2');
INSERT INTO `order_item` VALUES ('4224', '208', '元', '8.03', '1670.24', '246', '3');
INSERT INTO `order_item` VALUES ('4225', '4521', '元', '0.05', '226.05', '246', '4');
INSERT INTO `order_item` VALUES ('4226', '1553', '元', '8.66', '13448.98', '246', '5');
INSERT INTO `order_item` VALUES ('4227', '1748', '元', '9.71', '16973.08', '246', '6');
INSERT INTO `order_item` VALUES ('4228', '4502', '元', '0.33', '1485.66', '246', '7');
INSERT INTO `order_item` VALUES ('4229', '1109', '元', '7.23', '8018.07', '246', '8');
INSERT INTO `order_item` VALUES ('4230', '1451', '元', '9.26', '13436.26', '246', '9');
INSERT INTO `order_item` VALUES ('4231', '948', '元', '1.91', '1810.68', '246', '10');
INSERT INTO `order_item` VALUES ('4232', '2315', '元', '2.03', '4699.45', '247', '1');
INSERT INTO `order_item` VALUES ('4233', '598', '元', '9.5', '5681', '247', '2');
INSERT INTO `order_item` VALUES ('4234', '2369', '元', '4.26', '10091.94', '247', '3');
INSERT INTO `order_item` VALUES ('4235', '2773', '元', '5.93', '16443.89', '247', '4');
INSERT INTO `order_item` VALUES ('4236', '3193', '元', '2.16', '6896.88', '247', '5');
INSERT INTO `order_item` VALUES ('4237', '3845', '元', '1.58', '6075.1', '247', '6');
INSERT INTO `order_item` VALUES ('4238', '2696', '元', '5.95', '16041.2', '247', '7');
INSERT INTO `order_item` VALUES ('4239', '1328', '元', '8.03', '10663.84', '247', '8');
INSERT INTO `order_item` VALUES ('4240', '784', '元', '6.82', '5346.88', '247', '9');
INSERT INTO `order_item` VALUES ('4241', '3512', '元', '3.31', '11624.72', '247', '10');
INSERT INTO `order_item` VALUES ('4242', '4065', '元', '6.5', '26422.5', '248', '1');
INSERT INTO `order_item` VALUES ('4243', '2650', '元', '4.52', '11978', '248', '2');
INSERT INTO `order_item` VALUES ('4244', '605', '元', '8.75', '5293.75', '248', '3');
INSERT INTO `order_item` VALUES ('4245', '640', '元', '5.56', '3558.4', '248', '4');
INSERT INTO `order_item` VALUES ('4246', '1417', '元', '0.78', '1105.26', '248', '5');
INSERT INTO `order_item` VALUES ('4247', '4922', '元', '0.82', '4036.04', '248', '6');
INSERT INTO `order_item` VALUES ('4248', '4274', '元', '5.78', '24703.72', '248', '7');
INSERT INTO `order_item` VALUES ('4249', '115', '元', '1.92', '220.8', '248', '8');
INSERT INTO `order_item` VALUES ('4250', '3174', '元', '7.55', '23963.7', '248', '9');
INSERT INTO `order_item` VALUES ('4251', '522', '元', '2.64', '1378.08', '248', '10');
INSERT INTO `order_item` VALUES ('4252', '2009', '元', '8.59', '17257.31', '249', '1');
INSERT INTO `order_item` VALUES ('4253', '1670', '元', '6.65', '11105.5', '249', '2');
INSERT INTO `order_item` VALUES ('4254', '459', '元', '8.15', '3740.85', '249', '3');
INSERT INTO `order_item` VALUES ('4255', '3925', '元', '4.9', '19232.5', '249', '4');
INSERT INTO `order_item` VALUES ('4256', '1492', '元', '9.37', '13980.04', '249', '5');
INSERT INTO `order_item` VALUES ('4257', '1306', '元', '3.48', '4544.88', '249', '6');
INSERT INTO `order_item` VALUES ('4258', '4939', '元', '4.47', '22077.33', '249', '7');
INSERT INTO `order_item` VALUES ('4259', '2739', '元', '2.86', '7833.54', '249', '8');
INSERT INTO `order_item` VALUES ('4260', '1868', '元', '6.54', '12216.72', '249', '9');
INSERT INTO `order_item` VALUES ('4261', '411', '元', '1.45', '595.95', '249', '10');
INSERT INTO `order_item` VALUES ('4262', '2905', '元', '3.79', '11009.95', '250', '1');
INSERT INTO `order_item` VALUES ('4263', '43', '元', '6.59', '283.37', '250', '2');
INSERT INTO `order_item` VALUES ('4264', '170', '元', '6', '1020', '250', '3');
INSERT INTO `order_item` VALUES ('4265', '278', '元', '5.56', '1545.68', '250', '4');
INSERT INTO `order_item` VALUES ('4266', '3074', '元', '2.69', '8269.06', '250', '5');
INSERT INTO `order_item` VALUES ('4267', '4444', '元', '7.08', '31463.52', '250', '6');
INSERT INTO `order_item` VALUES ('4268', '2954', '元', '8.54', '25227.16', '250', '7');
INSERT INTO `order_item` VALUES ('4269', '4179', '元', '3.89', '16256.31', '250', '8');
INSERT INTO `order_item` VALUES ('4270', '2457', '元', '8.47', '20810.79', '250', '9');
INSERT INTO `order_item` VALUES ('4271', '2635', '元', '3.97', '10460.95', '250', '10');
INSERT INTO `order_item` VALUES ('4272', '2124', '元', '9.22', '19583.28', '251', '1');
INSERT INTO `order_item` VALUES ('4273', '3849', '元', '5.29', '20361.21', '251', '2');
INSERT INTO `order_item` VALUES ('4274', '2790', '元', '2.63', '7337.7', '251', '3');
INSERT INTO `order_item` VALUES ('4275', '2405', '元', '5.27', '12674.35', '251', '4');
INSERT INTO `order_item` VALUES ('4276', '2510', '元', '8.35', '20958.5', '251', '5');
INSERT INTO `order_item` VALUES ('4277', '2881', '元', '0.85', '2448.85', '251', '6');
INSERT INTO `order_item` VALUES ('4278', '3747', '元', '8.99', '33685.53', '251', '7');
INSERT INTO `order_item` VALUES ('4279', '812', '元', '0.36', '292.32', '251', '8');
INSERT INTO `order_item` VALUES ('4280', '1830', '元', '3.26', '5965.8', '251', '9');
INSERT INTO `order_item` VALUES ('4281', '681', '元', '3.69', '2512.89', '251', '10');
INSERT INTO `order_item` VALUES ('4282', '2257', '元', '0.29', '654.53', '252', '1');
INSERT INTO `order_item` VALUES ('4283', '4535', '元', '1.91', '8661.85', '252', '2');
INSERT INTO `order_item` VALUES ('4284', '4565', '元', '6.91', '31544.15', '252', '3');
INSERT INTO `order_item` VALUES ('4285', '3147', '元', '7.51', '23633.97', '252', '4');
INSERT INTO `order_item` VALUES ('4286', '494', '元', '1.36', '671.84', '252', '5');
INSERT INTO `order_item` VALUES ('4287', '3054', '元', '2.22', '6779.88', '252', '6');
INSERT INTO `order_item` VALUES ('4288', '746', '元', '3.43', '2558.78', '252', '7');
INSERT INTO `order_item` VALUES ('4289', '4254', '元', '6.27', '26672.58', '252', '8');
INSERT INTO `order_item` VALUES ('4290', '3014', '元', '2.12', '6389.68', '252', '9');
INSERT INTO `order_item` VALUES ('4291', '1342', '元', '3.87', '5193.54', '252', '10');
INSERT INTO `order_item` VALUES ('4292', '4449', '元', '3.74', '16639.26', '253', '1');
INSERT INTO `order_item` VALUES ('4293', '304', '元', '4.91', '1492.64', '253', '2');
INSERT INTO `order_item` VALUES ('4294', '3744', '元', '2.02', '7562.88', '253', '3');
INSERT INTO `order_item` VALUES ('4295', '3955', '元', '1.48', '5853.4', '253', '4');
INSERT INTO `order_item` VALUES ('4296', '1356', '元', '7.67', '10400.52', '253', '5');
INSERT INTO `order_item` VALUES ('4297', '3114', '元', '2.29', '7131.06', '253', '6');
INSERT INTO `order_item` VALUES ('4298', '2947', '元', '2.89', '8516.83', '253', '7');
INSERT INTO `order_item` VALUES ('4299', '1701', '元', '6.87', '11685.87', '253', '8');
INSERT INTO `order_item` VALUES ('4300', '3130', '元', '8.18', '25603.4', '253', '9');
INSERT INTO `order_item` VALUES ('4301', '1834', '元', '3.29', '6033.86', '253', '10');
INSERT INTO `order_item` VALUES ('4302', '1507', '元', '8.94', '13472.58', '254', '1');
INSERT INTO `order_item` VALUES ('4303', '4668', '元', '7.44', '34729.92', '254', '2');
INSERT INTO `order_item` VALUES ('4304', '3809', '元', '5.6', '21330.4', '254', '3');
INSERT INTO `order_item` VALUES ('4305', '3619', '元', '1.39', '5030.41', '254', '4');
INSERT INTO `order_item` VALUES ('4306', '2714', '元', '8.25', '22390.5', '254', '5');
INSERT INTO `order_item` VALUES ('4307', '3155', '元', '5.75', '18141.25', '254', '6');
INSERT INTO `order_item` VALUES ('4308', '3206', '元', '7.98', '25583.88', '254', '7');
INSERT INTO `order_item` VALUES ('4309', '2715', '元', '9.53', '25873.95', '254', '8');
INSERT INTO `order_item` VALUES ('4310', '1142', '元', '0.38', '433.96', '254', '9');
INSERT INTO `order_item` VALUES ('4311', '669', '元', '9.93', '6643.17', '254', '10');
INSERT INTO `order_item` VALUES ('4312', '4349', '元', '0.98', '4262.02', '255', '1');
INSERT INTO `order_item` VALUES ('4313', '4553', '元', '6.27', '28547.31', '255', '2');
INSERT INTO `order_item` VALUES ('4314', '40', '元', '7.46', '298.4', '255', '3');
INSERT INTO `order_item` VALUES ('4315', '3254', '元', '7.18', '23363.72', '255', '4');
INSERT INTO `order_item` VALUES ('4316', '4073', '元', '1.56', '6353.88', '255', '5');
INSERT INTO `order_item` VALUES ('4317', '2245', '元', '0.31', '695.95', '255', '6');
INSERT INTO `order_item` VALUES ('4318', '1300', '元', '8.02', '10426', '255', '7');
INSERT INTO `order_item` VALUES ('4319', '3727', '元', '2.75', '10249.25', '255', '8');
INSERT INTO `order_item` VALUES ('4320', '2530', '元', '8.98', '22719.4', '255', '9');
INSERT INTO `order_item` VALUES ('4321', '3229', '元', '0.58', '1872.82', '255', '10');
INSERT INTO `order_item` VALUES ('4322', '1669', '元', '0.89', '1485.41', '256', '1');
INSERT INTO `order_item` VALUES ('4323', '2986', '元', '8.56', '25560.16', '256', '2');
INSERT INTO `order_item` VALUES ('4324', '3483', '元', '5.48', '19086.84', '256', '3');
INSERT INTO `order_item` VALUES ('4325', '2938', '元', '0.57', '1674.66', '256', '4');
INSERT INTO `order_item` VALUES ('4326', '1068', '元', '7.4', '7903.2', '256', '5');
INSERT INTO `order_item` VALUES ('4327', '4398', '元', '9.58', '42132.84', '256', '6');
INSERT INTO `order_item` VALUES ('4328', '3641', '元', '8.72', '31749.52', '256', '7');
INSERT INTO `order_item` VALUES ('4329', '2408', '元', '5.35', '12882.8', '256', '8');
INSERT INTO `order_item` VALUES ('4330', '4294', '元', '4.3', '18464.2', '256', '9');
INSERT INTO `order_item` VALUES ('4331', '3560', '元', '7.81', '27803.6', '256', '10');
INSERT INTO `order_item` VALUES ('4332', '1555', '元', '8.09', '12579.95', '257', '1');
INSERT INTO `order_item` VALUES ('4333', '2411', '元', '8.75', '21096.25', '257', '2');
INSERT INTO `order_item` VALUES ('4334', '4065', '元', '5.51', '22398.15', '257', '3');
INSERT INTO `order_item` VALUES ('4335', '3062', '元', '5.48', '16779.76', '257', '4');
INSERT INTO `order_item` VALUES ('4336', '3608', '元', '0.69', '2489.52', '257', '5');
INSERT INTO `order_item` VALUES ('4337', '3793', '元', '0.36', '1365.48', '257', '6');
INSERT INTO `order_item` VALUES ('4338', '3396', '元', '3.64', '12361.44', '257', '7');
INSERT INTO `order_item` VALUES ('4339', '879', '元', '6.71', '5898.09', '257', '8');
INSERT INTO `order_item` VALUES ('4340', '4898', '元', '0.23', '1126.54', '257', '9');
INSERT INTO `order_item` VALUES ('4341', '1040', '元', '8.13', '8455.2', '257', '10');
INSERT INTO `order_item` VALUES ('4342', '725', '元', '2.47', '1790.75', '258', '1');
INSERT INTO `order_item` VALUES ('4343', '1920', '元', '3.55', '6816', '258', '2');
INSERT INTO `order_item` VALUES ('4344', '3480', '元', '3.28', '11414.4', '258', '3');
INSERT INTO `order_item` VALUES ('4345', '3578', '元', '6.04', '21611.12', '258', '4');
INSERT INTO `order_item` VALUES ('4346', '640', '元', '5.34', '3417.6', '258', '5');
INSERT INTO `order_item` VALUES ('4347', '2254', '元', '7.39', '16657.06', '258', '6');
INSERT INTO `order_item` VALUES ('4348', '3712', '元', '4.54', '16852.48', '258', '7');
INSERT INTO `order_item` VALUES ('4349', '2226', '元', '7.26', '16160.76', '258', '8');
INSERT INTO `order_item` VALUES ('4350', '3439', '元', '3.48', '11967.72', '258', '9');
INSERT INTO `order_item` VALUES ('4351', '546', '元', '9.73', '5312.58', '258', '10');
INSERT INTO `order_item` VALUES ('4352', '134', '元', '6.3', '844.2', '259', '1');
INSERT INTO `order_item` VALUES ('4353', '857', '元', '1.06', '908.42', '259', '2');
INSERT INTO `order_item` VALUES ('4354', '1784', '元', '9.51', '16965.84', '259', '3');
INSERT INTO `order_item` VALUES ('4355', '4508', '元', '0.18', '811.44', '259', '4');
INSERT INTO `order_item` VALUES ('4356', '1560', '元', '7.77', '12121.2', '259', '5');
INSERT INTO `order_item` VALUES ('4357', '3639', '元', '6.33', '23034.87', '259', '6');
INSERT INTO `order_item` VALUES ('4358', '2903', '元', '2.32', '6734.96', '259', '7');
INSERT INTO `order_item` VALUES ('4359', '4369', '元', '6.96', '30408.24', '259', '8');
INSERT INTO `order_item` VALUES ('4360', '3841', '元', '6.63', '25465.83', '259', '9');
INSERT INTO `order_item` VALUES ('4361', '1029', '元', '8.24', '8478.96', '259', '10');
INSERT INTO `order_item` VALUES ('4362', '4411', '元', '5.52', '24348.72', '260', '1');
INSERT INTO `order_item` VALUES ('4363', '4011', '元', '1.75', '7019.25', '260', '2');
INSERT INTO `order_item` VALUES ('4364', '788', '元', '7.4', '5831.2', '260', '3');
INSERT INTO `order_item` VALUES ('4365', '3823', '元', '7.39', '28251.97', '260', '4');
INSERT INTO `order_item` VALUES ('4366', '3871', '元', '7.82', '30271.22', '260', '5');
INSERT INTO `order_item` VALUES ('4367', '4516', '元', '3.34', '15083.44', '260', '6');
INSERT INTO `order_item` VALUES ('4368', '3525', '元', '9.26', '32641.5', '260', '7');
INSERT INTO `order_item` VALUES ('4369', '907', '元', '3.29', '2984.03', '260', '8');
INSERT INTO `order_item` VALUES ('4370', '3510', '元', '7.25', '25447.5', '260', '9');
INSERT INTO `order_item` VALUES ('4371', '3853', '元', '3.12', '12021.36', '260', '10');
INSERT INTO `order_item` VALUES ('4372', '916', '元', '4.55', '4167.8', '261', '1');
INSERT INTO `order_item` VALUES ('4373', '3961', '元', '0.5', '1980.5', '261', '2');
INSERT INTO `order_item` VALUES ('4374', '1025', '元', '8.06', '8261.5', '261', '3');
INSERT INTO `order_item` VALUES ('4375', '2029', '元', '6.92', '14040.68', '261', '4');
INSERT INTO `order_item` VALUES ('4376', '1718', '元', '4.9', '8418.2', '261', '5');
INSERT INTO `order_item` VALUES ('4377', '1334', '元', '5.46', '7283.64', '261', '6');
INSERT INTO `order_item` VALUES ('4378', '3706', '元', '8.68', '32168.08', '261', '7');
INSERT INTO `order_item` VALUES ('4379', '3002', '元', '7.36', '22094.72', '261', '8');
INSERT INTO `order_item` VALUES ('4380', '2376', '元', '3.38', '8030.88', '261', '9');
INSERT INTO `order_item` VALUES ('4381', '2033', '元', '4.26', '8660.58', '261', '10');
INSERT INTO `order_item` VALUES ('4382', '4528', '元', '1.18', '5343.04', '262', '1');
INSERT INTO `order_item` VALUES ('4383', '1112', '元', '4.87', '5415.44', '262', '2');
INSERT INTO `order_item` VALUES ('4384', '3469', '元', '6.94', '24074.86', '262', '3');
INSERT INTO `order_item` VALUES ('4385', '3708', '元', '4.85', '17983.8', '262', '4');
INSERT INTO `order_item` VALUES ('4386', '1589', '元', '9.56', '15190.84', '262', '5');
INSERT INTO `order_item` VALUES ('4387', '1653', '元', '1.52', '2512.56', '262', '6');
INSERT INTO `order_item` VALUES ('4388', '3867', '元', '0.7', '2706.9', '262', '7');
INSERT INTO `order_item` VALUES ('4389', '1967', '元', '4.74', '9323.58', '262', '8');
INSERT INTO `order_item` VALUES ('4390', '1114', '元', '0.12', '133.68', '262', '9');
INSERT INTO `order_item` VALUES ('4391', '4502', '元', '5.68', '25571.36', '262', '10');
INSERT INTO `order_item` VALUES ('4392', '1625', '元', '1.13', '1836.25', '263', '1');
INSERT INTO `order_item` VALUES ('4393', '4037', '元', '6.58', '26563.46', '263', '2');
INSERT INTO `order_item` VALUES ('4394', '162', '元', '7.93', '1284.66', '263', '3');
INSERT INTO `order_item` VALUES ('4395', '2582', '元', '9.2', '23754.4', '263', '4');
INSERT INTO `order_item` VALUES ('4396', '3885', '元', '8.05', '31274.25', '263', '5');
INSERT INTO `order_item` VALUES ('4397', '4994', '元', '8.35', '41699.9', '263', '6');
INSERT INTO `order_item` VALUES ('4398', '1686', '元', '2.78', '4687.08', '263', '7');
INSERT INTO `order_item` VALUES ('4399', '1990', '元', '4.94', '9830.6', '263', '8');
INSERT INTO `order_item` VALUES ('4400', '4019', '元', '8.29', '33317.51', '263', '9');
INSERT INTO `order_item` VALUES ('4401', '4608', '元', '0.06', '276.48', '263', '10');
INSERT INTO `order_item` VALUES ('4402', '381', '元', '7.73', '2945.13', '264', '1');
INSERT INTO `order_item` VALUES ('4403', '680', '元', '8.73', '5936.4', '264', '2');
INSERT INTO `order_item` VALUES ('4404', '521', '元', '5.58', '2907.18', '264', '3');
INSERT INTO `order_item` VALUES ('4405', '1216', '元', '2.19', '2663.04', '264', '4');
INSERT INTO `order_item` VALUES ('4406', '116', '元', '6.49', '752.84', '264', '5');
INSERT INTO `order_item` VALUES ('4407', '1712', '元', '5.11', '8748.32', '264', '6');
INSERT INTO `order_item` VALUES ('4408', '4697', '元', '7.88', '37012.36', '264', '7');
INSERT INTO `order_item` VALUES ('4409', '1632', '元', '8.68', '14165.76', '264', '8');
INSERT INTO `order_item` VALUES ('4410', '1103', '元', '9.72', '10721.16', '264', '9');
INSERT INTO `order_item` VALUES ('4411', '464', '元', '9.84', '4565.76', '264', '10');
INSERT INTO `order_item` VALUES ('4412', '814', '元', '3.61', '2938.54', '265', '1');
INSERT INTO `order_item` VALUES ('4413', '17', '元', '1.15', '19.55', '265', '2');
INSERT INTO `order_item` VALUES ('4414', '2394', '元', '9.18', '21976.92', '265', '3');
INSERT INTO `order_item` VALUES ('4415', '1347', '元', '1.03', '1387.41', '265', '4');
INSERT INTO `order_item` VALUES ('4416', '785', '元', '4.35', '3414.75', '265', '5');
INSERT INTO `order_item` VALUES ('4417', '2495', '元', '0.18', '449.1', '265', '6');
INSERT INTO `order_item` VALUES ('4418', '267', '元', '4.45', '1188.15', '265', '7');
INSERT INTO `order_item` VALUES ('4419', '1053', '元', '3.62', '3811.86', '265', '8');
INSERT INTO `order_item` VALUES ('4420', '1973', '元', '3.59', '7083.07', '265', '9');
INSERT INTO `order_item` VALUES ('4421', '2265', '元', '0.58', '1313.7', '265', '10');
INSERT INTO `order_item` VALUES ('4422', '2058', '元', '4.76', '9796.08', '266', '1');
INSERT INTO `order_item` VALUES ('4423', '3956', '元', '6.03', '23854.68', '266', '2');
INSERT INTO `order_item` VALUES ('4424', '2090', '元', '3.58', '7482.2', '266', '3');
INSERT INTO `order_item` VALUES ('4425', '2597', '元', '7.54', '19581.38', '266', '4');
INSERT INTO `order_item` VALUES ('4426', '3684', '元', '3.98', '14662.32', '266', '5');
INSERT INTO `order_item` VALUES ('4427', '2159', '元', '4.76', '10276.84', '266', '6');
INSERT INTO `order_item` VALUES ('4428', '4860', '元', '4.04', '19634.4', '266', '7');
INSERT INTO `order_item` VALUES ('4429', '4292', '元', '5.07', '21760.44', '266', '8');
INSERT INTO `order_item` VALUES ('4430', '388', '元', '3.08', '1195.04', '266', '9');
INSERT INTO `order_item` VALUES ('4431', '2052', '元', '7.43', '15246.36', '266', '10');
INSERT INTO `order_item` VALUES ('4432', '257', '元', '1.2', '308.4', '267', '1');
INSERT INTO `order_item` VALUES ('4433', '4489', '元', '7.63', '34251.07', '267', '2');
INSERT INTO `order_item` VALUES ('4434', '3652', '元', '6.92', '25271.84', '267', '3');
INSERT INTO `order_item` VALUES ('4435', '2986', '元', '3.56', '10630.16', '267', '4');
INSERT INTO `order_item` VALUES ('4436', '1949', '元', '0.16', '311.84', '267', '5');
INSERT INTO `order_item` VALUES ('4437', '2669', '元', '7.86', '20978.34', '267', '6');
INSERT INTO `order_item` VALUES ('4438', '1464', '元', '2.86', '4187.04', '267', '7');
INSERT INTO `order_item` VALUES ('4439', '4892', '元', '4.02', '19665.84', '267', '8');
INSERT INTO `order_item` VALUES ('4440', '3024', '元', '2.67', '8074.08', '267', '9');
INSERT INTO `order_item` VALUES ('4441', '1917', '元', '8.51', '16313.67', '267', '10');
INSERT INTO `order_item` VALUES ('4442', '4613', '元', '0.97', '4474.61', '268', '1');
INSERT INTO `order_item` VALUES ('4443', '3085', '元', '4.1', '12648.5', '268', '2');
INSERT INTO `order_item` VALUES ('4444', '1397', '元', '7.96', '11120.12', '268', '3');
INSERT INTO `order_item` VALUES ('4445', '3457', '元', '9.72', '33602.04', '268', '4');
INSERT INTO `order_item` VALUES ('4446', '4690', '元', '0.81', '3798.9', '268', '5');
INSERT INTO `order_item` VALUES ('4447', '1043', '元', '5.2', '5423.6', '268', '6');
INSERT INTO `order_item` VALUES ('4448', '896', '元', '6.92', '6200.32', '268', '7');
INSERT INTO `order_item` VALUES ('4449', '2980', '元', '3.94', '11741.2', '268', '8');
INSERT INTO `order_item` VALUES ('4450', '4145', '元', '7.43', '30797.35', '268', '9');
INSERT INTO `order_item` VALUES ('4451', '3859', '元', '5.61', '21648.99', '268', '10');
INSERT INTO `order_item` VALUES ('4452', '1478', '元', '7.97', '11779.66', '269', '1');
INSERT INTO `order_item` VALUES ('4453', '492', '元', '1.87', '920.04', '269', '2');
INSERT INTO `order_item` VALUES ('4454', '940', '元', '6.63', '6232.2', '269', '3');
INSERT INTO `order_item` VALUES ('4455', '820', '元', '2.74', '2246.8', '269', '4');
INSERT INTO `order_item` VALUES ('4456', '3976', '元', '3', '11928', '269', '5');
INSERT INTO `order_item` VALUES ('4457', '496', '元', '9.08', '4503.68', '269', '6');
INSERT INTO `order_item` VALUES ('4458', '104', '元', '5.73', '595.92', '269', '7');
INSERT INTO `order_item` VALUES ('4459', '1558', '元', '4.44', '6917.52', '269', '8');
INSERT INTO `order_item` VALUES ('4460', '2873', '元', '6.9', '19823.7', '269', '9');
INSERT INTO `order_item` VALUES ('4461', '749', '元', '5.65', '4231.85', '269', '10');
INSERT INTO `order_item` VALUES ('4462', '3392', '元', '4.01', '13601.92', '270', '1');
INSERT INTO `order_item` VALUES ('4463', '3318', '元', '6.18', '20505.24', '270', '2');
INSERT INTO `order_item` VALUES ('4464', '2627', '元', '0.81', '2127.87', '270', '3');
INSERT INTO `order_item` VALUES ('4465', '4808', '元', '6.69', '32165.52', '270', '4');
INSERT INTO `order_item` VALUES ('4466', '622', '元', '0.07', '43.54', '270', '5');
INSERT INTO `order_item` VALUES ('4467', '3697', '元', '3.64', '13457.08', '270', '6');
INSERT INTO `order_item` VALUES ('4468', '393', '元', '6.55', '2574.15', '270', '7');
INSERT INTO `order_item` VALUES ('4469', '848', '元', '2.48', '2103.04', '270', '8');
INSERT INTO `order_item` VALUES ('4470', '2003', '元', '8.5', '17025.5', '270', '9');
INSERT INTO `order_item` VALUES ('4471', '798', '元', '4.95', '3950.1', '270', '10');
INSERT INTO `order_item` VALUES ('4472', '218', '元', '4.08', '889.44', '271', '1');
INSERT INTO `order_item` VALUES ('4473', '1270', '元', '7.38', '9372.6', '271', '2');
INSERT INTO `order_item` VALUES ('4474', '2598', '元', '4.46', '11587.08', '271', '3');
INSERT INTO `order_item` VALUES ('4475', '4053', '元', '8.42', '34126.26', '271', '4');
INSERT INTO `order_item` VALUES ('4476', '3217', '元', '0.06', '193.02', '271', '5');
INSERT INTO `order_item` VALUES ('4477', '155', '元', '9', '1395', '271', '6');
INSERT INTO `order_item` VALUES ('4478', '3835', '元', '0.71', '2722.85', '271', '7');
INSERT INTO `order_item` VALUES ('4479', '1355', '元', '5.29', '7167.95', '271', '8');
INSERT INTO `order_item` VALUES ('4480', '2581', '元', '5.91', '15253.71', '271', '9');
INSERT INTO `order_item` VALUES ('4481', '4307', '元', '9.95', '42854.65', '271', '10');
INSERT INTO `order_item` VALUES ('4482', '294', '元', '0.2', '58.8', '272', '1');
INSERT INTO `order_item` VALUES ('4483', '4290', '元', '4.08', '17503.2', '272', '2');
INSERT INTO `order_item` VALUES ('4484', '2885', '元', '8.16', '23541.6', '272', '3');
INSERT INTO `order_item` VALUES ('4485', '1575', '元', '0.69', '1086.75', '272', '4');
INSERT INTO `order_item` VALUES ('4486', '2918', '元', '3.92', '11438.56', '272', '5');
INSERT INTO `order_item` VALUES ('4487', '1527', '元', '3.59', '5481.93', '272', '6');
INSERT INTO `order_item` VALUES ('4488', '1217', '元', '5.02', '6109.34', '272', '7');
INSERT INTO `order_item` VALUES ('4489', '3784', '元', '6.24', '23612.16', '272', '8');
INSERT INTO `order_item` VALUES ('4490', '406', '元', '3.95', '1603.7', '272', '9');
INSERT INTO `order_item` VALUES ('4491', '3673', '元', '0.03', '110.19', '272', '10');
INSERT INTO `order_item` VALUES ('4492', '3543', '元', '4.56', '16156.08', '273', '1');
INSERT INTO `order_item` VALUES ('4493', '1038', '元', '0.7', '726.6', '273', '2');
INSERT INTO `order_item` VALUES ('4494', '1608', '元', '3.88', '6239.04', '273', '3');
INSERT INTO `order_item` VALUES ('4495', '2062', '元', '8.94', '18434.28', '273', '4');
INSERT INTO `order_item` VALUES ('4496', '2001', '元', '3.41', '6823.41', '273', '5');
INSERT INTO `order_item` VALUES ('4497', '847', '元', '10', '8470', '273', '6');
INSERT INTO `order_item` VALUES ('4498', '1090', '元', '3.88', '4229.2', '273', '7');
INSERT INTO `order_item` VALUES ('4499', '3189', '元', '7.7', '24555.3', '273', '8');
INSERT INTO `order_item` VALUES ('4500', '2088', '元', '8.36', '17455.68', '273', '9');
INSERT INTO `order_item` VALUES ('4501', '606', '元', '4.46', '2702.76', '273', '10');
INSERT INTO `order_item` VALUES ('4502', '4776', '元', '4.39', '20966.64', '274', '1');
INSERT INTO `order_item` VALUES ('4503', '210', '元', '5.84', '1226.4', '274', '2');
INSERT INTO `order_item` VALUES ('4504', '3841', '元', '7.42', '28500.22', '274', '3');
INSERT INTO `order_item` VALUES ('4505', '4481', '元', '5.73', '25676.13', '274', '4');
INSERT INTO `order_item` VALUES ('4506', '4193', '元', '2.99', '12537.07', '274', '5');
INSERT INTO `order_item` VALUES ('4507', '111', '元', '5.11', '567.21', '274', '6');
INSERT INTO `order_item` VALUES ('4508', '157', '元', '5.78', '907.46', '274', '7');
INSERT INTO `order_item` VALUES ('4509', '1153', '元', '2.26', '2605.78', '274', '8');
INSERT INTO `order_item` VALUES ('4510', '2750', '元', '7.9', '21725', '274', '9');
INSERT INTO `order_item` VALUES ('4511', '1115', '元', '1.11', '1237.65', '274', '10');
INSERT INTO `order_item` VALUES ('4512', '1860', '元', '5.76', '10713.6', '275', '1');
INSERT INTO `order_item` VALUES ('4513', '4433', '元', '9.15', '40561.95', '275', '2');
INSERT INTO `order_item` VALUES ('4514', '256', '元', '3.46', '885.76', '275', '3');
INSERT INTO `order_item` VALUES ('4515', '2831', '元', '9.61', '27205.91', '275', '4');
INSERT INTO `order_item` VALUES ('4516', '1194', '元', '7.71', '9205.74', '275', '5');
INSERT INTO `order_item` VALUES ('4517', '4735', '元', '7.4', '35039', '275', '6');
INSERT INTO `order_item` VALUES ('4518', '710', '元', '2.15', '1526.5', '275', '7');
INSERT INTO `order_item` VALUES ('4519', '1910', '元', '0.87', '1661.7', '275', '8');
INSERT INTO `order_item` VALUES ('4520', '960', '元', '7.38', '7084.8', '275', '9');
INSERT INTO `order_item` VALUES ('4521', '4020', '元', '2.22', '8924.4', '275', '10');
INSERT INTO `order_item` VALUES ('4522', '1881', '元', '9.51', '17888.31', '276', '1');
INSERT INTO `order_item` VALUES ('4523', '2222', '元', '4.32', '9599.04', '276', '2');
INSERT INTO `order_item` VALUES ('4524', '1696', '元', '1.4', '2374.4', '276', '3');
INSERT INTO `order_item` VALUES ('4525', '4095', '元', '9.14', '37428.3', '276', '4');
INSERT INTO `order_item` VALUES ('4526', '2191', '元', '5.82', '12751.62', '276', '5');
INSERT INTO `order_item` VALUES ('4527', '4656', '元', '8.42', '39203.52', '276', '6');
INSERT INTO `order_item` VALUES ('4528', '4094', '元', '7.4', '30295.6', '276', '7');
INSERT INTO `order_item` VALUES ('4529', '3088', '元', '6.17', '19052.96', '276', '8');
INSERT INTO `order_item` VALUES ('4530', '299', '元', '1.82', '544.18', '276', '9');
INSERT INTO `order_item` VALUES ('4531', '4211', '元', '6.19', '26066.09', '276', '10');
INSERT INTO `order_item` VALUES ('4532', '1987', '元', '3.67', '7292.29', '277', '1');
INSERT INTO `order_item` VALUES ('4533', '2369', '元', '5.55', '13147.95', '277', '2');
INSERT INTO `order_item` VALUES ('4534', '2915', '元', '5.91', '17227.65', '277', '3');
INSERT INTO `order_item` VALUES ('4535', '251', '元', '0.68', '170.68', '277', '4');
INSERT INTO `order_item` VALUES ('4536', '3048', '元', '1.48', '4511.04', '277', '5');
INSERT INTO `order_item` VALUES ('4537', '3432', '元', '6.37', '21861.84', '277', '6');
INSERT INTO `order_item` VALUES ('4538', '4332', '元', '1.68', '7277.76', '277', '7');
INSERT INTO `order_item` VALUES ('4539', '52', '元', '3.5', '182', '277', '8');
INSERT INTO `order_item` VALUES ('4540', '1915', '元', '5.07', '9709.05', '277', '9');
INSERT INTO `order_item` VALUES ('4541', '3932', '元', '1.32', '5190.24', '277', '10');
INSERT INTO `order_item` VALUES ('4542', '1485', '元', '5.28', '7840.8', '278', '1');
INSERT INTO `order_item` VALUES ('4543', '1374', '元', '7.29', '10016.46', '278', '2');
INSERT INTO `order_item` VALUES ('4544', '3895', '元', '5.35', '20838.25', '278', '3');
INSERT INTO `order_item` VALUES ('4545', '752', '元', '0.5', '376', '278', '4');
INSERT INTO `order_item` VALUES ('4546', '1053', '元', '6.17', '6497.01', '278', '5');
INSERT INTO `order_item` VALUES ('4547', '472', '元', '2.89', '1364.08', '278', '6');
INSERT INTO `order_item` VALUES ('4548', '2884', '元', '3.34', '9632.56', '278', '7');
INSERT INTO `order_item` VALUES ('4549', '49', '元', '0.79', '38.71', '278', '8');
INSERT INTO `order_item` VALUES ('4550', '4269', '元', '6.25', '26681.25', '278', '9');
INSERT INTO `order_item` VALUES ('4551', '4268', '元', '4.36', '18608.48', '278', '10');
INSERT INTO `order_item` VALUES ('4552', '4965', '元', '3.44', '17079.6', '279', '1');
INSERT INTO `order_item` VALUES ('4553', '3488', '元', '9.62', '33554.56', '279', '2');
INSERT INTO `order_item` VALUES ('4554', '2849', '元', '1.35', '3846.15', '279', '3');
INSERT INTO `order_item` VALUES ('4555', '183', '元', '5.47', '1001.01', '279', '4');
INSERT INTO `order_item` VALUES ('4556', '3502', '元', '0.94', '3291.88', '279', '5');
INSERT INTO `order_item` VALUES ('4557', '3906', '元', '6.58', '25701.48', '279', '6');
INSERT INTO `order_item` VALUES ('4558', '2976', '元', '5.25', '15624', '279', '7');
INSERT INTO `order_item` VALUES ('4559', '395', '元', '6', '2370', '279', '8');
INSERT INTO `order_item` VALUES ('4560', '1897', '元', '8.24', '15631.28', '279', '9');
INSERT INTO `order_item` VALUES ('4561', '1618', '元', '6.24', '10096.32', '279', '10');
INSERT INTO `order_item` VALUES ('4562', '712', '元', '0.3', '213.6', '280', '1');
INSERT INTO `order_item` VALUES ('4563', '1968', '元', '3.03', '5963.04', '280', '2');
INSERT INTO `order_item` VALUES ('4564', '2778', '元', '0.92', '2555.76', '280', '3');
INSERT INTO `order_item` VALUES ('4565', '230', '元', '9.82', '2258.6', '280', '4');
INSERT INTO `order_item` VALUES ('4566', '4367', '元', '1.44', '6288.48', '280', '5');
INSERT INTO `order_item` VALUES ('4567', '2683', '元', '9.56', '25649.48', '280', '6');
INSERT INTO `order_item` VALUES ('4568', '3795', '元', '6.71', '25464.45', '280', '7');
INSERT INTO `order_item` VALUES ('4569', '3543', '元', '4.17', '14774.31', '280', '8');
INSERT INTO `order_item` VALUES ('4570', '1477', '元', '9.53', '14075.81', '280', '9');
INSERT INTO `order_item` VALUES ('4571', '1770', '元', '6.35', '11239.5', '280', '10');
INSERT INTO `order_item` VALUES ('4572', '4597', '元', '9.52', '43763.44', '281', '1');
INSERT INTO `order_item` VALUES ('4573', '4725', '元', '2.56', '12096', '281', '2');
INSERT INTO `order_item` VALUES ('4574', '1302', '元', '7.25', '9439.5', '281', '3');
INSERT INTO `order_item` VALUES ('4575', '488', '元', '1.32', '644.16', '281', '4');
INSERT INTO `order_item` VALUES ('4576', '3944', '元', '7.55', '29777.2', '281', '5');
INSERT INTO `order_item` VALUES ('4577', '2225', '元', '8.81', '19602.25', '281', '6');
INSERT INTO `order_item` VALUES ('4578', '2757', '元', '2.71', '7471.47', '281', '7');
INSERT INTO `order_item` VALUES ('4579', '1768', '元', '6.89', '12181.52', '281', '8');
INSERT INTO `order_item` VALUES ('4580', '169', '元', '1.82', '307.58', '281', '9');
INSERT INTO `order_item` VALUES ('4581', '1704', '元', '7.54', '12848.16', '281', '10');
INSERT INTO `order_item` VALUES ('4582', '115', '元', '3.85', '442.75', '282', '1');
INSERT INTO `order_item` VALUES ('4583', '3352', '元', '9.1', '30503.2', '282', '2');
INSERT INTO `order_item` VALUES ('4584', '4445', '元', '5.25', '23336.25', '282', '3');
INSERT INTO `order_item` VALUES ('4585', '1928', '元', '5.33', '10276.24', '282', '4');
INSERT INTO `order_item` VALUES ('4586', '712', '元', '9.73', '6927.76', '282', '5');
INSERT INTO `order_item` VALUES ('4587', '2310', '元', '7.16', '16539.6', '282', '6');
INSERT INTO `order_item` VALUES ('4588', '506', '元', '0.45', '227.7', '282', '7');
INSERT INTO `order_item` VALUES ('4589', '2823', '元', '1.65', '4657.95', '282', '8');
INSERT INTO `order_item` VALUES ('4590', '1653', '元', '7.58', '12529.74', '282', '9');
INSERT INTO `order_item` VALUES ('4591', '1664', '元', '6.86', '11415.04', '282', '10');
INSERT INTO `order_item` VALUES ('4592', '178', '元', '4.88', '868.64', '283', '1');
INSERT INTO `order_item` VALUES ('4593', '2237', '元', '9.47', '21184.39', '283', '2');
INSERT INTO `order_item` VALUES ('4594', '3570', '元', '7.05', '25168.5', '283', '3');
INSERT INTO `order_item` VALUES ('4595', '3094', '元', '9.9', '30630.6', '283', '4');
INSERT INTO `order_item` VALUES ('4596', '843', '元', '5.91', '4982.13', '283', '5');
INSERT INTO `order_item` VALUES ('4597', '198', '元', '2.3', '455.4', '283', '6');
INSERT INTO `order_item` VALUES ('4598', '2080', '元', '2.35', '4888', '283', '7');
INSERT INTO `order_item` VALUES ('4599', '3424', '元', '4.88', '16709.12', '283', '8');
INSERT INTO `order_item` VALUES ('4600', '2693', '元', '4.24', '11418.32', '283', '9');
INSERT INTO `order_item` VALUES ('4601', '1673', '元', '3.86', '6457.78', '283', '10');
INSERT INTO `order_item` VALUES ('4602', '1008', '元', '0.43', '433.44', '284', '1');
INSERT INTO `order_item` VALUES ('4603', '3879', '元', '3.27', '12684.33', '284', '2');
INSERT INTO `order_item` VALUES ('4604', '1325', '元', '7.28', '9646', '284', '3');
INSERT INTO `order_item` VALUES ('4605', '3779', '元', '2.22', '8389.38', '284', '4');
INSERT INTO `order_item` VALUES ('4606', '1173', '元', '5.65', '6627.45', '284', '5');
INSERT INTO `order_item` VALUES ('4607', '4676', '元', '7.48', '34976.48', '284', '6');
INSERT INTO `order_item` VALUES ('4608', '4473', '元', '1.78', '7961.94', '284', '7');
INSERT INTO `order_item` VALUES ('4609', '1399', '元', '8.27', '11569.73', '284', '8');
INSERT INTO `order_item` VALUES ('4610', '322', '元', '5.69', '1832.18', '284', '9');
INSERT INTO `order_item` VALUES ('4611', '634', '元', '0.69', '437.46', '284', '10');
INSERT INTO `order_item` VALUES ('4612', '1474', '元', '2.29', '3375.46', '285', '1');
INSERT INTO `order_item` VALUES ('4613', '4216', '元', '1.57', '6619.12', '285', '2');
INSERT INTO `order_item` VALUES ('4614', '3151', '元', '0.1', '315.1', '285', '3');
INSERT INTO `order_item` VALUES ('4615', '3678', '元', '0.66', '2427.48', '285', '4');
INSERT INTO `order_item` VALUES ('4616', '420', '元', '5.57', '2339.4', '285', '5');
INSERT INTO `order_item` VALUES ('4617', '1608', '元', '0.7', '1125.6', '285', '6');
INSERT INTO `order_item` VALUES ('4618', '3688', '元', '9.03', '33302.64', '285', '7');
INSERT INTO `order_item` VALUES ('4619', '20', '元', '5.89', '117.8', '285', '8');
INSERT INTO `order_item` VALUES ('4620', '3492', '元', '0.29', '1012.68', '285', '9');
INSERT INTO `order_item` VALUES ('4621', '3875', '元', '5.85', '22668.75', '285', '10');
INSERT INTO `order_item` VALUES ('4622', '969', '元', '8.64', '8372.16', '286', '1');
INSERT INTO `order_item` VALUES ('4623', '15', '元', '9.27', '139.05', '286', '2');
INSERT INTO `order_item` VALUES ('4624', '1625', '元', '1.41', '2291.25', '286', '3');
INSERT INTO `order_item` VALUES ('4625', '3067', '元', '6.1', '18708.7', '286', '4');
INSERT INTO `order_item` VALUES ('4626', '991', '元', '8.44', '8364.04', '286', '5');
INSERT INTO `order_item` VALUES ('4627', '659', '元', '9.22', '6075.98', '286', '6');
INSERT INTO `order_item` VALUES ('4628', '1696', '元', '7.59', '12872.64', '286', '7');
INSERT INTO `order_item` VALUES ('4629', '855', '元', '4.67', '3992.85', '286', '8');
INSERT INTO `order_item` VALUES ('4630', '3350', '元', '3.86', '12931', '286', '9');
INSERT INTO `order_item` VALUES ('4631', '2818', '元', '1.26', '3550.68', '286', '10');
INSERT INTO `order_item` VALUES ('4632', '3944', '元', '0.14', '552.16', '287', '1');
INSERT INTO `order_item` VALUES ('4633', '3788', '元', '2.13', '8068.44', '287', '2');
INSERT INTO `order_item` VALUES ('4634', '1730', '元', '9.96', '17230.8', '287', '3');
INSERT INTO `order_item` VALUES ('4635', '2270', '元', '6.64', '15072.8', '287', '4');
INSERT INTO `order_item` VALUES ('4636', '2185', '元', '0.88', '1922.8', '287', '5');
INSERT INTO `order_item` VALUES ('4637', '4530', '元', '9.43', '42717.9', '287', '6');
INSERT INTO `order_item` VALUES ('4638', '1082', '元', '1.83', '1980.06', '287', '7');
INSERT INTO `order_item` VALUES ('4639', '185', '元', '7.04', '1302.4', '287', '8');
INSERT INTO `order_item` VALUES ('4640', '3728', '元', '7.89', '29413.92', '287', '9');
INSERT INTO `order_item` VALUES ('4641', '4395', '元', '5.92', '26018.4', '287', '10');
INSERT INTO `order_item` VALUES ('4642', '434', '元', '7.76', '3367.84', '288', '1');
INSERT INTO `order_item` VALUES ('4643', '416', '元', '7.35', '3057.6', '288', '2');
INSERT INTO `order_item` VALUES ('4644', '4405', '元', '2.62', '11541.1', '288', '3');
INSERT INTO `order_item` VALUES ('4645', '607', '元', '7.82', '4746.74', '288', '4');
INSERT INTO `order_item` VALUES ('4646', '3115', '元', '6.63', '20652.45', '288', '5');
INSERT INTO `order_item` VALUES ('4647', '289', '元', '4.31', '1245.59', '288', '6');
INSERT INTO `order_item` VALUES ('4648', '2135', '元', '5.5', '11742.5', '288', '7');
INSERT INTO `order_item` VALUES ('4649', '2619', '元', '4.33', '11340.27', '288', '8');
INSERT INTO `order_item` VALUES ('4650', '1592', '元', '4.83', '7689.36', '288', '9');
INSERT INTO `order_item` VALUES ('4651', '2637', '元', '7.06', '18617.22', '288', '10');
INSERT INTO `order_item` VALUES ('4652', '1048', '元', '4.26', '4464.48', '289', '1');
INSERT INTO `order_item` VALUES ('4653', '618', '元', '8.41', '5197.38', '289', '2');
INSERT INTO `order_item` VALUES ('4654', '2098', '元', '3.46', '7259.08', '289', '3');
INSERT INTO `order_item` VALUES ('4655', '3707', '元', '6.32', '23428.24', '289', '4');
INSERT INTO `order_item` VALUES ('4656', '2650', '元', '5.37', '14230.5', '289', '5');
INSERT INTO `order_item` VALUES ('4657', '555', '元', '8.3', '4606.5', '289', '6');
INSERT INTO `order_item` VALUES ('4658', '3304', '元', '8.93', '29504.72', '289', '7');
INSERT INTO `order_item` VALUES ('4659', '641', '元', '7.53', '4826.73', '289', '8');
INSERT INTO `order_item` VALUES ('4660', '4183', '元', '7.01', '29322.83', '289', '9');
INSERT INTO `order_item` VALUES ('4661', '1191', '元', '1.67', '1988.97', '289', '10');
INSERT INTO `order_item` VALUES ('4662', '967', '元', '1.2', '1160.4', '290', '1');
INSERT INTO `order_item` VALUES ('4663', '2605', '元', '6.57', '17114.85', '290', '2');
INSERT INTO `order_item` VALUES ('4664', '3715', '元', '0.4', '1486', '290', '3');
INSERT INTO `order_item` VALUES ('4665', '2109', '元', '0.77', '1623.93', '290', '4');
INSERT INTO `order_item` VALUES ('4666', '3388', '元', '4.81', '16296.28', '290', '5');
INSERT INTO `order_item` VALUES ('4667', '3247', '元', '1.44', '4675.68', '290', '6');
INSERT INTO `order_item` VALUES ('4668', '2775', '元', '5.26', '14596.5', '290', '7');
INSERT INTO `order_item` VALUES ('4669', '4354', '元', '0.51', '2220.54', '290', '8');
INSERT INTO `order_item` VALUES ('4670', '2335', '元', '4.1', '9573.5', '290', '9');
INSERT INTO `order_item` VALUES ('4671', '1866', '元', '3.21', '5989.86', '290', '10');
INSERT INTO `order_item` VALUES ('4672', '1097', '元', '4.97', '5452.09', '291', '1');
INSERT INTO `order_item` VALUES ('4673', '901', '元', '9.8', '8829.8', '291', '2');
INSERT INTO `order_item` VALUES ('4674', '3876', '元', '1.98', '7674.48', '291', '3');
INSERT INTO `order_item` VALUES ('4675', '2941', '元', '7.43', '21851.63', '291', '4');
INSERT INTO `order_item` VALUES ('4676', '4013', '元', '8.09', '32465.17', '291', '5');
INSERT INTO `order_item` VALUES ('4677', '3552', '元', '1.87', '6642.24', '291', '6');
INSERT INTO `order_item` VALUES ('4678', '126', '元', '7.11', '895.86', '291', '7');
INSERT INTO `order_item` VALUES ('4679', '4148', '元', '1.52', '6304.96', '291', '8');
INSERT INTO `order_item` VALUES ('4680', '3191', '元', '2.04', '6509.64', '291', '9');
INSERT INTO `order_item` VALUES ('4681', '2156', '元', '8.07', '17398.92', '291', '10');
INSERT INTO `order_item` VALUES ('4682', '2429', '元', '5.64', '13699.56', '292', '1');
INSERT INTO `order_item` VALUES ('4683', '331', '元', '1.29', '426.99', '292', '2');
INSERT INTO `order_item` VALUES ('4684', '2399', '元', '5.56', '13338.44', '292', '3');
INSERT INTO `order_item` VALUES ('4685', '2857', '元', '3.66', '10456.62', '292', '4');
INSERT INTO `order_item` VALUES ('4686', '553', '元', '1.6', '884.8', '292', '5');
INSERT INTO `order_item` VALUES ('4687', '3225', '元', '5.74', '18511.5', '292', '6');
INSERT INTO `order_item` VALUES ('4688', '666', '元', '1.19', '792.54', '292', '7');
INSERT INTO `order_item` VALUES ('4689', '1979', '元', '9.01', '17830.79', '292', '8');
INSERT INTO `order_item` VALUES ('4690', '1351', '元', '3.47', '4687.97', '292', '9');
INSERT INTO `order_item` VALUES ('4691', '2139', '元', '1.76', '3764.64', '292', '10');
INSERT INTO `order_item` VALUES ('4692', '2885', '元', '1.02', '2942.7', '293', '1');
INSERT INTO `order_item` VALUES ('4693', '3256', '元', '9.59', '31225.04', '293', '2');
INSERT INTO `order_item` VALUES ('4694', '3179', '元', '6.74', '21426.46', '293', '3');
INSERT INTO `order_item` VALUES ('4695', '1231', '元', '3.61', '4443.91', '293', '4');
INSERT INTO `order_item` VALUES ('4696', '1377', '元', '4.28', '5893.56', '293', '5');
INSERT INTO `order_item` VALUES ('4697', '3022', '元', '9.13', '27590.86', '293', '6');
INSERT INTO `order_item` VALUES ('4698', '4380', '元', '9.94', '43537.2', '293', '7');
INSERT INTO `order_item` VALUES ('4699', '1495', '元', '1.6', '2392', '293', '8');
INSERT INTO `order_item` VALUES ('4700', '203', '元', '6.74', '1368.22', '293', '9');
INSERT INTO `order_item` VALUES ('4701', '3069', '元', '9.04', '27743.76', '293', '10');
INSERT INTO `order_item` VALUES ('4702', '4546', '元', '1.26', '5727.96', '294', '1');
INSERT INTO `order_item` VALUES ('4703', '3825', '元', '8.42', '32206.5', '294', '2');
INSERT INTO `order_item` VALUES ('4704', '1915', '元', '6.52', '12485.8', '294', '3');
INSERT INTO `order_item` VALUES ('4705', '1567', '元', '8.08', '12661.36', '294', '4');
INSERT INTO `order_item` VALUES ('4706', '1513', '元', '9.29', '14055.77', '294', '5');
INSERT INTO `order_item` VALUES ('4707', '3164', '元', '7.58', '23983.12', '294', '6');
INSERT INTO `order_item` VALUES ('4708', '2840', '元', '7.17', '20362.8', '294', '7');
INSERT INTO `order_item` VALUES ('4709', '1773', '元', '9.91', '17570.43', '294', '8');
INSERT INTO `order_item` VALUES ('4710', '3556', '元', '9.97', '35453.32', '294', '9');
INSERT INTO `order_item` VALUES ('4711', '559', '元', '3.48', '1945.32', '294', '10');
INSERT INTO `order_item` VALUES ('4712', '3119', '元', '4.19', '13068.61', '295', '1');
INSERT INTO `order_item` VALUES ('4713', '3950', '元', '8.71', '34404.5', '295', '2');
INSERT INTO `order_item` VALUES ('4714', '776', '元', '5.74', '4454.24', '295', '3');
INSERT INTO `order_item` VALUES ('4715', '2212', '元', '8.37', '18514.44', '295', '4');
INSERT INTO `order_item` VALUES ('4716', '4865', '元', '0.8', '3892', '295', '5');
INSERT INTO `order_item` VALUES ('4717', '3306', '元', '9.39', '31043.34', '295', '6');
INSERT INTO `order_item` VALUES ('4718', '2599', '元', '7.88', '20480.12', '295', '7');
INSERT INTO `order_item` VALUES ('4719', '2637', '元', '8.25', '21755.25', '295', '8');
INSERT INTO `order_item` VALUES ('4720', '486', '元', '1.21', '588.06', '295', '9');
INSERT INTO `order_item` VALUES ('4721', '967', '元', '6.09', '5889.03', '295', '10');
INSERT INTO `order_item` VALUES ('4722', '1993', '元', '9.14', '18216.02', '296', '1');
INSERT INTO `order_item` VALUES ('4723', '3451', '元', '6.8', '23466.8', '296', '2');
INSERT INTO `order_item` VALUES ('4724', '3629', '元', '9.1', '33023.9', '296', '3');
INSERT INTO `order_item` VALUES ('4725', '2411', '元', '9.41', '22687.51', '296', '4');
INSERT INTO `order_item` VALUES ('4726', '1757', '元', '7.36', '12931.52', '296', '5');
INSERT INTO `order_item` VALUES ('4727', '1076', '元', '6.01', '6466.76', '296', '6');
INSERT INTO `order_item` VALUES ('4728', '3917', '元', '8.35', '32706.95', '296', '7');
INSERT INTO `order_item` VALUES ('4729', '442', '元', '7.71', '3407.82', '296', '8');
INSERT INTO `order_item` VALUES ('4730', '1491', '元', '3.31', '4935.21', '296', '9');
INSERT INTO `order_item` VALUES ('4731', '878', '元', '1.3', '1141.4', '296', '10');
INSERT INTO `order_item` VALUES ('4732', '1957', '元', '2.24', '4383.68', '297', '1');
INSERT INTO `order_item` VALUES ('4733', '4265', '元', '0.11', '469.15', '297', '2');
INSERT INTO `order_item` VALUES ('4734', '2920', '元', '3.57', '10424.4', '297', '3');
INSERT INTO `order_item` VALUES ('4735', '1774', '元', '5.34', '9473.16', '297', '4');
INSERT INTO `order_item` VALUES ('4736', '4578', '元', '4.54', '20784.12', '297', '5');
INSERT INTO `order_item` VALUES ('4737', '4000', '元', '7.77', '31080', '297', '6');
INSERT INTO `order_item` VALUES ('4738', '2933', '元', '1.43', '4194.19', '297', '7');
INSERT INTO `order_item` VALUES ('4739', '1774', '元', '9.72', '17243.28', '297', '8');
INSERT INTO `order_item` VALUES ('4740', '3601', '元', '0.64', '2304.64', '297', '9');
INSERT INTO `order_item` VALUES ('4741', '114', '元', '6.65', '758.1', '297', '10');
INSERT INTO `order_item` VALUES ('4742', '3136', '元', '9.71', '30450.56', '298', '1');
INSERT INTO `order_item` VALUES ('4743', '2933', '元', '3.97', '11644.01', '298', '2');
INSERT INTO `order_item` VALUES ('4744', '892', '元', '5.15', '4593.8', '298', '3');
INSERT INTO `order_item` VALUES ('4745', '1994', '元', '3.9', '7776.6', '298', '4');
INSERT INTO `order_item` VALUES ('4746', '823', '元', '1.82', '1497.86', '298', '5');
INSERT INTO `order_item` VALUES ('4747', '37', '元', '2.53', '93.61', '298', '6');
INSERT INTO `order_item` VALUES ('4748', '1658', '元', '4.64', '7693.12', '298', '7');
INSERT INTO `order_item` VALUES ('4749', '1993', '元', '8.68', '17299.24', '298', '8');
INSERT INTO `order_item` VALUES ('4750', '4495', '元', '9.77', '43916.15', '298', '9');
INSERT INTO `order_item` VALUES ('4751', '517', '元', '5.89', '3045.13', '298', '10');
INSERT INTO `order_item` VALUES ('4752', '2462', '元', '6.97', '17160.14', '299', '1');
INSERT INTO `order_item` VALUES ('4753', '1623', '元', '2.21', '3586.83', '299', '2');
INSERT INTO `order_item` VALUES ('4754', '1475', '元', '9.56', '14101', '299', '3');
INSERT INTO `order_item` VALUES ('4755', '106', '元', '2.88', '305.28', '299', '4');
INSERT INTO `order_item` VALUES ('4756', '3803', '元', '2.98', '11332.94', '299', '5');
INSERT INTO `order_item` VALUES ('4757', '2873', '元', '9.05', '26000.65', '299', '6');
INSERT INTO `order_item` VALUES ('4758', '341', '元', '1.79', '610.39', '299', '7');
INSERT INTO `order_item` VALUES ('4759', '3492', '元', '3.72', '12990.24', '299', '8');
INSERT INTO `order_item` VALUES ('4760', '4797', '元', '4.82', '23121.54', '299', '9');
INSERT INTO `order_item` VALUES ('4761', '661', '元', '5.95', '3932.95', '299', '10');
INSERT INTO `order_item` VALUES ('4762', '2291', '元', '2.42', '5544.22', '300', '1');
INSERT INTO `order_item` VALUES ('4763', '3363', '元', '8.77', '29493.51', '300', '2');
INSERT INTO `order_item` VALUES ('4764', '4126', '元', '1.43', '5900.18', '300', '3');
INSERT INTO `order_item` VALUES ('4765', '2440', '元', '8.44', '20593.6', '300', '4');
INSERT INTO `order_item` VALUES ('4766', '611', '元', '1.67', '1020.37', '300', '5');
INSERT INTO `order_item` VALUES ('4767', '2407', '元', '0.21', '505.47', '300', '6');
INSERT INTO `order_item` VALUES ('4768', '4307', '元', '2.04', '8786.28', '300', '7');
INSERT INTO `order_item` VALUES ('4769', '2257', '元', '9.59', '21644.63', '300', '8');
INSERT INTO `order_item` VALUES ('4770', '3095', '元', '2', '6190', '300', '9');
INSERT INTO `order_item` VALUES ('4771', '1416', '元', '2.34', '3313.44', '300', '10');
INSERT INTO `order_item` VALUES ('4772', '1719', '元', '0.74', '1272.06', '301', '1');
INSERT INTO `order_item` VALUES ('4773', '4301', '元', '2.58', '11096.58', '301', '2');
INSERT INTO `order_item` VALUES ('4774', '4400', '元', '5.25', '23100', '301', '3');
INSERT INTO `order_item` VALUES ('4775', '2004', '元', '2.12', '4248.48', '301', '4');
INSERT INTO `order_item` VALUES ('4776', '3465', '元', '0.92', '3187.8', '301', '5');
INSERT INTO `order_item` VALUES ('4777', '3587', '元', '4.69', '16823.03', '301', '6');
INSERT INTO `order_item` VALUES ('4778', '3177', '元', '5.66', '17981.82', '301', '7');
INSERT INTO `order_item` VALUES ('4779', '1916', '元', '1.37', '2624.92', '301', '8');
INSERT INTO `order_item` VALUES ('4780', '1594', '元', '0.44', '701.36', '301', '9');
INSERT INTO `order_item` VALUES ('4781', '3739', '元', '2.84', '10618.76', '301', '10');
INSERT INTO `order_item` VALUES ('4782', '3947', '元', '3.04', '11998.88', '302', '1');
INSERT INTO `order_item` VALUES ('4783', '558', '元', '1.98', '1104.84', '302', '2');
INSERT INTO `order_item` VALUES ('4784', '4011', '元', '3.01', '12073.11', '302', '3');
INSERT INTO `order_item` VALUES ('4785', '1649', '元', '9.19', '15154.31', '302', '4');
INSERT INTO `order_item` VALUES ('4786', '2401', '元', '7.63', '18319.63', '302', '5');
INSERT INTO `order_item` VALUES ('4787', '4422', '元', '7.41', '32767.02', '302', '6');
INSERT INTO `order_item` VALUES ('4788', '3156', '元', '2.42', '7637.52', '302', '7');
INSERT INTO `order_item` VALUES ('4789', '3931', '元', '1.24', '4874.44', '302', '8');
INSERT INTO `order_item` VALUES ('4790', '1111', '元', '7.23', '8032.53', '302', '9');
INSERT INTO `order_item` VALUES ('4791', '2363', '元', '4.7', '11106.1', '302', '10');
INSERT INTO `order_item` VALUES ('4792', '3256', '元', '4.65', '15140.4', '303', '1');
INSERT INTO `order_item` VALUES ('4793', '3830', '元', '8.22', '31482.6', '303', '2');
INSERT INTO `order_item` VALUES ('4794', '3079', '元', '0.39', '1200.81', '303', '3');
INSERT INTO `order_item` VALUES ('4795', '3472', '元', '6', '20832', '303', '4');
INSERT INTO `order_item` VALUES ('4796', '343', '元', '9.1', '3121.3', '303', '5');
INSERT INTO `order_item` VALUES ('4797', '4639', '元', '2.65', '12293.35', '303', '6');
INSERT INTO `order_item` VALUES ('4798', '250', '元', '9.11', '2277.5', '303', '7');
INSERT INTO `order_item` VALUES ('4799', '1835', '元', '6.99', '12826.65', '303', '8');
INSERT INTO `order_item` VALUES ('4800', '2750', '元', '6.38', '17545', '303', '9');
INSERT INTO `order_item` VALUES ('4801', '4853', '元', '8.23', '39940.19', '303', '10');
INSERT INTO `order_item` VALUES ('4802', '2100', '元', '0.06', '126', '304', '1');
INSERT INTO `order_item` VALUES ('4803', '2276', '元', '5.38', '12244.88', '304', '2');
INSERT INTO `order_item` VALUES ('4804', '1973', '元', '8.76', '17283.48', '304', '3');
INSERT INTO `order_item` VALUES ('4805', '4790', '元', '5.11', '24476.9', '304', '4');
INSERT INTO `order_item` VALUES ('4806', '2084', '元', '7.03', '14650.52', '304', '5');
INSERT INTO `order_item` VALUES ('4807', '4094', '元', '2.65', '10849.1', '304', '6');
INSERT INTO `order_item` VALUES ('4808', '413', '元', '6.01', '2482.13', '304', '7');
INSERT INTO `order_item` VALUES ('4809', '1748', '元', '9.31', '16273.88', '304', '8');
INSERT INTO `order_item` VALUES ('4810', '2501', '元', '3.6', '9003.6', '304', '9');
INSERT INTO `order_item` VALUES ('4811', '587', '元', '1.07', '628.09', '304', '10');
INSERT INTO `order_item` VALUES ('4812', '3340', '元', '5.6', '18704', '305', '1');
INSERT INTO `order_item` VALUES ('4813', '251', '元', '9.72', '2439.72', '305', '2');
INSERT INTO `order_item` VALUES ('4814', '2496', '元', '2.14', '5341.44', '305', '3');
INSERT INTO `order_item` VALUES ('4815', '3747', '元', '8.02', '30050.94', '305', '4');
INSERT INTO `order_item` VALUES ('4816', '203', '元', '7.94', '1611.82', '305', '5');
INSERT INTO `order_item` VALUES ('4817', '2407', '元', '3.04', '7317.28', '305', '6');
INSERT INTO `order_item` VALUES ('4818', '162', '元', '3.13', '507.06', '305', '7');
INSERT INTO `order_item` VALUES ('4819', '4874', '元', '0.59', '2875.66', '305', '8');
INSERT INTO `order_item` VALUES ('4820', '3573', '元', '8.75', '31263.75', '305', '9');
INSERT INTO `order_item` VALUES ('4821', '504', '元', '0.59', '297.36', '305', '10');
INSERT INTO `order_item` VALUES ('4822', '4220', '元', '2.93', '12364.6', '306', '1');
INSERT INTO `order_item` VALUES ('4823', '4672', '元', '1.28', '5980.16', '306', '2');
INSERT INTO `order_item` VALUES ('4824', '4647', '元', '0.92', '4275.24', '306', '3');
INSERT INTO `order_item` VALUES ('4825', '2741', '元', '3.02', '8277.82', '306', '4');
INSERT INTO `order_item` VALUES ('4826', '2650', '元', '5.85', '15502.5', '306', '5');
INSERT INTO `order_item` VALUES ('4827', '3619', '元', '4.03', '14584.57', '306', '6');
INSERT INTO `order_item` VALUES ('4828', '4307', '元', '1.42', '6115.94', '306', '7');
INSERT INTO `order_item` VALUES ('4829', '4785', '元', '2.32', '11101.2', '306', '8');
INSERT INTO `order_item` VALUES ('4830', '2434', '元', '9.71', '23634.14', '306', '9');
INSERT INTO `order_item` VALUES ('4831', '1552', '元', '3.68', '5711.36', '306', '10');
INSERT INTO `order_item` VALUES ('4832', '1566', '元', '1.04', '1628.64', '307', '1');
INSERT INTO `order_item` VALUES ('4833', '219', '元', '2.88', '630.72', '307', '2');
INSERT INTO `order_item` VALUES ('4834', '2121', '元', '3.71', '7868.91', '307', '3');
INSERT INTO `order_item` VALUES ('4835', '3581', '元', '4.21', '15076.01', '307', '4');
INSERT INTO `order_item` VALUES ('4836', '2567', '元', '9.57', '24566.19', '307', '5');
INSERT INTO `order_item` VALUES ('4837', '744', '元', '4.07', '3028.08', '307', '6');
INSERT INTO `order_item` VALUES ('4838', '3417', '元', '9.11', '31128.87', '307', '7');
INSERT INTO `order_item` VALUES ('4839', '424', '元', '3.96', '1679.04', '307', '8');
INSERT INTO `order_item` VALUES ('4840', '4566', '元', '3.62', '16528.92', '307', '9');
INSERT INTO `order_item` VALUES ('4841', '190', '元', '4.63', '879.7', '307', '10');
INSERT INTO `order_item` VALUES ('4842', '1052', '元', '5.11', '5375.72', '308', '1');
INSERT INTO `order_item` VALUES ('4843', '1734', '元', '4.25', '7369.5', '308', '2');
INSERT INTO `order_item` VALUES ('4844', '1375', '元', '4.85', '6668.75', '308', '3');
INSERT INTO `order_item` VALUES ('4845', '2126', '元', '2.13', '4528.38', '308', '4');
INSERT INTO `order_item` VALUES ('4846', '294', '元', '2.83', '832.02', '308', '5');
INSERT INTO `order_item` VALUES ('4847', '2538', '元', '7.2', '18273.6', '308', '6');
INSERT INTO `order_item` VALUES ('4848', '3297', '元', '2.05', '6758.85', '308', '7');
INSERT INTO `order_item` VALUES ('4849', '806', '元', '9.35', '7536.1', '308', '8');
INSERT INTO `order_item` VALUES ('4850', '4678', '元', '9.48', '44347.44', '308', '9');
INSERT INTO `order_item` VALUES ('4851', '2303', '元', '9.32', '21463.96', '308', '10');
INSERT INTO `order_item` VALUES ('4852', '3164', '元', '9.5', '30058', '309', '1');
INSERT INTO `order_item` VALUES ('4853', '3522', '元', '3.17', '11164.74', '309', '2');
INSERT INTO `order_item` VALUES ('4854', '4398', '元', '4.02', '17679.96', '309', '3');
INSERT INTO `order_item` VALUES ('4855', '1824', '元', '1.65', '3009.6', '309', '4');
INSERT INTO `order_item` VALUES ('4856', '2638', '元', '5.01', '13216.38', '309', '5');
INSERT INTO `order_item` VALUES ('4857', '3835', '元', '2.28', '8743.8', '309', '6');
INSERT INTO `order_item` VALUES ('4858', '614', '元', '1.34', '822.76', '309', '7');
INSERT INTO `order_item` VALUES ('4859', '3650', '元', '2.07', '7555.5', '309', '8');
INSERT INTO `order_item` VALUES ('4860', '542', '元', '4.56', '2471.52', '309', '9');
INSERT INTO `order_item` VALUES ('4861', '4772', '元', '2.36', '11261.92', '309', '10');
INSERT INTO `order_item` VALUES ('4862', '2312', '元', '6.55', '15143.6', '310', '1');
INSERT INTO `order_item` VALUES ('4863', '2064', '元', '8.6', '17750.4', '310', '2');
INSERT INTO `order_item` VALUES ('4864', '1662', '元', '7.32', '12165.84', '310', '3');
INSERT INTO `order_item` VALUES ('4865', '3835', '元', '0.14', '536.9', '310', '4');
INSERT INTO `order_item` VALUES ('4866', '709', '元', '6.32', '4480.88', '310', '5');
INSERT INTO `order_item` VALUES ('4867', '4637', '元', '5.22', '24205.14', '310', '6');
INSERT INTO `order_item` VALUES ('4868', '1428', '元', '5.62', '8025.36', '310', '7');
INSERT INTO `order_item` VALUES ('4869', '1833', '元', '8.14', '14920.62', '310', '8');
INSERT INTO `order_item` VALUES ('4870', '4652', '元', '1.93', '8978.36', '310', '9');
INSERT INTO `order_item` VALUES ('4871', '4866', '元', '3.63', '17663.58', '310', '10');
INSERT INTO `order_item` VALUES ('4872', '4622', '元', '6.86', '31706.92', '311', '1');
INSERT INTO `order_item` VALUES ('4873', '4866', '元', '2.84', '13819.44', '311', '2');
INSERT INTO `order_item` VALUES ('4874', '1894', '元', '1.05', '1988.7', '311', '3');
INSERT INTO `order_item` VALUES ('4875', '4715', '元', '9.14', '43095.1', '311', '4');
INSERT INTO `order_item` VALUES ('4876', '807', '元', '1.26', '1016.82', '311', '5');
INSERT INTO `order_item` VALUES ('4877', '2637', '元', '4.71', '12420.27', '311', '6');
INSERT INTO `order_item` VALUES ('4878', '1416', '元', '7.53', '10662.48', '311', '7');
INSERT INTO `order_item` VALUES ('4879', '441', '元', '0.87', '383.67', '311', '8');
INSERT INTO `order_item` VALUES ('4880', '4899', '元', '7.13', '34929.87', '311', '9');
INSERT INTO `order_item` VALUES ('4881', '4540', '元', '6.55', '29737', '311', '10');
INSERT INTO `order_item` VALUES ('4882', '2714', '元', '3.48', '9444.72', '312', '1');
INSERT INTO `order_item` VALUES ('4883', '610', '元', '9.11', '5557.1', '312', '2');
INSERT INTO `order_item` VALUES ('4884', '799', '元', '3.89', '3108.11', '312', '3');
INSERT INTO `order_item` VALUES ('4885', '1302', '元', '0.32', '416.64', '312', '4');
INSERT INTO `order_item` VALUES ('4886', '435', '元', '7.28', '3166.8', '312', '5');
INSERT INTO `order_item` VALUES ('4887', '2791', '元', '8.99', '25091.09', '312', '6');
INSERT INTO `order_item` VALUES ('4888', '882', '元', '7.94', '7003.08', '312', '7');
INSERT INTO `order_item` VALUES ('4889', '2202', '元', '5.02', '11054.04', '312', '8');
INSERT INTO `order_item` VALUES ('4890', '4848', '元', '3.61', '17501.28', '312', '9');
INSERT INTO `order_item` VALUES ('4891', '1991', '元', '6.26', '12463.66', '312', '10');
INSERT INTO `order_item` VALUES ('4892', '4954', '元', '8.09', '40077.86', '313', '1');
INSERT INTO `order_item` VALUES ('4893', '1251', '元', '7.01', '8769.51', '313', '2');
INSERT INTO `order_item` VALUES ('4894', '76', '元', '6.85', '520.6', '313', '3');
INSERT INTO `order_item` VALUES ('4895', '1340', '元', '3.78', '5065.2', '313', '4');
INSERT INTO `order_item` VALUES ('4896', '121', '元', '0.36', '43.56', '313', '5');
INSERT INTO `order_item` VALUES ('4897', '828', '元', '7.14', '5911.92', '313', '6');
INSERT INTO `order_item` VALUES ('4898', '4291', '元', '9.74', '41794.34', '313', '7');
INSERT INTO `order_item` VALUES ('4899', '3985', '元', '7.52', '29967.2', '313', '8');
INSERT INTO `order_item` VALUES ('4900', '4801', '元', '1.9', '9121.9', '313', '9');
INSERT INTO `order_item` VALUES ('4901', '1836', '元', '8.58', '15752.88', '313', '10');
INSERT INTO `order_item` VALUES ('4902', '212', '元', '3.19', '676.28', '314', '1');
INSERT INTO `order_item` VALUES ('4903', '935', '元', '7.9', '7386.5', '314', '2');
INSERT INTO `order_item` VALUES ('4904', '339', '元', '9.48', '3213.72', '314', '3');
INSERT INTO `order_item` VALUES ('4905', '1957', '元', '8.73', '17084.61', '314', '4');
INSERT INTO `order_item` VALUES ('4906', '2758', '元', '9.17', '25290.86', '314', '5');
INSERT INTO `order_item` VALUES ('4907', '1202', '元', '4.36', '5240.72', '314', '6');
INSERT INTO `order_item` VALUES ('4908', '185', '元', '3.21', '593.85', '314', '7');
INSERT INTO `order_item` VALUES ('4909', '551', '元', '9.8', '5399.8', '314', '8');
INSERT INTO `order_item` VALUES ('4910', '3777', '元', '9.93', '37505.61', '314', '9');
INSERT INTO `order_item` VALUES ('4911', '3289', '元', '2.65', '8715.85', '314', '10');
INSERT INTO `order_item` VALUES ('4912', '3511', '元', '6.91', '24261.01', '315', '1');
INSERT INTO `order_item` VALUES ('4913', '3626', '元', '8.39', '30422.14', '315', '2');
INSERT INTO `order_item` VALUES ('4914', '1683', '元', '8.15', '13716.45', '315', '3');
INSERT INTO `order_item` VALUES ('4915', '2775', '元', '5.17', '14346.75', '315', '4');
INSERT INTO `order_item` VALUES ('4916', '1938', '元', '3.4', '6589.2', '315', '5');
INSERT INTO `order_item` VALUES ('4917', '4535', '元', '3.07', '13922.45', '315', '6');
INSERT INTO `order_item` VALUES ('4918', '278', '元', '6.24', '1734.72', '315', '7');
INSERT INTO `order_item` VALUES ('4919', '3130', '元', '5.87', '18373.1', '315', '8');
INSERT INTO `order_item` VALUES ('4920', '4943', '元', '4.62', '22836.66', '315', '9');
INSERT INTO `order_item` VALUES ('4921', '3679', '元', '1.01', '3715.79', '315', '10');
INSERT INTO `order_item` VALUES ('4922', '1143', '元', '0.35', '400.05', '316', '1');
INSERT INTO `order_item` VALUES ('4923', '717', '元', '9.22', '6610.74', '316', '2');
INSERT INTO `order_item` VALUES ('4924', '808', '元', '9.72', '7853.76', '316', '3');
INSERT INTO `order_item` VALUES ('4925', '2208', '元', '1.22', '2693.76', '316', '4');
INSERT INTO `order_item` VALUES ('4926', '1354', '元', '5.41', '7325.14', '316', '5');
INSERT INTO `order_item` VALUES ('4927', '3626', '元', '1.24', '4496.24', '316', '6');
INSERT INTO `order_item` VALUES ('4928', '2962', '元', '4.1', '12144.2', '316', '7');
INSERT INTO `order_item` VALUES ('4929', '2356', '元', '0.14', '329.84', '316', '8');
INSERT INTO `order_item` VALUES ('4930', '3850', '元', '6.07', '23369.5', '316', '9');
INSERT INTO `order_item` VALUES ('4931', '1604', '元', '4.15', '6656.6', '316', '10');
INSERT INTO `order_item` VALUES ('4932', '1083', '元', '8.34', '9032.22', '317', '1');
INSERT INTO `order_item` VALUES ('4933', '2214', '元', '3.93', '8701.02', '317', '2');
INSERT INTO `order_item` VALUES ('4934', '4374', '元', '5.32', '23269.68', '317', '3');
INSERT INTO `order_item` VALUES ('4935', '1044', '元', '3.46', '3612.24', '317', '4');
INSERT INTO `order_item` VALUES ('4936', '1966', '元', '3.65', '7175.9', '317', '5');
INSERT INTO `order_item` VALUES ('4937', '2896', '元', '2.31', '6689.76', '317', '6');
INSERT INTO `order_item` VALUES ('4938', '237', '元', '3.17', '751.29', '317', '7');
INSERT INTO `order_item` VALUES ('4939', '3518', '元', '7.05', '24801.9', '317', '8');
INSERT INTO `order_item` VALUES ('4940', '4002', '元', '1', '4002', '317', '9');
INSERT INTO `order_item` VALUES ('4941', '4160', '元', '1.88', '7820.8', '317', '10');
INSERT INTO `order_item` VALUES ('4942', '2051', '元', '3.32', '6809.32', '318', '1');
INSERT INTO `order_item` VALUES ('4943', '2076', '元', '7.45', '15466.2', '318', '2');
INSERT INTO `order_item` VALUES ('4944', '3815', '元', '5.63', '21478.45', '318', '3');
INSERT INTO `order_item` VALUES ('4945', '556', '元', '7.33', '4075.48', '318', '4');
INSERT INTO `order_item` VALUES ('4946', '2872', '元', '3.57', '10253.04', '318', '5');
INSERT INTO `order_item` VALUES ('4947', '2448', '元', '8.48', '20759.04', '318', '6');
INSERT INTO `order_item` VALUES ('4948', '2453', '元', '9.13', '22395.89', '318', '7');
INSERT INTO `order_item` VALUES ('4949', '1512', '元', '4.63', '7000.56', '318', '8');
INSERT INTO `order_item` VALUES ('4950', '4752', '元', '4.2', '19958.4', '318', '9');
INSERT INTO `order_item` VALUES ('4951', '1883', '元', '8.14', '15327.62', '318', '10');
INSERT INTO `order_item` VALUES ('4952', '1178', '元', '7.27', '8564.06', '319', '1');
INSERT INTO `order_item` VALUES ('4953', '688', '元', '3.8', '2614.4', '319', '2');
INSERT INTO `order_item` VALUES ('4954', '2755', '元', '8.81', '24271.55', '319', '3');
INSERT INTO `order_item` VALUES ('4955', '71', '元', '9.23', '655.33', '319', '4');
INSERT INTO `order_item` VALUES ('4956', '2337', '元', '5.91', '13811.67', '319', '5');
INSERT INTO `order_item` VALUES ('4957', '3642', '元', '8.71', '31721.82', '319', '6');
INSERT INTO `order_item` VALUES ('4958', '1081', '元', '7.95', '8593.95', '319', '7');
INSERT INTO `order_item` VALUES ('4959', '4505', '元', '2.56', '11532.8', '319', '8');
INSERT INTO `order_item` VALUES ('4960', '2003', '元', '7.66', '15342.98', '319', '9');
INSERT INTO `order_item` VALUES ('4961', '638', '元', '9.22', '5882.36', '319', '10');
INSERT INTO `order_item` VALUES ('4962', '1708', '元', '7.52', '12844.16', '320', '1');
INSERT INTO `order_item` VALUES ('4963', '2197', '元', '2.56', '5624.32', '320', '2');
INSERT INTO `order_item` VALUES ('4964', '500', '元', '4.21', '2105', '320', '3');
INSERT INTO `order_item` VALUES ('4965', '4104', '元', '9.04', '37100.16', '320', '4');
INSERT INTO `order_item` VALUES ('4966', '122', '元', '3.09', '376.98', '320', '5');
INSERT INTO `order_item` VALUES ('4967', '135', '元', '4.23', '571.05', '320', '6');
INSERT INTO `order_item` VALUES ('4968', '1529', '元', '0.18', '275.22', '320', '7');
INSERT INTO `order_item` VALUES ('4969', '1335', '元', '7.95', '10613.25', '320', '8');
INSERT INTO `order_item` VALUES ('4970', '3241', '元', '2.07', '6708.87', '320', '9');
INSERT INTO `order_item` VALUES ('4971', '3985', '元', '1.62', '6455.7', '320', '10');
INSERT INTO `order_item` VALUES ('4972', '2082', '元', '9.57', '19924.74', '321', '1');
INSERT INTO `order_item` VALUES ('4973', '3508', '元', '4.89', '17154.12', '321', '2');
INSERT INTO `order_item` VALUES ('4974', '631', '元', '6.16', '3886.96', '321', '3');
INSERT INTO `order_item` VALUES ('4975', '2234', '元', '1.15', '2569.1', '321', '4');
INSERT INTO `order_item` VALUES ('4976', '2550', '元', '0.3', '765', '321', '5');
INSERT INTO `order_item` VALUES ('4977', '2864', '元', '8.17', '23398.88', '321', '6');
INSERT INTO `order_item` VALUES ('4978', '150', '元', '6.86', '1029', '321', '7');
INSERT INTO `order_item` VALUES ('4979', '608', '元', '9.1', '5532.8', '321', '8');
INSERT INTO `order_item` VALUES ('4980', '780', '元', '1.31', '1021.8', '321', '9');
INSERT INTO `order_item` VALUES ('4981', '4394', '元', '2.59', '11380.46', '321', '10');
INSERT INTO `order_item` VALUES ('4982', '1279', '元', '0.49', '626.71', '322', '1');
INSERT INTO `order_item` VALUES ('4983', '4455', '元', '4.16', '18532.8', '322', '2');
INSERT INTO `order_item` VALUES ('4984', '2864', '元', '4.63', '13260.32', '322', '3');
INSERT INTO `order_item` VALUES ('4985', '239', '元', '5.72', '1367.08', '322', '4');
INSERT INTO `order_item` VALUES ('4986', '2016', '元', '3.89', '7842.24', '322', '5');
INSERT INTO `order_item` VALUES ('4987', '659', '元', '8.31', '5476.29', '322', '6');
INSERT INTO `order_item` VALUES ('4988', '3324', '元', '7.74', '25727.76', '322', '7');
INSERT INTO `order_item` VALUES ('4989', '310', '元', '7.31', '2266.1', '322', '8');
INSERT INTO `order_item` VALUES ('4990', '3575', '元', '3.06', '10939.5', '322', '9');
INSERT INTO `order_item` VALUES ('4991', '186', '元', '4.13', '768.18', '322', '10');
INSERT INTO `order_item` VALUES ('4992', '3419', '元', '7.51', '25676.69', '323', '1');
INSERT INTO `order_item` VALUES ('4993', '3448', '元', '4.57', '15757.36', '323', '2');
INSERT INTO `order_item` VALUES ('4994', '1059', '元', '1.8', '1906.2', '323', '3');
INSERT INTO `order_item` VALUES ('4995', '243', '元', '4.46', '1083.78', '323', '4');
INSERT INTO `order_item` VALUES ('4996', '4038', '元', '0.9', '3634.2', '323', '5');
INSERT INTO `order_item` VALUES ('4997', '2797', '元', '6.95', '19439.15', '323', '6');
INSERT INTO `order_item` VALUES ('4998', '520', '元', '0.8', '416', '323', '7');
INSERT INTO `order_item` VALUES ('4999', '309', '元', '6.52', '2014.68', '323', '8');
INSERT INTO `order_item` VALUES ('5000', '2979', '元', '7.87', '23444.73', '323', '9');
INSERT INTO `order_item` VALUES ('5001', '2500', '元', '4.86', '12150', '323', '10');
INSERT INTO `order_item` VALUES ('5002', '3530', '元', '6.1', '21533', '324', '1');
INSERT INTO `order_item` VALUES ('5003', '4172', '元', '5.78', '24114.16', '324', '2');
INSERT INTO `order_item` VALUES ('5004', '336', '元', '4.75', '1596', '324', '3');
INSERT INTO `order_item` VALUES ('5005', '1957', '元', '1.22', '2387.54', '324', '4');
INSERT INTO `order_item` VALUES ('5006', '722', '元', '1.41', '1018.02', '324', '5');
INSERT INTO `order_item` VALUES ('5007', '871', '元', '6.19', '5391.49', '324', '6');
INSERT INTO `order_item` VALUES ('5008', '1055', '元', '0.06', '63.3', '324', '7');
INSERT INTO `order_item` VALUES ('5009', '642', '元', '8.58', '5508.36', '324', '8');
INSERT INTO `order_item` VALUES ('5010', '1244', '元', '5.08', '6319.52', '324', '9');
INSERT INTO `order_item` VALUES ('5011', '1089', '元', '7.42', '8080.38', '324', '10');
INSERT INTO `order_item` VALUES ('5012', '3766', '元', '7.59', '28583.94', '325', '1');
INSERT INTO `order_item` VALUES ('5013', '4144', '元', '6.18', '25609.92', '325', '2');
INSERT INTO `order_item` VALUES ('5014', '2369', '元', '5.74', '13598.06', '325', '3');
INSERT INTO `order_item` VALUES ('5015', '3804', '元', '9.54', '36290.16', '325', '4');
INSERT INTO `order_item` VALUES ('5016', '4069', '元', '4.5', '18310.5', '325', '5');
INSERT INTO `order_item` VALUES ('5017', '448', '元', '4.39', '1966.72', '325', '6');
INSERT INTO `order_item` VALUES ('5018', '3810', '元', '1.17', '4457.7', '325', '7');
INSERT INTO `order_item` VALUES ('5019', '2065', '元', '7.76', '16024.4', '325', '8');
INSERT INTO `order_item` VALUES ('5020', '1400', '元', '2.72', '3808', '325', '9');
INSERT INTO `order_item` VALUES ('5021', '21', '元', '9.04', '189.84', '325', '10');
INSERT INTO `order_item` VALUES ('5022', '2220', '元', '8.03', '17826.6', '326', '1');
INSERT INTO `order_item` VALUES ('5023', '2624', '元', '7.84', '20572.16', '326', '2');
INSERT INTO `order_item` VALUES ('5024', '2949', '元', '8.21', '24211.29', '326', '3');
INSERT INTO `order_item` VALUES ('5025', '4990', '元', '4.78', '23852.2', '326', '4');
INSERT INTO `order_item` VALUES ('5026', '3558', '元', '4.52', '16082.16', '326', '5');
INSERT INTO `order_item` VALUES ('5027', '4138', '元', '3', '12414', '326', '6');
INSERT INTO `order_item` VALUES ('5028', '494', '元', '8.74', '4317.56', '326', '7');
INSERT INTO `order_item` VALUES ('5029', '101', '元', '2.21', '223.21', '326', '8');
INSERT INTO `order_item` VALUES ('5030', '4444', '元', '2.58', '11465.52', '326', '9');
INSERT INTO `order_item` VALUES ('5031', '3116', '元', '2.07', '6450.12', '326', '10');
INSERT INTO `order_item` VALUES ('5032', '423', '元', '9.3', '3933.9', '327', '1');
INSERT INTO `order_item` VALUES ('5033', '3882', '元', '1.17', '4541.94', '327', '2');
INSERT INTO `order_item` VALUES ('5034', '1705', '元', '9.93', '16930.65', '327', '3');
INSERT INTO `order_item` VALUES ('5035', '415', '元', '6.28', '2606.2', '327', '4');
INSERT INTO `order_item` VALUES ('5036', '4586', '元', '5.58', '25589.88', '327', '5');
INSERT INTO `order_item` VALUES ('5037', '1941', '元', '3.51', '6812.91', '327', '6');
INSERT INTO `order_item` VALUES ('5038', '3197', '元', '6.08', '19437.76', '327', '7');
INSERT INTO `order_item` VALUES ('5039', '557', '元', '2.82', '1570.74', '327', '8');
INSERT INTO `order_item` VALUES ('5040', '867', '元', '1.22', '1057.74', '327', '9');
INSERT INTO `order_item` VALUES ('5041', '4870', '元', '9.83', '47872.1', '327', '10');
INSERT INTO `order_item` VALUES ('5042', '3645', '元', '6.34', '23109.3', '328', '1');
INSERT INTO `order_item` VALUES ('5043', '4132', '元', '9.7', '40080.4', '328', '2');
INSERT INTO `order_item` VALUES ('5044', '4137', '元', '3.41', '14107.17', '328', '3');
INSERT INTO `order_item` VALUES ('5045', '955', '元', '0.2', '191', '328', '4');
INSERT INTO `order_item` VALUES ('5046', '1579', '元', '9.43', '14889.97', '328', '5');
INSERT INTO `order_item` VALUES ('5047', '4045', '元', '0.13', '525.85', '328', '6');
INSERT INTO `order_item` VALUES ('5048', '573', '元', '9.95', '5701.35', '328', '7');
INSERT INTO `order_item` VALUES ('5049', '4074', '元', '0.07', '285.18', '328', '8');
INSERT INTO `order_item` VALUES ('5050', '4127', '元', '4.29', '17704.83', '328', '9');
INSERT INTO `order_item` VALUES ('5051', '693', '元', '7.72', '5349.96', '328', '10');
INSERT INTO `order_item` VALUES ('5052', '3924', '元', '8.82', '34609.68', '329', '1');
INSERT INTO `order_item` VALUES ('5053', '4423', '元', '6.47', '28616.81', '329', '2');
INSERT INTO `order_item` VALUES ('5054', '2073', '元', '3.19', '6612.87', '329', '3');
INSERT INTO `order_item` VALUES ('5055', '4549', '元', '9.43', '42897.07', '329', '4');
INSERT INTO `order_item` VALUES ('5056', '4542', '元', '7.85', '35654.7', '329', '5');
INSERT INTO `order_item` VALUES ('5057', '3516', '元', '4.75', '16701', '329', '6');
INSERT INTO `order_item` VALUES ('5058', '1989', '元', '4.2', '8353.8', '329', '7');
INSERT INTO `order_item` VALUES ('5059', '3370', '元', '5.36', '18063.2', '329', '8');
INSERT INTO `order_item` VALUES ('5060', '4959', '元', '4.24', '21026.16', '329', '9');
INSERT INTO `order_item` VALUES ('5061', '2024', '元', '9.05', '18317.2', '329', '10');
INSERT INTO `order_item` VALUES ('5062', '2813', '元', '7.4', '20816.2', '330', '1');
INSERT INTO `order_item` VALUES ('5063', '694', '元', '0.58', '402.52', '330', '2');
INSERT INTO `order_item` VALUES ('5064', '2393', '元', '0.66', '1579.38', '330', '3');
INSERT INTO `order_item` VALUES ('5065', '1488', '元', '0.24', '357.12', '330', '4');
INSERT INTO `order_item` VALUES ('5066', '1060', '元', '2.46', '2607.6', '330', '5');
INSERT INTO `order_item` VALUES ('5067', '365', '元', '4.84', '1766.6', '330', '6');
INSERT INTO `order_item` VALUES ('5068', '3305', '元', '9.3', '30736.5', '330', '7');
INSERT INTO `order_item` VALUES ('5069', '3064', '元', '4.15', '12715.6', '330', '8');
INSERT INTO `order_item` VALUES ('5070', '1408', '元', '8.51', '11982.08', '330', '9');
INSERT INTO `order_item` VALUES ('5071', '559', '元', '9.26', '5176.34', '330', '10');
INSERT INTO `order_item` VALUES ('5072', '2599', '元', '6.39', '16607.61', '331', '1');
INSERT INTO `order_item` VALUES ('5073', '831', '元', '2.47', '2052.57', '331', '2');
INSERT INTO `order_item` VALUES ('5074', '4349', '元', '3.76', '16352.24', '331', '3');
INSERT INTO `order_item` VALUES ('5075', '434', '元', '2.47', '1071.98', '331', '4');
INSERT INTO `order_item` VALUES ('5076', '1482', '元', '6.22', '9218.04', '331', '5');
INSERT INTO `order_item` VALUES ('5077', '2474', '元', '6.09', '15066.66', '331', '6');
INSERT INTO `order_item` VALUES ('5078', '1188', '元', '1.3', '1544.4', '331', '7');
INSERT INTO `order_item` VALUES ('5079', '2652', '元', '4.63', '12278.76', '331', '8');
INSERT INTO `order_item` VALUES ('5080', '4788', '元', '5.86', '28057.68', '331', '9');
INSERT INTO `order_item` VALUES ('5081', '2963', '元', '9.48', '28089.24', '331', '10');
INSERT INTO `order_item` VALUES ('5082', '4057', '元', '1.32', '5355.24', '332', '1');
INSERT INTO `order_item` VALUES ('5083', '2072', '元', '1.13', '2341.36', '332', '2');
INSERT INTO `order_item` VALUES ('5084', '1770', '元', '3.4', '6018', '332', '3');
INSERT INTO `order_item` VALUES ('5085', '2598', '元', '8.77', '22784.46', '332', '4');
INSERT INTO `order_item` VALUES ('5086', '1671', '元', '0.33', '551.43', '332', '5');
INSERT INTO `order_item` VALUES ('5087', '934', '元', '4.16', '3885.44', '332', '6');
INSERT INTO `order_item` VALUES ('5088', '3922', '元', '5', '19610', '332', '7');
INSERT INTO `order_item` VALUES ('5089', '2056', '元', '5.67', '11657.52', '332', '8');
INSERT INTO `order_item` VALUES ('5090', '4266', '元', '0.3', '1279.8', '332', '9');
INSERT INTO `order_item` VALUES ('5091', '1516', '元', '3.57', '5412.12', '332', '10');
INSERT INTO `order_item` VALUES ('5092', '4220', '元', '8.25', '34815', '333', '1');
INSERT INTO `order_item` VALUES ('5093', '506', '元', '0.9', '455.4', '333', '2');
INSERT INTO `order_item` VALUES ('5094', '3570', '元', '8.03', '28667.1', '333', '3');
INSERT INTO `order_item` VALUES ('5095', '2129', '元', '0.05', '106.45', '333', '4');
INSERT INTO `order_item` VALUES ('5096', '3763', '元', '4.12', '15503.56', '333', '5');
INSERT INTO `order_item` VALUES ('5097', '656', '元', '4.65', '3050.4', '333', '6');
INSERT INTO `order_item` VALUES ('5098', '307', '元', '8.82', '2707.74', '333', '7');
INSERT INTO `order_item` VALUES ('5099', '548', '元', '4.87', '2668.76', '333', '8');
INSERT INTO `order_item` VALUES ('5100', '564', '元', '7.33', '4134.12', '333', '9');
INSERT INTO `order_item` VALUES ('5101', '4695', '元', '1.63', '7652.85', '333', '10');
INSERT INTO `order_item` VALUES ('5102', '4386', '元', '0.9', '3947.4', '334', '1');
INSERT INTO `order_item` VALUES ('5103', '4909', '元', '9.52', '46733.68', '334', '2');
INSERT INTO `order_item` VALUES ('5104', '2346', '元', '5.31', '12457.26', '334', '3');
INSERT INTO `order_item` VALUES ('5105', '3651', '元', '2.21', '8068.71', '334', '4');
INSERT INTO `order_item` VALUES ('5106', '3686', '元', '3.72', '13711.92', '334', '5');
INSERT INTO `order_item` VALUES ('5107', '877', '元', '3.29', '2885.33', '334', '6');
INSERT INTO `order_item` VALUES ('5108', '2772', '元', '2.85', '7900.2', '334', '7');
INSERT INTO `order_item` VALUES ('5109', '3640', '元', '5.56', '20238.4', '334', '8');
INSERT INTO `order_item` VALUES ('5110', '4672', '元', '6.12', '28592.64', '334', '9');
INSERT INTO `order_item` VALUES ('5111', '1073', '元', '1.4', '1502.2', '334', '10');
INSERT INTO `order_item` VALUES ('5112', '2389', '元', '0.24', '573.36', '335', '1');
INSERT INTO `order_item` VALUES ('5113', '3245', '元', '5.62', '18236.9', '335', '2');
INSERT INTO `order_item` VALUES ('5114', '3998', '元', '3.56', '14232.88', '335', '3');
INSERT INTO `order_item` VALUES ('5115', '3790', '元', '0.78', '2956.2', '335', '4');
INSERT INTO `order_item` VALUES ('5116', '3007', '元', '7.45', '22402.15', '335', '5');
INSERT INTO `order_item` VALUES ('5117', '206', '元', '9.14', '1882.84', '335', '6');
INSERT INTO `order_item` VALUES ('5118', '579', '元', '6.45', '3734.55', '335', '7');
INSERT INTO `order_item` VALUES ('5119', '2210', '元', '4.3', '9503', '335', '8');
INSERT INTO `order_item` VALUES ('5120', '3460', '元', '3.56', '12317.6', '335', '9');
INSERT INTO `order_item` VALUES ('5121', '4000', '元', '3.49', '13960', '335', '10');
INSERT INTO `order_item` VALUES ('5122', '4063', '元', '8.83', '35876.29', '336', '1');
INSERT INTO `order_item` VALUES ('5123', '1268', '元', '7.84', '9941.12', '336', '2');
INSERT INTO `order_item` VALUES ('5124', '2479', '元', '8.67', '21492.93', '336', '3');
INSERT INTO `order_item` VALUES ('5125', '1758', '元', '1.88', '3305.04', '336', '4');
INSERT INTO `order_item` VALUES ('5126', '1521', '元', '8.76', '13323.96', '336', '5');
INSERT INTO `order_item` VALUES ('5127', '2395', '元', '4.63', '11088.85', '336', '6');
INSERT INTO `order_item` VALUES ('5128', '405', '元', '2.15', '870.75', '336', '7');
INSERT INTO `order_item` VALUES ('5129', '4920', '元', '4.37', '21500.4', '336', '8');
INSERT INTO `order_item` VALUES ('5130', '1160', '元', '6.06', '7029.6', '336', '9');
INSERT INTO `order_item` VALUES ('5131', '4214', '元', '7.33', '30888.62', '336', '10');
INSERT INTO `order_item` VALUES ('5132', '4900', '元', '6.86', '33614', '337', '1');
INSERT INTO `order_item` VALUES ('5133', '3452', '元', '0.48', '1656.96', '337', '2');
INSERT INTO `order_item` VALUES ('5134', '971', '元', '2.59', '2514.89', '337', '3');
INSERT INTO `order_item` VALUES ('5135', '432', '元', '6.18', '2669.76', '337', '4');
INSERT INTO `order_item` VALUES ('5136', '4013', '元', '6.83', '27408.79', '337', '5');
INSERT INTO `order_item` VALUES ('5137', '1635', '元', '7.69', '12573.15', '337', '6');
INSERT INTO `order_item` VALUES ('5138', '1387', '元', '0.93', '1289.91', '337', '7');
INSERT INTO `order_item` VALUES ('5139', '2382', '元', '7.34', '17483.88', '337', '8');
INSERT INTO `order_item` VALUES ('5140', '230', '元', '0.52', '119.6', '337', '9');
INSERT INTO `order_item` VALUES ('5141', '1358', '元', '8.45', '11475.1', '337', '10');
INSERT INTO `order_item` VALUES ('5142', '2437', '元', '8.43', '20543.91', '338', '1');
INSERT INTO `order_item` VALUES ('5143', '4222', '元', '0.88', '3715.36', '338', '2');
INSERT INTO `order_item` VALUES ('5144', '2177', '元', '7.79', '16958.83', '338', '3');
INSERT INTO `order_item` VALUES ('5145', '3174', '元', '8.96', '28439.04', '338', '4');
INSERT INTO `order_item` VALUES ('5146', '1466', '元', '9.22', '13516.52', '338', '5');
INSERT INTO `order_item` VALUES ('5147', '3044', '元', '2.71', '8249.24', '338', '6');
INSERT INTO `order_item` VALUES ('5148', '1578', '元', '3.67', '5791.26', '338', '7');
INSERT INTO `order_item` VALUES ('5149', '3377', '元', '8.82', '29785.14', '338', '8');
INSERT INTO `order_item` VALUES ('5150', '2159', '元', '6.63', '14314.17', '338', '9');
INSERT INTO `order_item` VALUES ('5151', '3340', '元', '3.88', '12959.2', '338', '10');
INSERT INTO `order_item` VALUES ('5152', '4380', '元', '6.96', '30484.8', '339', '1');
INSERT INTO `order_item` VALUES ('5153', '809', '元', '4.59', '3713.31', '339', '2');
INSERT INTO `order_item` VALUES ('5154', '1947', '元', '0.96', '1869.12', '339', '3');
INSERT INTO `order_item` VALUES ('5155', '991', '元', '3.03', '3002.73', '339', '4');
INSERT INTO `order_item` VALUES ('5156', '1730', '元', '7.01', '12127.3', '339', '5');
INSERT INTO `order_item` VALUES ('5157', '2882', '元', '8.54', '24612.28', '339', '6');
INSERT INTO `order_item` VALUES ('5158', '3287', '元', '3.13', '10288.31', '339', '7');
INSERT INTO `order_item` VALUES ('5159', '3519', '元', '6.3', '22169.7', '339', '8');
INSERT INTO `order_item` VALUES ('5160', '2535', '元', '9.49', '24057.15', '339', '9');
INSERT INTO `order_item` VALUES ('5161', '1997', '元', '4.67', '9325.99', '339', '10');
INSERT INTO `order_item` VALUES ('5162', '3066', '元', '2.01', '6162.66', '340', '1');
INSERT INTO `order_item` VALUES ('5163', '1654', '元', '0.39', '645.06', '340', '2');
INSERT INTO `order_item` VALUES ('5164', '3402', '元', '9.57', '32557.14', '340', '3');
INSERT INTO `order_item` VALUES ('5165', '2476', '元', '3.18', '7873.68', '340', '4');
INSERT INTO `order_item` VALUES ('5166', '1747', '元', '7.53', '13154.91', '340', '5');
INSERT INTO `order_item` VALUES ('5167', '2090', '元', '2.66', '5559.4', '340', '6');
INSERT INTO `order_item` VALUES ('5168', '4172', '元', '4.46', '18607.12', '340', '7');
INSERT INTO `order_item` VALUES ('5169', '4422', '元', '8.55', '37808.1', '340', '8');
INSERT INTO `order_item` VALUES ('5170', '748', '元', '0.75', '561', '340', '9');
INSERT INTO `order_item` VALUES ('5171', '2689', '元', '3.38', '9088.82', '340', '10');
INSERT INTO `order_item` VALUES ('5172', '3699', '元', '9.17', '33919.83', '341', '1');
INSERT INTO `order_item` VALUES ('5173', '3316', '元', '7.11', '23576.76', '341', '2');
INSERT INTO `order_item` VALUES ('5174', '1503', '元', '8.47', '12730.41', '341', '3');
INSERT INTO `order_item` VALUES ('5175', '3820', '元', '2.2', '8404', '341', '4');
INSERT INTO `order_item` VALUES ('5176', '3457', '元', '0.24', '829.68', '341', '5');
INSERT INTO `order_item` VALUES ('5177', '2824', '元', '0.57', '1609.68', '341', '6');
INSERT INTO `order_item` VALUES ('5178', '4941', '元', '1.53', '7559.73', '341', '7');
INSERT INTO `order_item` VALUES ('5179', '3389', '元', '7.64', '25891.96', '341', '8');
INSERT INTO `order_item` VALUES ('5180', '4482', '元', '2.86', '12818.52', '341', '9');
INSERT INTO `order_item` VALUES ('5181', '4031', '元', '4.52', '18220.12', '341', '10');
INSERT INTO `order_item` VALUES ('5182', '2368', '元', '6.35', '15036.8', '342', '1');
INSERT INTO `order_item` VALUES ('5183', '81', '元', '1.21', '98.01', '342', '2');
INSERT INTO `order_item` VALUES ('5184', '715', '元', '7.25', '5183.75', '342', '3');
INSERT INTO `order_item` VALUES ('5185', '2321', '元', '7.86', '18243.06', '342', '4');
INSERT INTO `order_item` VALUES ('5186', '865', '元', '9.2', '7958', '342', '5');
INSERT INTO `order_item` VALUES ('5187', '449', '元', '6.7', '3008.3', '342', '6');
INSERT INTO `order_item` VALUES ('5188', '131', '元', '3.5', '458.5', '342', '7');
INSERT INTO `order_item` VALUES ('5189', '4458', '元', '2.59', '11546.22', '342', '8');
INSERT INTO `order_item` VALUES ('5190', '559', '元', '4.36', '2437.24', '342', '9');
INSERT INTO `order_item` VALUES ('5191', '4306', '元', '2.98', '12831.88', '342', '10');
INSERT INTO `order_item` VALUES ('5192', '2874', '元', '5.99', '17215.26', '343', '1');
INSERT INTO `order_item` VALUES ('5193', '4497', '元', '3.13', '14075.61', '343', '2');
INSERT INTO `order_item` VALUES ('5194', '1927', '元', '5.79', '11157.33', '343', '3');
INSERT INTO `order_item` VALUES ('5195', '3065', '元', '7.29', '22343.85', '343', '4');
INSERT INTO `order_item` VALUES ('5196', '858', '元', '6.84', '5868.72', '343', '5');
INSERT INTO `order_item` VALUES ('5197', '446', '元', '3.59', '1601.14', '343', '6');
INSERT INTO `order_item` VALUES ('5198', '4500', '元', '6.59', '29655', '343', '7');
INSERT INTO `order_item` VALUES ('5199', '2136', '元', '5.69', '12153.84', '343', '8');
INSERT INTO `order_item` VALUES ('5200', '4958', '元', '4.15', '20575.7', '343', '9');
INSERT INTO `order_item` VALUES ('5201', '2498', '元', '5.3', '13239.4', '343', '10');
INSERT INTO `order_item` VALUES ('5202', '2909', '元', '2.36', '6865.24', '344', '1');
INSERT INTO `order_item` VALUES ('5203', '546', '元', '2.54', '1386.84', '344', '2');
INSERT INTO `order_item` VALUES ('5204', '850', '元', '4.43', '3765.5', '344', '3');
INSERT INTO `order_item` VALUES ('5205', '3967', '元', '8.02', '31815.34', '344', '4');
INSERT INTO `order_item` VALUES ('5206', '1884', '元', '3.09', '5821.56', '344', '5');
INSERT INTO `order_item` VALUES ('5207', '1905', '元', '1.45', '2762.25', '344', '6');
INSERT INTO `order_item` VALUES ('5208', '350', '元', '2.93', '1025.5', '344', '7');
INSERT INTO `order_item` VALUES ('5209', '3464', '元', '0.78', '2701.92', '344', '8');
INSERT INTO `order_item` VALUES ('5210', '1338', '元', '5.87', '7854.06', '344', '9');
INSERT INTO `order_item` VALUES ('5211', '4254', '元', '2.89', '12294.06', '344', '10');
INSERT INTO `order_item` VALUES ('5212', '2936', '元', '8.21', '24104.56', '345', '1');
INSERT INTO `order_item` VALUES ('5213', '124', '元', '5.52', '684.48', '345', '2');
INSERT INTO `order_item` VALUES ('5214', '778', '元', '1.76', '1369.28', '345', '3');
INSERT INTO `order_item` VALUES ('5215', '555', '元', '4.69', '2602.95', '345', '4');
INSERT INTO `order_item` VALUES ('5216', '740', '元', '3.6', '2664', '345', '5');
INSERT INTO `order_item` VALUES ('5217', '2146', '元', '6.98', '14979.08', '345', '6');
INSERT INTO `order_item` VALUES ('5218', '4362', '元', '1.7', '7415.4', '345', '7');
INSERT INTO `order_item` VALUES ('5219', '4804', '元', '3.28', '15757.12', '345', '8');
INSERT INTO `order_item` VALUES ('5220', '3904', '元', '9.08', '35448.32', '345', '9');
INSERT INTO `order_item` VALUES ('5221', '3249', '元', '8.95', '29078.55', '345', '10');
INSERT INTO `order_item` VALUES ('5222', '3807', '元', '2.83', '10773.81', '346', '1');
INSERT INTO `order_item` VALUES ('5223', '1737', '元', '8.61', '14955.57', '346', '2');
INSERT INTO `order_item` VALUES ('5224', '4122', '元', '3.11', '12819.42', '346', '3');
INSERT INTO `order_item` VALUES ('5225', '960', '元', '6.47', '6211.2', '346', '4');
INSERT INTO `order_item` VALUES ('5226', '2316', '元', '0.53', '1227.48', '346', '5');
INSERT INTO `order_item` VALUES ('5227', '2324', '元', '8.85', '20567.4', '346', '6');
INSERT INTO `order_item` VALUES ('5228', '3817', '元', '8.12', '30994.04', '346', '7');
INSERT INTO `order_item` VALUES ('5229', '826', '元', '6.36', '5253.36', '346', '8');
INSERT INTO `order_item` VALUES ('5230', '4882', '元', '3.98', '19430.36', '346', '9');
INSERT INTO `order_item` VALUES ('5231', '3994', '元', '7.11', '28397.34', '346', '10');
INSERT INTO `order_item` VALUES ('5232', '500', '元', '8.68', '4340', '347', '1');
INSERT INTO `order_item` VALUES ('5233', '3588', '元', '6.51', '23357.88', '347', '2');
INSERT INTO `order_item` VALUES ('5234', '184', '元', '0.21', '38.64', '347', '3');
INSERT INTO `order_item` VALUES ('5235', '1728', '元', '3.46', '5978.88', '347', '4');
INSERT INTO `order_item` VALUES ('5236', '4711', '元', '6.81', '32081.91', '347', '5');
INSERT INTO `order_item` VALUES ('5237', '342', '元', '5.94', '2031.48', '347', '6');
INSERT INTO `order_item` VALUES ('5238', '771', '元', '9.02', '6954.42', '347', '7');
INSERT INTO `order_item` VALUES ('5239', '612', '元', '9.08', '5556.96', '347', '8');
INSERT INTO `order_item` VALUES ('5240', '4656', '元', '7.23', '33662.88', '347', '9');
INSERT INTO `order_item` VALUES ('5241', '486', '元', '3.69', '1793.34', '347', '10');
INSERT INTO `order_item` VALUES ('5242', '1376', '元', '1.16', '1596.16', '348', '1');
INSERT INTO `order_item` VALUES ('5243', '4189', '元', '3.22', '13488.58', '348', '2');
INSERT INTO `order_item` VALUES ('5244', '1042', '元', '5.79', '6033.18', '348', '3');
INSERT INTO `order_item` VALUES ('5245', '3112', '元', '5.97', '18578.64', '348', '4');
INSERT INTO `order_item` VALUES ('5246', '2472', '元', '0.49', '1211.28', '348', '5');
INSERT INTO `order_item` VALUES ('5247', '4112', '元', '3.44', '14145.28', '348', '6');
INSERT INTO `order_item` VALUES ('5248', '125', '元', '8.75', '1093.75', '348', '7');
INSERT INTO `order_item` VALUES ('5249', '2071', '元', '8.19', '16961.49', '348', '8');
INSERT INTO `order_item` VALUES ('5250', '1631', '元', '6.96', '11351.76', '348', '9');
INSERT INTO `order_item` VALUES ('5251', '4321', '元', '5.84', '25234.64', '348', '10');
INSERT INTO `order_item` VALUES ('5252', '1522', '元', '4.92', '7488.24', '349', '1');
INSERT INTO `order_item` VALUES ('5253', '1530', '元', '4.7', '7191', '349', '2');
INSERT INTO `order_item` VALUES ('5254', '915', '元', '6.18', '5654.7', '349', '3');
INSERT INTO `order_item` VALUES ('5255', '478', '元', '8.54', '4082.12', '349', '4');
INSERT INTO `order_item` VALUES ('5256', '2236', '元', '2.28', '5098.08', '349', '5');
INSERT INTO `order_item` VALUES ('5257', '2143', '元', '7.44', '15943.92', '349', '6');
INSERT INTO `order_item` VALUES ('5258', '1479', '元', '5.76', '8519.04', '349', '7');
INSERT INTO `order_item` VALUES ('5259', '3328', '元', '4.32', '14376.96', '349', '8');
INSERT INTO `order_item` VALUES ('5260', '2149', '元', '2.87', '6167.63', '349', '9');
INSERT INTO `order_item` VALUES ('5261', '844', '元', '1.88', '1586.72', '349', '10');
INSERT INTO `order_item` VALUES ('5262', '1205', '元', '7.48', '9013.4', '350', '1');
INSERT INTO `order_item` VALUES ('5263', '3951', '元', '7.86', '31054.86', '350', '2');
INSERT INTO `order_item` VALUES ('5264', '4105', '元', '1.16', '4761.8', '350', '3');
INSERT INTO `order_item` VALUES ('5265', '2911', '元', '9.82', '28586.02', '350', '4');
INSERT INTO `order_item` VALUES ('5266', '826', '元', '7.28', '6013.28', '350', '5');
INSERT INTO `order_item` VALUES ('5267', '3406', '元', '0.28', '953.68', '350', '6');
INSERT INTO `order_item` VALUES ('5268', '1169', '元', '7.59', '8872.71', '350', '7');
INSERT INTO `order_item` VALUES ('5269', '4587', '元', '3.24', '14861.88', '350', '8');
INSERT INTO `order_item` VALUES ('5270', '2827', '元', '2.95', '8339.65', '350', '9');
INSERT INTO `order_item` VALUES ('5271', '102', '元', '9.02', '920.04', '350', '10');
INSERT INTO `order_item` VALUES ('5272', '2497', '元', '7.18', '17928.46', '351', '1');
INSERT INTO `order_item` VALUES ('5273', '4128', '元', '0.13', '536.64', '351', '2');
INSERT INTO `order_item` VALUES ('5274', '2980', '元', '0.34', '1013.2', '351', '3');
INSERT INTO `order_item` VALUES ('5275', '3502', '元', '8.21', '28751.42', '351', '4');
INSERT INTO `order_item` VALUES ('5276', '2160', '元', '0.03', '64.8', '351', '5');
INSERT INTO `order_item` VALUES ('5277', '525', '元', '9.12', '4788', '351', '6');
INSERT INTO `order_item` VALUES ('5278', '2457', '元', '7.42', '18230.94', '351', '7');
INSERT INTO `order_item` VALUES ('5279', '4918', '元', '2.17', '10672.06', '351', '8');
INSERT INTO `order_item` VALUES ('5280', '1458', '元', '2.75', '4009.5', '351', '9');
INSERT INTO `order_item` VALUES ('5281', '2340', '元', '4.16', '9734.4', '351', '10');
INSERT INTO `order_item` VALUES ('5282', '155', '元', '1.75', '271.25', '352', '1');
INSERT INTO `order_item` VALUES ('5283', '3053', '元', '1.88', '5739.64', '352', '2');
INSERT INTO `order_item` VALUES ('5284', '1979', '元', '1.82', '3601.78', '352', '3');
INSERT INTO `order_item` VALUES ('5285', '759', '元', '0.4', '303.6', '352', '4');
INSERT INTO `order_item` VALUES ('5286', '3460', '元', '3.57', '12352.2', '352', '5');
INSERT INTO `order_item` VALUES ('5287', '2799', '元', '4.91', '13743.09', '352', '6');
INSERT INTO `order_item` VALUES ('5288', '1291', '元', '2.95', '3808.45', '352', '7');
INSERT INTO `order_item` VALUES ('5289', '1498', '元', '8.46', '12673.08', '352', '8');
INSERT INTO `order_item` VALUES ('5290', '2416', '元', '3.94', '9519.04', '352', '9');
INSERT INTO `order_item` VALUES ('5291', '3192', '元', '6.88', '21960.96', '352', '10');
INSERT INTO `order_item` VALUES ('5292', '390', '元', '8.51', '3318.9', '353', '1');
INSERT INTO `order_item` VALUES ('5293', '279', '元', '6.19', '1727.01', '353', '2');
INSERT INTO `order_item` VALUES ('5294', '1988', '元', '5.94', '11808.72', '353', '3');
INSERT INTO `order_item` VALUES ('5295', '3750', '元', '9.45', '35437.5', '353', '4');
INSERT INTO `order_item` VALUES ('5296', '1413', '元', '2.24', '3165.12', '353', '5');
INSERT INTO `order_item` VALUES ('5297', '2215', '元', '0.3', '664.5', '353', '6');
INSERT INTO `order_item` VALUES ('5298', '2141', '元', '7.63', '16335.83', '353', '7');
INSERT INTO `order_item` VALUES ('5299', '378', '元', '2.97', '1122.66', '353', '8');
INSERT INTO `order_item` VALUES ('5300', '1951', '元', '8.94', '17441.94', '353', '9');
INSERT INTO `order_item` VALUES ('5301', '4944', '元', '3.85', '19034.4', '353', '10');
INSERT INTO `order_item` VALUES ('5302', '4433', '元', '1.01', '4477.33', '354', '1');
INSERT INTO `order_item` VALUES ('5303', '3510', '元', '2.91', '10214.1', '354', '2');
INSERT INTO `order_item` VALUES ('5304', '2789', '元', '3.87', '10793.43', '354', '3');
INSERT INTO `order_item` VALUES ('5305', '2245', '元', '1.63', '3659.35', '354', '4');
INSERT INTO `order_item` VALUES ('5306', '3030', '元', '3.15', '9544.5', '354', '5');
INSERT INTO `order_item` VALUES ('5307', '3475', '元', '2.54', '8826.5', '354', '6');
INSERT INTO `order_item` VALUES ('5308', '1475', '元', '9.41', '13879.75', '354', '7');
INSERT INTO `order_item` VALUES ('5309', '2355', '元', '2.58', '6075.9', '354', '8');
INSERT INTO `order_item` VALUES ('5310', '4383', '元', '7.94', '34801.02', '354', '9');
INSERT INTO `order_item` VALUES ('5311', '67', '元', '4.9', '328.3', '354', '10');
INSERT INTO `order_item` VALUES ('5312', '1058', '元', '9.67', '10230.86', '355', '1');
INSERT INTO `order_item` VALUES ('5313', '1874', '元', '4.4', '8245.6', '355', '2');
INSERT INTO `order_item` VALUES ('5314', '2281', '元', '2.43', '5542.83', '355', '3');
INSERT INTO `order_item` VALUES ('5315', '1431', '元', '2.86', '4092.66', '355', '4');
INSERT INTO `order_item` VALUES ('5316', '2505', '元', '9.13', '22870.65', '355', '5');
INSERT INTO `order_item` VALUES ('5317', '268', '元', '6.28', '1683.04', '355', '6');
INSERT INTO `order_item` VALUES ('5318', '4949', '元', '5.48', '27120.52', '355', '7');
INSERT INTO `order_item` VALUES ('5319', '453', '元', '4.42', '2002.26', '355', '8');
INSERT INTO `order_item` VALUES ('5320', '321', '元', '2.56', '821.76', '355', '9');
INSERT INTO `order_item` VALUES ('5321', '4633', '元', '8.52', '39473.16', '355', '10');
INSERT INTO `order_item` VALUES ('5322', '2332', '元', '7.73', '18026.36', '356', '1');
INSERT INTO `order_item` VALUES ('5323', '4070', '元', '9.38', '38176.6', '356', '2');
INSERT INTO `order_item` VALUES ('5324', '3155', '元', '7.1', '22400.5', '356', '3');
INSERT INTO `order_item` VALUES ('5325', '1962', '元', '1.45', '2844.9', '356', '4');
INSERT INTO `order_item` VALUES ('5326', '645', '元', '9.42', '6075.9', '356', '5');
INSERT INTO `order_item` VALUES ('5327', '2099', '元', '6.44', '13517.56', '356', '6');
INSERT INTO `order_item` VALUES ('5328', '4881', '元', '9.42', '45979.02', '356', '7');
INSERT INTO `order_item` VALUES ('5329', '1640', '元', '5.55', '9102', '356', '8');
INSERT INTO `order_item` VALUES ('5330', '288', '元', '2.74', '789.12', '356', '9');
INSERT INTO `order_item` VALUES ('5331', '793', '元', '5.54', '4393.22', '356', '10');
INSERT INTO `order_item` VALUES ('5332', '611', '元', '6.74', '4118.14', '357', '1');
INSERT INTO `order_item` VALUES ('5333', '1708', '元', '5.38', '9189.04', '357', '2');
INSERT INTO `order_item` VALUES ('5334', '787', '元', '8.09', '6366.83', '357', '3');
INSERT INTO `order_item` VALUES ('5335', '1039', '元', '8.99', '9340.61', '357', '4');
INSERT INTO `order_item` VALUES ('5336', '1063', '元', '9.17', '9747.71', '357', '5');
INSERT INTO `order_item` VALUES ('5337', '4399', '元', '6.74', '29649.26', '357', '6');
INSERT INTO `order_item` VALUES ('5338', '2716', '元', '1.92', '5214.72', '357', '7');
INSERT INTO `order_item` VALUES ('5339', '4781', '元', '1.79', '8557.99', '357', '8');
INSERT INTO `order_item` VALUES ('5340', '1014', '元', '5.05', '5120.7', '357', '9');
INSERT INTO `order_item` VALUES ('5341', '643', '元', '2.54', '1633.22', '357', '10');
INSERT INTO `order_item` VALUES ('5342', '3609', '元', '7.22', '26056.98', '358', '1');
INSERT INTO `order_item` VALUES ('5343', '2892', '元', '5.83', '16860.36', '358', '2');
INSERT INTO `order_item` VALUES ('5344', '4975', '元', '5.66', '28158.5', '358', '3');
INSERT INTO `order_item` VALUES ('5345', '2395', '元', '9.75', '23351.25', '358', '4');
INSERT INTO `order_item` VALUES ('5346', '2145', '元', '3.46', '7421.7', '358', '5');
INSERT INTO `order_item` VALUES ('5347', '2931', '元', '3.67', '10756.77', '358', '6');
INSERT INTO `order_item` VALUES ('5348', '1522', '元', '0.61', '928.42', '358', '7');
INSERT INTO `order_item` VALUES ('5349', '4114', '元', '1.87', '7693.18', '358', '8');
INSERT INTO `order_item` VALUES ('5350', '4357', '元', '4.71', '20521.47', '358', '9');
INSERT INTO `order_item` VALUES ('5351', '2220', '元', '4.96', '11011.2', '358', '10');
INSERT INTO `order_item` VALUES ('5352', '551', '元', '2', '1102', '359', '1');
INSERT INTO `order_item` VALUES ('5353', '4522', '元', '0.6', '2713.2', '359', '2');
INSERT INTO `order_item` VALUES ('5354', '3438', '元', '0.37', '1272.06', '359', '3');
INSERT INTO `order_item` VALUES ('5355', '3527', '元', '2.79', '9840.33', '359', '4');
INSERT INTO `order_item` VALUES ('5356', '1732', '元', '1.91', '3308.12', '359', '5');
INSERT INTO `order_item` VALUES ('5357', '1257', '元', '1.35', '1696.95', '359', '6');
INSERT INTO `order_item` VALUES ('5358', '920', '元', '4.67', '4296.4', '359', '7');
INSERT INTO `order_item` VALUES ('5359', '643', '元', '8.48', '5452.64', '359', '8');
INSERT INTO `order_item` VALUES ('5360', '2785', '元', '1.02', '2840.7', '359', '9');
INSERT INTO `order_item` VALUES ('5361', '3811', '元', '7.2', '27439.2', '359', '10');
INSERT INTO `order_item` VALUES ('5362', '1008', '元', '8.19', '8255.52', '360', '1');
INSERT INTO `order_item` VALUES ('5363', '3449', '元', '8.55', '29488.95', '360', '2');
INSERT INTO `order_item` VALUES ('5364', '4366', '元', '2.57', '11220.62', '360', '3');
INSERT INTO `order_item` VALUES ('5365', '1491', '元', '7.75', '11555.25', '360', '4');
INSERT INTO `order_item` VALUES ('5366', '4921', '元', '3.56', '17518.76', '360', '5');
INSERT INTO `order_item` VALUES ('5367', '1168', '元', '6.2', '7241.6', '360', '6');
INSERT INTO `order_item` VALUES ('5368', '3977', '元', '7.16', '28475.32', '360', '7');
INSERT INTO `order_item` VALUES ('5369', '4127', '元', '0.36', '1485.72', '360', '8');
INSERT INTO `order_item` VALUES ('5370', '4067', '元', '2.77', '11265.59', '360', '9');
INSERT INTO `order_item` VALUES ('5371', '2264', '元', '2.22', '5026.08', '360', '10');
INSERT INTO `order_item` VALUES ('5372', '415', '元', '9.6', '3984', '361', '1');
INSERT INTO `order_item` VALUES ('5373', '2320', '元', '3.1', '7192', '361', '2');
INSERT INTO `order_item` VALUES ('5374', '3479', '元', '3.92', '13637.68', '361', '3');
INSERT INTO `order_item` VALUES ('5375', '256', '元', '8.18', '2094.08', '361', '4');
INSERT INTO `order_item` VALUES ('5376', '1907', '元', '3.97', '7570.79', '361', '5');
INSERT INTO `order_item` VALUES ('5377', '1778', '元', '5.46', '9707.88', '361', '6');
INSERT INTO `order_item` VALUES ('5378', '4944', '元', '8.34', '41232.96', '361', '7');
INSERT INTO `order_item` VALUES ('5379', '2501', '元', '3.85', '9628.85', '361', '8');
INSERT INTO `order_item` VALUES ('5380', '3982', '元', '5.73', '22816.86', '361', '9');
INSERT INTO `order_item` VALUES ('5381', '1013', '元', '2.38', '2410.94', '361', '10');
INSERT INTO `order_item` VALUES ('5382', '2211', '元', '5.9', '13044.9', '362', '1');
INSERT INTO `order_item` VALUES ('5383', '1767', '元', '4.75', '8393.25', '362', '2');
INSERT INTO `order_item` VALUES ('5384', '2082', '元', '9.22', '19196.04', '362', '3');
INSERT INTO `order_item` VALUES ('5385', '1536', '元', '6.47', '9937.92', '362', '4');
INSERT INTO `order_item` VALUES ('5386', '3580', '元', '6.77', '24236.6', '362', '5');
INSERT INTO `order_item` VALUES ('5387', '933', '元', '5.91', '5514.03', '362', '6');
INSERT INTO `order_item` VALUES ('5388', '2073', '元', '3.77', '7815.21', '362', '7');
INSERT INTO `order_item` VALUES ('5389', '966', '元', '3.07', '2965.62', '362', '8');
INSERT INTO `order_item` VALUES ('5390', '1027', '元', '1.28', '1314.56', '362', '9');
INSERT INTO `order_item` VALUES ('5391', '2633', '元', '0.44', '1158.52', '362', '10');
INSERT INTO `order_item` VALUES ('5392', '1148', '元', '6.28', '7209.44', '363', '1');
INSERT INTO `order_item` VALUES ('5393', '2505', '元', '9.16', '22945.8', '363', '2');
INSERT INTO `order_item` VALUES ('5394', '2760', '元', '3.12', '8611.2', '363', '3');
INSERT INTO `order_item` VALUES ('5395', '4996', '元', '1.49', '7444.04', '363', '4');
INSERT INTO `order_item` VALUES ('5396', '807', '元', '9.46', '7634.22', '363', '5');
INSERT INTO `order_item` VALUES ('5397', '1472', '元', '4.1', '6035.2', '363', '6');
INSERT INTO `order_item` VALUES ('5398', '294', '元', '2.83', '832.02', '363', '7');
INSERT INTO `order_item` VALUES ('5399', '226', '元', '5.84', '1319.84', '363', '8');
INSERT INTO `order_item` VALUES ('5400', '2908', '元', '3.88', '11283.04', '363', '9');
INSERT INTO `order_item` VALUES ('5401', '3276', '元', '9.51', '31154.76', '363', '10');
INSERT INTO `order_item` VALUES ('5402', '3678', '元', '6.65', '24458.7', '364', '1');
INSERT INTO `order_item` VALUES ('5403', '2562', '元', '4.97', '12733.14', '364', '2');
INSERT INTO `order_item` VALUES ('5404', '566', '元', '9.97', '5643.02', '364', '3');
INSERT INTO `order_item` VALUES ('5405', '1717', '元', '1.39', '2386.63', '364', '4');
INSERT INTO `order_item` VALUES ('5406', '2487', '元', '8.98', '22333.26', '364', '5');
INSERT INTO `order_item` VALUES ('5407', '1353', '元', '7.17', '9701.01', '364', '6');
INSERT INTO `order_item` VALUES ('5408', '3557', '元', '7.28', '25894.96', '364', '7');
INSERT INTO `order_item` VALUES ('5409', '1428', '元', '5.28', '7539.84', '364', '8');
INSERT INTO `order_item` VALUES ('5410', '2954', '元', '4.69', '13854.26', '364', '9');
INSERT INTO `order_item` VALUES ('5411', '3366', '元', '3.75', '12622.5', '364', '10');
INSERT INTO `order_item` VALUES ('5412', '602', '元', '9.93', '5977.86', '365', '1');
INSERT INTO `order_item` VALUES ('5413', '686', '元', '3.6', '2469.6', '365', '2');
INSERT INTO `order_item` VALUES ('5414', '573', '元', '3.24', '1856.52', '365', '3');
INSERT INTO `order_item` VALUES ('5415', '3672', '元', '3.29', '12080.88', '365', '4');
INSERT INTO `order_item` VALUES ('5416', '378', '元', '2.19', '827.82', '365', '5');
INSERT INTO `order_item` VALUES ('5417', '2419', '元', '0.08', '193.52', '365', '6');
INSERT INTO `order_item` VALUES ('5418', '3609', '元', '1.78', '6424.02', '365', '7');
INSERT INTO `order_item` VALUES ('5419', '2036', '元', '4.74', '9650.64', '365', '8');
INSERT INTO `order_item` VALUES ('5420', '1943', '元', '7.3', '14183.9', '365', '9');
INSERT INTO `order_item` VALUES ('5421', '3468', '元', '3.23', '11201.64', '365', '10');
INSERT INTO `order_item` VALUES ('5422', '3691', '元', '4.11', '15170.01', '366', '1');
INSERT INTO `order_item` VALUES ('5423', '866', '元', '0.93', '805.38', '366', '2');
INSERT INTO `order_item` VALUES ('5424', '2318', '元', '5.12', '11868.16', '366', '3');
INSERT INTO `order_item` VALUES ('5425', '2876', '元', '5.23', '15041.48', '366', '4');
INSERT INTO `order_item` VALUES ('5426', '2094', '元', '5.96', '12480.24', '366', '5');
INSERT INTO `order_item` VALUES ('5427', '4731', '元', '3.53', '16700.43', '366', '6');
INSERT INTO `order_item` VALUES ('5428', '355', '元', '3.81', '1352.55', '366', '7');
INSERT INTO `order_item` VALUES ('5429', '3944', '元', '4.2', '16564.8', '366', '8');
INSERT INTO `order_item` VALUES ('5430', '1728', '元', '1.25', '2160', '366', '9');
INSERT INTO `order_item` VALUES ('5431', '4734', '元', '3.54', '16758.36', '366', '10');
INSERT INTO `order_item` VALUES ('5432', '924', '元', '5.77', '5331.48', '367', '1');
INSERT INTO `order_item` VALUES ('5433', '1675', '元', '0.95', '1591.25', '367', '2');
INSERT INTO `order_item` VALUES ('5434', '640', '元', '7.97', '5100.8', '367', '3');
INSERT INTO `order_item` VALUES ('5435', '2866', '元', '4.28', '12266.48', '367', '4');
INSERT INTO `order_item` VALUES ('5436', '1019', '元', '0.39', '397.41', '367', '5');
INSERT INTO `order_item` VALUES ('5437', '3425', '元', '5.03', '17227.75', '367', '6');
INSERT INTO `order_item` VALUES ('5438', '2798', '元', '1.75', '4896.5', '367', '7');
INSERT INTO `order_item` VALUES ('5439', '3918', '元', '9.84', '38553.12', '367', '8');
INSERT INTO `order_item` VALUES ('5440', '761', '元', '3.98', '3028.78', '367', '9');
INSERT INTO `order_item` VALUES ('5441', '356', '元', '1.19', '423.64', '367', '10');
INSERT INTO `order_item` VALUES ('5442', '4524', '元', '4.84', '21896.16', '368', '1');
INSERT INTO `order_item` VALUES ('5443', '2742', '元', '8.44', '23142.48', '368', '2');
INSERT INTO `order_item` VALUES ('5444', '2570', '元', '5.36', '13775.2', '368', '3');
INSERT INTO `order_item` VALUES ('5445', '1721', '元', '8.62', '14835.02', '368', '4');
INSERT INTO `order_item` VALUES ('5446', '2384', '元', '5.77', '13755.68', '368', '5');
INSERT INTO `order_item` VALUES ('5447', '4518', '元', '9.77', '44140.86', '368', '6');
INSERT INTO `order_item` VALUES ('5448', '1767', '元', '4.05', '7156.35', '368', '7');
INSERT INTO `order_item` VALUES ('5449', '1889', '元', '9.1', '17189.9', '368', '8');
INSERT INTO `order_item` VALUES ('5450', '892', '元', '2.14', '1908.88', '368', '9');
INSERT INTO `order_item` VALUES ('5451', '3213', '元', '2.16', '6940.08', '368', '10');
INSERT INTO `order_item` VALUES ('5452', '893', '元', '9.95', '8885.35', '369', '1');
INSERT INTO `order_item` VALUES ('5453', '3872', '元', '5.34', '20676.48', '369', '2');
INSERT INTO `order_item` VALUES ('5454', '905', '元', '0.4', '362', '369', '3');
INSERT INTO `order_item` VALUES ('5455', '574', '元', '3.03', '1739.22', '369', '4');
INSERT INTO `order_item` VALUES ('5456', '1466', '元', '6.06', '8883.96', '369', '5');
INSERT INTO `order_item` VALUES ('5457', '371', '元', '5.51', '2044.21', '369', '6');
INSERT INTO `order_item` VALUES ('5458', '3675', '元', '8.01', '29436.75', '369', '7');
INSERT INTO `order_item` VALUES ('5459', '3728', '元', '3.08', '11482.24', '369', '8');
INSERT INTO `order_item` VALUES ('5460', '2131', '元', '9.05', '19285.55', '369', '9');
INSERT INTO `order_item` VALUES ('5461', '4272', '元', '9.11', '38917.92', '369', '10');
INSERT INTO `order_item` VALUES ('5462', '226', '元', '3.94', '890.44', '370', '1');
INSERT INTO `order_item` VALUES ('5463', '393', '元', '3.74', '1469.82', '370', '2');
INSERT INTO `order_item` VALUES ('5464', '4696', '元', '5.52', '25921.92', '370', '3');
INSERT INTO `order_item` VALUES ('5465', '1939', '元', '4.4', '8531.6', '370', '4');
INSERT INTO `order_item` VALUES ('5466', '1171', '元', '1.99', '2330.29', '370', '5');
INSERT INTO `order_item` VALUES ('5467', '507', '元', '0.18', '91.26', '370', '6');
INSERT INTO `order_item` VALUES ('5468', '954', '元', '1.34', '1278.36', '370', '7');
INSERT INTO `order_item` VALUES ('5469', '4412', '元', '8.2', '36178.4', '370', '8');
INSERT INTO `order_item` VALUES ('5470', '3073', '元', '8.28', '25444.44', '370', '9');
INSERT INTO `order_item` VALUES ('5471', '53', '元', '7.17', '380.01', '370', '10');
INSERT INTO `order_item` VALUES ('5472', '4789', '元', '9.83', '47075.87', '371', '1');
INSERT INTO `order_item` VALUES ('5473', '3934', '元', '2.11', '8300.74', '371', '2');
INSERT INTO `order_item` VALUES ('5474', '2064', '元', '1.45', '2992.8', '371', '3');
INSERT INTO `order_item` VALUES ('5475', '3771', '元', '1.62', '6109.02', '371', '4');
INSERT INTO `order_item` VALUES ('5476', '4718', '元', '4.54', '21419.72', '371', '5');
INSERT INTO `order_item` VALUES ('5477', '2007', '元', '6.89', '13828.23', '371', '6');
INSERT INTO `order_item` VALUES ('5478', '3890', '元', '4.74', '18438.6', '371', '7');
INSERT INTO `order_item` VALUES ('5479', '1283', '元', '7.41', '9507.03', '371', '8');
INSERT INTO `order_item` VALUES ('5480', '51', '元', '1.62', '82.62', '371', '9');
INSERT INTO `order_item` VALUES ('5481', '631', '元', '2.28', '1438.68', '371', '10');
INSERT INTO `order_item` VALUES ('5482', '4826', '元', '9.54', '46040.04', '372', '1');
INSERT INTO `order_item` VALUES ('5483', '3092', '元', '4.22', '13048.24', '372', '2');
INSERT INTO `order_item` VALUES ('5484', '417', '元', '6.87', '2864.79', '372', '3');
INSERT INTO `order_item` VALUES ('5485', '282', '元', '8.26', '2329.32', '372', '4');
INSERT INTO `order_item` VALUES ('5486', '1854', '元', '6.2', '11494.8', '372', '5');
INSERT INTO `order_item` VALUES ('5487', '2369', '元', '4.42', '10470.98', '372', '6');
INSERT INTO `order_item` VALUES ('5488', '3331', '元', '1.74', '5795.94', '372', '7');
INSERT INTO `order_item` VALUES ('5489', '3726', '元', '7.12', '26529.12', '372', '8');
INSERT INTO `order_item` VALUES ('5490', '4430', '元', '5.29', '23434.7', '372', '9');
INSERT INTO `order_item` VALUES ('5491', '4554', '元', '8.7', '39619.8', '372', '10');
INSERT INTO `order_item` VALUES ('5492', '1864', '元', '0.47', '876.08', '373', '1');
INSERT INTO `order_item` VALUES ('5493', '748', '元', '4.32', '3231.36', '373', '2');
INSERT INTO `order_item` VALUES ('5494', '4266', '元', '0.88', '3754.08', '373', '3');
INSERT INTO `order_item` VALUES ('5495', '1346', '元', '7.44', '10014.24', '373', '4');
INSERT INTO `order_item` VALUES ('5496', '520', '元', '9.53', '4955.6', '373', '5');
INSERT INTO `order_item` VALUES ('5497', '1695', '元', '3.52', '5966.4', '373', '6');
INSERT INTO `order_item` VALUES ('5498', '4940', '元', '9.74', '48115.6', '373', '7');
INSERT INTO `order_item` VALUES ('5499', '3363', '元', '6.14', '20648.82', '373', '8');
INSERT INTO `order_item` VALUES ('5500', '1379', '元', '7.71', '10632.09', '373', '9');
INSERT INTO `order_item` VALUES ('5501', '83', '元', '6.07', '503.81', '373', '10');
INSERT INTO `order_item` VALUES ('5502', '3827', '元', '6.97', '26674.19', '374', '1');
INSERT INTO `order_item` VALUES ('5503', '4035', '元', '3.94', '15897.9', '374', '2');
INSERT INTO `order_item` VALUES ('5504', '1670', '元', '9.52', '15898.4', '374', '3');
INSERT INTO `order_item` VALUES ('5505', '2418', '元', '7.27', '17578.86', '374', '4');
INSERT INTO `order_item` VALUES ('5506', '1294', '元', '7.75', '10028.5', '374', '5');
INSERT INTO `order_item` VALUES ('5507', '1808', '元', '2.15', '3887.2', '374', '6');
INSERT INTO `order_item` VALUES ('5508', '1477', '元', '2.55', '3766.35', '374', '7');
INSERT INTO `order_item` VALUES ('5509', '3209', '元', '4.21', '13509.89', '374', '8');
INSERT INTO `order_item` VALUES ('5510', '4990', '元', '6.71', '33482.9', '374', '9');
INSERT INTO `order_item` VALUES ('5511', '1941', '元', '9.14', '17740.74', '374', '10');
INSERT INTO `order_item` VALUES ('5512', '3691', '元', '8.09', '29860.19', '375', '1');
INSERT INTO `order_item` VALUES ('5513', '2936', '元', '2.89', '8485.04', '375', '2');
INSERT INTO `order_item` VALUES ('5514', '2230', '元', '8.48', '18910.4', '375', '3');
INSERT INTO `order_item` VALUES ('5515', '691', '元', '7.77', '5369.07', '375', '4');
INSERT INTO `order_item` VALUES ('5516', '4448', '元', '0.61', '2713.28', '375', '5');
INSERT INTO `order_item` VALUES ('5517', '2639', '元', '4.15', '10951.85', '375', '6');
INSERT INTO `order_item` VALUES ('5518', '2125', '元', '7.5', '15937.5', '375', '7');
INSERT INTO `order_item` VALUES ('5519', '2694', '元', '9.63', '25943.22', '375', '8');
INSERT INTO `order_item` VALUES ('5520', '2410', '元', '1.63', '3928.3', '375', '9');
INSERT INTO `order_item` VALUES ('5521', '1892', '元', '1.76', '3329.92', '375', '10');
INSERT INTO `order_item` VALUES ('5522', '1182', '元', '5.21', '6158.22', '376', '1');
INSERT INTO `order_item` VALUES ('5523', '2310', '元', '5.93', '13698.3', '376', '2');
INSERT INTO `order_item` VALUES ('5524', '3781', '元', '3.8', '14367.8', '376', '3');
INSERT INTO `order_item` VALUES ('5525', '1249', '元', '2.18', '2722.82', '376', '4');
INSERT INTO `order_item` VALUES ('5526', '4513', '元', '8.99', '40571.87', '376', '5');
INSERT INTO `order_item` VALUES ('5527', '4142', '元', '4.51', '18680.42', '376', '6');
INSERT INTO `order_item` VALUES ('5528', '562', '元', '6.74', '3787.88', '376', '7');
INSERT INTO `order_item` VALUES ('5529', '1755', '元', '8.51', '14935.05', '376', '8');
INSERT INTO `order_item` VALUES ('5530', '3358', '元', '6.82', '22901.56', '376', '9');
INSERT INTO `order_item` VALUES ('5531', '3142', '元', '3.17', '9960.14', '376', '10');
INSERT INTO `order_item` VALUES ('5532', '2008', '元', '9.95', '19979.6', '377', '1');
INSERT INTO `order_item` VALUES ('5533', '3261', '元', '3.93', '12815.73', '377', '2');
INSERT INTO `order_item` VALUES ('5534', '1071', '元', '4.26', '4562.46', '377', '3');
INSERT INTO `order_item` VALUES ('5535', '4953', '元', '1.93', '9559.29', '377', '4');
INSERT INTO `order_item` VALUES ('5536', '2744', '元', '6.6', '18110.4', '377', '5');
INSERT INTO `order_item` VALUES ('5537', '103', '元', '6.57', '676.71', '377', '6');
INSERT INTO `order_item` VALUES ('5538', '2081', '元', '2.75', '5722.75', '377', '7');
INSERT INTO `order_item` VALUES ('5539', '2323', '元', '2.67', '6202.41', '377', '8');
INSERT INTO `order_item` VALUES ('5540', '4015', '元', '4.05', '16260.75', '377', '9');
INSERT INTO `order_item` VALUES ('5541', '2570', '元', '8.09', '20791.3', '377', '10');
INSERT INTO `order_item` VALUES ('5542', '3770', '元', '3.6', '13572', '378', '1');
INSERT INTO `order_item` VALUES ('5543', '3088', '元', '8.27', '25537.76', '378', '2');
INSERT INTO `order_item` VALUES ('5544', '2239', '元', '3.05', '6828.95', '378', '3');
INSERT INTO `order_item` VALUES ('5545', '3399', '元', '1.92', '6526.08', '378', '4');
INSERT INTO `order_item` VALUES ('5546', '4743', '元', '5.16', '24473.88', '378', '5');
INSERT INTO `order_item` VALUES ('5547', '614', '元', '3.74', '2296.36', '378', '6');
INSERT INTO `order_item` VALUES ('5548', '1815', '元', '2.7', '4900.5', '378', '7');
INSERT INTO `order_item` VALUES ('5549', '2203', '元', '0.46', '1013.38', '378', '8');
INSERT INTO `order_item` VALUES ('5550', '3803', '元', '9.55', '36318.65', '378', '9');
INSERT INTO `order_item` VALUES ('5551', '713', '元', '6.75', '4812.75', '378', '10');
INSERT INTO `order_item` VALUES ('5552', '872', '元', '2.32', '2023.04', '379', '1');
INSERT INTO `order_item` VALUES ('5553', '2124', '元', '7.53', '15993.72', '379', '2');
INSERT INTO `order_item` VALUES ('5554', '3846', '元', '6.53', '25114.38', '379', '3');
INSERT INTO `order_item` VALUES ('5555', '3417', '元', '1.31', '4476.27', '379', '4');
INSERT INTO `order_item` VALUES ('5556', '2113', '元', '7.92', '16734.96', '379', '5');
INSERT INTO `order_item` VALUES ('5557', '4948', '元', '1.83', '9054.84', '379', '6');
INSERT INTO `order_item` VALUES ('5558', '1647', '元', '0.46', '757.62', '379', '7');
INSERT INTO `order_item` VALUES ('5559', '1417', '元', '6.27', '8884.59', '379', '8');
INSERT INTO `order_item` VALUES ('5560', '336', '元', '8.21', '2758.56', '379', '9');
INSERT INTO `order_item` VALUES ('5561', '2562', '元', '5.49', '14065.38', '379', '10');
INSERT INTO `order_item` VALUES ('5562', '2550', '元', '2.65', '6757.5', '380', '1');
INSERT INTO `order_item` VALUES ('5563', '2278', '元', '2.94', '6697.32', '380', '2');
INSERT INTO `order_item` VALUES ('5564', '1385', '元', '0.37', '512.45', '380', '3');
INSERT INTO `order_item` VALUES ('5565', '1452', '元', '4.64', '6737.28', '380', '4');
INSERT INTO `order_item` VALUES ('5566', '3197', '元', '1.81', '5786.57', '380', '5');
INSERT INTO `order_item` VALUES ('5567', '4380', '元', '5.84', '25579.2', '380', '6');
INSERT INTO `order_item` VALUES ('5568', '1483', '元', '0.35', '519.05', '380', '7');
INSERT INTO `order_item` VALUES ('5569', '2948', '元', '8.53', '25146.44', '380', '8');
INSERT INTO `order_item` VALUES ('5570', '1658', '元', '8.05', '13346.9', '380', '9');
INSERT INTO `order_item` VALUES ('5571', '2480', '元', '3.87', '9597.6', '380', '10');
INSERT INTO `order_item` VALUES ('5572', '403', '元', '9.9', '3989.7', '381', '1');
INSERT INTO `order_item` VALUES ('5573', '3638', '元', '4.99', '18153.62', '381', '2');
INSERT INTO `order_item` VALUES ('5574', '2726', '元', '2.47', '6733.22', '381', '3');
INSERT INTO `order_item` VALUES ('5575', '1036', '元', '6.51', '6744.36', '381', '4');
INSERT INTO `order_item` VALUES ('5576', '1211', '元', '8.71', '10547.81', '381', '5');
INSERT INTO `order_item` VALUES ('5577', '1317', '元', '7.41', '9758.97', '381', '6');
INSERT INTO `order_item` VALUES ('5578', '4048', '元', '8.18', '33112.64', '381', '7');
INSERT INTO `order_item` VALUES ('5579', '2237', '元', '1.64', '3668.68', '381', '8');
INSERT INTO `order_item` VALUES ('5580', '2740', '元', '6.93', '18988.2', '381', '9');
INSERT INTO `order_item` VALUES ('5581', '1805', '元', '0.37', '667.85', '381', '10');
INSERT INTO `order_item` VALUES ('5582', '4166', '元', '8', '33328', '382', '1');
INSERT INTO `order_item` VALUES ('5583', '2881', '元', '7.25', '20887.25', '382', '2');
INSERT INTO `order_item` VALUES ('5584', '757', '元', '0.06', '45.42', '382', '3');
INSERT INTO `order_item` VALUES ('5585', '2384', '元', '0.67', '1597.28', '382', '4');
INSERT INTO `order_item` VALUES ('5586', '3277', '元', '8.09', '26510.93', '382', '5');
INSERT INTO `order_item` VALUES ('5587', '4437', '元', '1.44', '6389.28', '382', '6');
INSERT INTO `order_item` VALUES ('5588', '1282', '元', '2.39', '3063.98', '382', '7');
INSERT INTO `order_item` VALUES ('5589', '2130', '元', '7.34', '15634.2', '382', '8');
INSERT INTO `order_item` VALUES ('5590', '3277', '元', '5.01', '16417.77', '382', '9');
INSERT INTO `order_item` VALUES ('5591', '4491', '元', '6.66', '29910.06', '382', '10');
INSERT INTO `order_item` VALUES ('5592', '4989', '元', '7.96', '39712.44', '383', '1');
INSERT INTO `order_item` VALUES ('5593', '766', '元', '7.46', '5714.36', '383', '2');
INSERT INTO `order_item` VALUES ('5594', '2016', '元', '9.64', '19434.24', '383', '3');
INSERT INTO `order_item` VALUES ('5595', '778', '元', '0.34', '264.52', '383', '4');
INSERT INTO `order_item` VALUES ('5596', '520', '元', '5.42', '2818.4', '383', '5');
INSERT INTO `order_item` VALUES ('5597', '2556', '元', '0.74', '1891.44', '383', '6');
INSERT INTO `order_item` VALUES ('5598', '433', '元', '8.66', '3749.78', '383', '7');
INSERT INTO `order_item` VALUES ('5599', '4921', '元', '3.58', '17617.18', '383', '8');
INSERT INTO `order_item` VALUES ('5600', '3966', '元', '6', '23796', '383', '9');
INSERT INTO `order_item` VALUES ('5601', '3028', '元', '7.34', '22225.52', '383', '10');
INSERT INTO `order_item` VALUES ('5602', '3870', '元', '2.72', '10526.4', '384', '1');
INSERT INTO `order_item` VALUES ('5603', '2203', '元', '0.8', '1762.4', '384', '2');
INSERT INTO `order_item` VALUES ('5604', '9', '元', '0.64', '5.76', '384', '3');
INSERT INTO `order_item` VALUES ('5605', '3799', '元', '6.93', '26327.07', '384', '4');
INSERT INTO `order_item` VALUES ('5606', '869', '元', '3.41', '2963.29', '384', '5');
INSERT INTO `order_item` VALUES ('5607', '1249', '元', '7.94', '9917.06', '384', '6');
INSERT INTO `order_item` VALUES ('5608', '2917', '元', '7.54', '21994.18', '384', '7');
INSERT INTO `order_item` VALUES ('5609', '1676', '元', '5.51', '9234.76', '384', '8');
INSERT INTO `order_item` VALUES ('5610', '3614', '元', '6.34', '22912.76', '384', '9');
INSERT INTO `order_item` VALUES ('5611', '2227', '元', '3.83', '8529.41', '384', '10');
INSERT INTO `order_item` VALUES ('5612', '2516', '元', '6.67', '16781.72', '385', '1');
INSERT INTO `order_item` VALUES ('5613', '170', '元', '6.29', '1069.3', '385', '2');
INSERT INTO `order_item` VALUES ('5614', '2233', '元', '4.24', '9467.92', '385', '3');
INSERT INTO `order_item` VALUES ('5615', '1530', '元', '4.3', '6579', '385', '4');
INSERT INTO `order_item` VALUES ('5616', '4587', '元', '1.84', '8440.08', '385', '5');
INSERT INTO `order_item` VALUES ('5617', '3056', '元', '3.48', '10634.88', '385', '6');
INSERT INTO `order_item` VALUES ('5618', '503', '元', '8.93', '4491.79', '385', '7');
INSERT INTO `order_item` VALUES ('5619', '3910', '元', '4.26', '16656.6', '385', '8');
INSERT INTO `order_item` VALUES ('5620', '1172', '元', '1.09', '1277.48', '385', '9');
INSERT INTO `order_item` VALUES ('5621', '4444', '元', '3.44', '15287.36', '385', '10');
INSERT INTO `order_item` VALUES ('5622', '227', '元', '5.5', '1248.5', '386', '1');
INSERT INTO `order_item` VALUES ('5623', '3747', '元', '8.58', '32149.26', '386', '2');
INSERT INTO `order_item` VALUES ('5624', '2990', '元', '2.56', '7654.4', '386', '3');
INSERT INTO `order_item` VALUES ('5625', '4165', '元', '8.09', '33694.85', '386', '4');
INSERT INTO `order_item` VALUES ('5626', '4972', '元', '5.76', '28638.72', '386', '5');
INSERT INTO `order_item` VALUES ('5627', '1936', '元', '4.03', '7802.08', '386', '6');
INSERT INTO `order_item` VALUES ('5628', '363', '元', '2.25', '816.75', '386', '7');
INSERT INTO `order_item` VALUES ('5629', '1898', '元', '5.88', '11160.24', '386', '8');
INSERT INTO `order_item` VALUES ('5630', '2263', '元', '3.86', '8735.18', '386', '9');
INSERT INTO `order_item` VALUES ('5631', '1506', '元', '7.26', '10933.56', '386', '10');
INSERT INTO `order_item` VALUES ('5632', '75', '元', '9.86', '739.5', '387', '1');
INSERT INTO `order_item` VALUES ('5633', '425', '元', '1.44', '612', '387', '2');
INSERT INTO `order_item` VALUES ('5634', '2679', '元', '3.65', '9778.35', '387', '3');
INSERT INTO `order_item` VALUES ('5635', '4412', '元', '1.76', '7765.12', '387', '4');
INSERT INTO `order_item` VALUES ('5636', '467', '元', '4.45', '2078.15', '387', '5');
INSERT INTO `order_item` VALUES ('5637', '2967', '元', '5.96', '17683.32', '387', '6');
INSERT INTO `order_item` VALUES ('5638', '2804', '元', '2.97', '8327.88', '387', '7');
INSERT INTO `order_item` VALUES ('5639', '2651', '元', '3.36', '8907.36', '387', '8');
INSERT INTO `order_item` VALUES ('5640', '3443', '元', '8.96', '30849.28', '387', '9');
INSERT INTO `order_item` VALUES ('5641', '292', '元', '2.76', '805.92', '387', '10');
INSERT INTO `order_item` VALUES ('5642', '2062', '元', '6.09', '12557.58', '388', '1');
INSERT INTO `order_item` VALUES ('5643', '1154', '元', '0.99', '1142.46', '388', '2');
INSERT INTO `order_item` VALUES ('5644', '3759', '元', '5.79', '21764.61', '388', '3');
INSERT INTO `order_item` VALUES ('5645', '3545', '元', '7.8', '27651', '388', '4');
INSERT INTO `order_item` VALUES ('5646', '314', '元', '4.46', '1400.44', '388', '5');
INSERT INTO `order_item` VALUES ('5647', '2285', '元', '3.12', '7129.2', '388', '6');
INSERT INTO `order_item` VALUES ('5648', '2163', '元', '5.68', '12285.84', '388', '7');
INSERT INTO `order_item` VALUES ('5649', '957', '元', '8.21', '7856.97', '388', '8');
INSERT INTO `order_item` VALUES ('5650', '3758', '元', '2.11', '7929.38', '388', '9');
INSERT INTO `order_item` VALUES ('5651', '975', '元', '7.19', '7010.25', '388', '10');
INSERT INTO `order_item` VALUES ('5652', '3889', '元', '1.6', '6222.4', '389', '1');
INSERT INTO `order_item` VALUES ('5653', '199', '元', '5.37', '1068.63', '389', '2');
INSERT INTO `order_item` VALUES ('5654', '2012', '元', '7.36', '14808.32', '389', '3');
INSERT INTO `order_item` VALUES ('5655', '4082', '元', '4.89', '19960.98', '389', '4');
INSERT INTO `order_item` VALUES ('5656', '4995', '元', '8.05', '40209.75', '389', '5');
INSERT INTO `order_item` VALUES ('5657', '1086', '元', '1.02', '1107.72', '389', '6');
INSERT INTO `order_item` VALUES ('5658', '700', '元', '8.07', '5649', '389', '7');
INSERT INTO `order_item` VALUES ('5659', '4667', '元', '8.43', '39342.81', '389', '8');
INSERT INTO `order_item` VALUES ('5660', '3804', '元', '8.06', '30660.24', '389', '9');
INSERT INTO `order_item` VALUES ('5661', '274', '元', '3.99', '1093.26', '389', '10');
INSERT INTO `order_item` VALUES ('5662', '997', '元', '0.12', '119.64', '390', '1');
INSERT INTO `order_item` VALUES ('5663', '4986', '元', '3.5', '17451', '390', '2');
INSERT INTO `order_item` VALUES ('5664', '3461', '元', '8.87', '30699.07', '390', '3');
INSERT INTO `order_item` VALUES ('5665', '507', '元', '7.14', '3619.98', '390', '4');
INSERT INTO `order_item` VALUES ('5666', '3629', '元', '2.03', '7366.87', '390', '5');
INSERT INTO `order_item` VALUES ('5667', '2100', '元', '5.4', '11340', '390', '6');
INSERT INTO `order_item` VALUES ('5668', '1445', '元', '8.1', '11704.5', '390', '7');
INSERT INTO `order_item` VALUES ('5669', '2617', '元', '0.05', '130.85', '390', '8');
INSERT INTO `order_item` VALUES ('5670', '4805', '元', '1.76', '8456.8', '390', '9');
INSERT INTO `order_item` VALUES ('5671', '4868', '元', '7.58', '36899.44', '390', '10');
INSERT INTO `order_item` VALUES ('5672', '4314', '元', '8.51', '36712.14', '391', '1');
INSERT INTO `order_item` VALUES ('5673', '1233', '元', '5.99', '7385.67', '391', '2');
INSERT INTO `order_item` VALUES ('5674', '1045', '元', '4.26', '4451.7', '391', '3');
INSERT INTO `order_item` VALUES ('5675', '2490', '元', '4.25', '10582.5', '391', '4');
INSERT INTO `order_item` VALUES ('5676', '1630', '元', '1.62', '2640.6', '391', '5');
INSERT INTO `order_item` VALUES ('5677', '114', '元', '5.67', '646.38', '391', '6');
INSERT INTO `order_item` VALUES ('5678', '3643', '元', '8.98', '32714.14', '391', '7');
INSERT INTO `order_item` VALUES ('5679', '1460', '元', '0.85', '1241', '391', '8');
INSERT INTO `order_item` VALUES ('5680', '1315', '元', '4.53', '5956.95', '391', '9');
INSERT INTO `order_item` VALUES ('5681', '3410', '元', '1.1', '3751', '391', '10');
INSERT INTO `order_item` VALUES ('5682', '4921', '元', '3.89', '19142.69', '392', '1');
INSERT INTO `order_item` VALUES ('5683', '109', '元', '3.67', '400.03', '392', '2');
INSERT INTO `order_item` VALUES ('5684', '4206', '元', '9.83', '41344.98', '392', '3');
INSERT INTO `order_item` VALUES ('5685', '4434', '元', '0.43', '1906.62', '392', '4');
INSERT INTO `order_item` VALUES ('5686', '4143', '元', '2.5', '10357.5', '392', '5');
INSERT INTO `order_item` VALUES ('5687', '3450', '元', '2.58', '8901', '392', '6');
INSERT INTO `order_item` VALUES ('5688', '2015', '元', '3.56', '7173.4', '392', '7');
INSERT INTO `order_item` VALUES ('5689', '576', '元', '5.08', '2926.08', '392', '8');
INSERT INTO `order_item` VALUES ('5690', '4505', '元', '3.67', '16533.35', '392', '9');
INSERT INTO `order_item` VALUES ('5691', '224', '元', '8.75', '1960', '392', '10');
INSERT INTO `order_item` VALUES ('5692', '4454', '元', '8.84', '39373.36', '393', '1');
INSERT INTO `order_item` VALUES ('5693', '4268', '元', '8.68', '37046.24', '393', '2');
INSERT INTO `order_item` VALUES ('5694', '4856', '元', '2.95', '14325.2', '393', '3');
INSERT INTO `order_item` VALUES ('5695', '36', '元', '3.54', '127.44', '393', '4');
INSERT INTO `order_item` VALUES ('5696', '4981', '元', '3', '14943', '393', '5');
INSERT INTO `order_item` VALUES ('5697', '4391', '元', '4.89', '21471.99', '393', '6');
INSERT INTO `order_item` VALUES ('5698', '1356', '元', '5.36', '7268.16', '393', '7');
INSERT INTO `order_item` VALUES ('5699', '4575', '元', '9.27', '42410.25', '393', '8');
INSERT INTO `order_item` VALUES ('5700', '2741', '元', '0.29', '794.89', '393', '9');
INSERT INTO `order_item` VALUES ('5701', '1395', '元', '3.84', '5356.8', '393', '10');
INSERT INTO `order_item` VALUES ('5702', '4778', '元', '1.65', '7883.7', '394', '1');
INSERT INTO `order_item` VALUES ('5703', '467', '元', '2.07', '966.69', '394', '2');
INSERT INTO `order_item` VALUES ('5704', '2575', '元', '3.13', '8059.75', '394', '3');
INSERT INTO `order_item` VALUES ('5705', '853', '元', '4.46', '3804.38', '394', '4');
INSERT INTO `order_item` VALUES ('5706', '1805', '元', '8.36', '15089.8', '394', '5');
INSERT INTO `order_item` VALUES ('5707', '1388', '元', '4.7', '6523.6', '394', '6');
INSERT INTO `order_item` VALUES ('5708', '2490', '元', '1.57', '3909.3', '394', '7');
INSERT INTO `order_item` VALUES ('5709', '193', '元', '1.32', '254.76', '394', '8');
INSERT INTO `order_item` VALUES ('5710', '215', '元', '8.31', '1786.65', '394', '9');
INSERT INTO `order_item` VALUES ('5711', '4448', '元', '8.53', '37941.44', '394', '10');
INSERT INTO `order_item` VALUES ('5712', '2707', '元', '6.31', '17081.17', '395', '1');
INSERT INTO `order_item` VALUES ('5713', '3316', '元', '7.39', '24505.24', '395', '2');
INSERT INTO `order_item` VALUES ('5714', '1033', '元', '7.69', '7943.77', '395', '3');
INSERT INTO `order_item` VALUES ('5715', '390', '元', '7.51', '2928.9', '395', '4');
INSERT INTO `order_item` VALUES ('5716', '764', '元', '4.27', '3262.28', '395', '5');
INSERT INTO `order_item` VALUES ('5717', '2938', '元', '3.53', '10371.14', '395', '6');
INSERT INTO `order_item` VALUES ('5718', '3247', '元', '5.9', '19157.3', '395', '7');
INSERT INTO `order_item` VALUES ('5719', '1483', '元', '4.62', '6851.46', '395', '8');
INSERT INTO `order_item` VALUES ('5720', '1770', '元', '6.24', '11044.8', '395', '9');
INSERT INTO `order_item` VALUES ('5721', '3001', '元', '8.95', '26858.95', '395', '10');
INSERT INTO `order_item` VALUES ('5722', '3585', '元', '6.55', '23481.75', '396', '1');
INSERT INTO `order_item` VALUES ('5723', '594', '元', '3.42', '2031.48', '396', '2');
INSERT INTO `order_item` VALUES ('5724', '2164', '元', '8.93', '19324.52', '396', '3');
INSERT INTO `order_item` VALUES ('5725', '3355', '元', '1.47', '4931.85', '396', '4');
INSERT INTO `order_item` VALUES ('5726', '939', '元', '4.74', '4450.86', '396', '5');
INSERT INTO `order_item` VALUES ('5727', '518', '元', '3.65', '1890.7', '396', '6');
INSERT INTO `order_item` VALUES ('5728', '3728', '元', '4.05', '15098.4', '396', '7');
INSERT INTO `order_item` VALUES ('5729', '4621', '元', '7.55', '34888.55', '396', '8');
INSERT INTO `order_item` VALUES ('5730', '3774', '元', '0.48', '1811.52', '396', '9');
INSERT INTO `order_item` VALUES ('5731', '1665', '元', '0.55', '915.75', '396', '10');
INSERT INTO `order_item` VALUES ('5732', '384', '元', '7.05', '2707.2', '397', '1');
INSERT INTO `order_item` VALUES ('5733', '4086', '元', '0.77', '3146.22', '397', '2');
INSERT INTO `order_item` VALUES ('5734', '2470', '元', '5.1', '12597', '397', '3');
INSERT INTO `order_item` VALUES ('5735', '4846', '元', '3.61', '17494.06', '397', '4');
INSERT INTO `order_item` VALUES ('5736', '2304', '元', '8.86', '20413.44', '397', '5');
INSERT INTO `order_item` VALUES ('5737', '515', '元', '1.69', '870.35', '397', '6');
INSERT INTO `order_item` VALUES ('5738', '3481', '元', '6.12', '21303.72', '397', '7');
INSERT INTO `order_item` VALUES ('5739', '418', '元', '5.43', '2269.74', '397', '8');
INSERT INTO `order_item` VALUES ('5740', '3407', '元', '9.76', '33252.32', '397', '9');
INSERT INTO `order_item` VALUES ('5741', '3608', '元', '2.34', '8442.72', '397', '10');
INSERT INTO `order_item` VALUES ('5742', '877', '元', '3.44', '3016.88', '398', '1');
INSERT INTO `order_item` VALUES ('5743', '4246', '元', '0.5', '2123', '398', '2');
INSERT INTO `order_item` VALUES ('5744', '3315', '元', '6.66', '22077.9', '398', '3');
INSERT INTO `order_item` VALUES ('5745', '4114', '元', '1.53', '6294.42', '398', '4');
INSERT INTO `order_item` VALUES ('5746', '751', '元', '4.35', '3266.85', '398', '5');
INSERT INTO `order_item` VALUES ('5747', '730', '元', '7.58', '5533.4', '398', '6');
INSERT INTO `order_item` VALUES ('5748', '4694', '元', '3.5', '16429', '398', '7');
INSERT INTO `order_item` VALUES ('5749', '2618', '元', '4.51', '11807.18', '398', '8');
INSERT INTO `order_item` VALUES ('5750', '1339', '元', '6.75', '9038.25', '398', '9');
INSERT INTO `order_item` VALUES ('5751', '3450', '元', '2.91', '10039.5', '398', '10');
INSERT INTO `order_item` VALUES ('5752', '4160', '元', '5.97', '24835.2', '399', '1');
INSERT INTO `order_item` VALUES ('5753', '1914', '元', '5.75', '11005.5', '399', '2');
INSERT INTO `order_item` VALUES ('5754', '966', '元', '7.88', '7612.08', '399', '3');
INSERT INTO `order_item` VALUES ('5755', '3337', '元', '2.5', '8342.5', '399', '4');
INSERT INTO `order_item` VALUES ('5756', '1299', '元', '7.9', '10262.1', '399', '5');
INSERT INTO `order_item` VALUES ('5757', '2265', '元', '3.14', '7112.1', '399', '6');
INSERT INTO `order_item` VALUES ('5758', '1969', '元', '1.38', '2717.22', '399', '7');
INSERT INTO `order_item` VALUES ('5759', '4716', '元', '0.24', '1131.84', '399', '8');
INSERT INTO `order_item` VALUES ('5760', '3107', '元', '2.43', '7550.01', '399', '9');
INSERT INTO `order_item` VALUES ('5761', '2891', '元', '6.24', '18039.84', '399', '10');
INSERT INTO `order_item` VALUES ('5762', '4935', '元', '1.19', '5872.65', '400', '1');
INSERT INTO `order_item` VALUES ('5763', '1654', '元', '1.41', '2332.14', '400', '2');
INSERT INTO `order_item` VALUES ('5764', '1139', '元', '8.47', '9647.33', '400', '3');
INSERT INTO `order_item` VALUES ('5765', '2001', '元', '2.06', '4122.06', '400', '4');
INSERT INTO `order_item` VALUES ('5766', '2122', '元', '4.05', '8594.1', '400', '5');
INSERT INTO `order_item` VALUES ('5767', '4289', '元', '9.24', '39630.36', '400', '6');
INSERT INTO `order_item` VALUES ('5768', '3935', '元', '2.63', '10349.05', '400', '7');
INSERT INTO `order_item` VALUES ('5769', '622', '元', '3.45', '2145.9', '400', '8');
INSERT INTO `order_item` VALUES ('5770', '1948', '元', '4.67', '9097.16', '400', '9');
INSERT INTO `order_item` VALUES ('5771', '2953', '元', '0.95', '2805.35', '400', '10');

-- ----------------------------
-- Table structure for orders
-- ----------------------------
DROP TABLE IF EXISTS `orders`;
CREATE TABLE `orders` (
  `id` int(11) NOT NULL AUTO_INCREMENT,
  `date` timestamp NULL DEFAULT NULL ON UPDATE CURRENT_TIMESTAMP COMMENT '日期',
  `address` varchar(255) DEFAULT NULL COMMENT '送货地址',
  `price` double(10,2) DEFAULT NULL COMMENT '总金额',
  `status` int(11) DEFAULT NULL COMMENT '状态',
  `customer_id` int(11) DEFAULT NULL COMMENT '客户',
  PRIMARY KEY (`id`),
  KEY `ORDER_CUSTOMER` (`customer_id`),
  CONSTRAINT `ORDER_CUSTOMER` FOREIGN KEY (`customer_id`) REFERENCES `customer` (`id`) ON DELETE SET NULL ON UPDATE CASCADE
) ENGINE=InnoDB AUTO_INCREMENT=401 DEFAULT CHARSET=utf8;

-- ----------------------------
-- Records of orders
-- ----------------------------
INSERT INTO `orders` VALUES ('1', '2018-07-14 10:28:59', '广州', '98831.20', '1', null);
INSERT INTO `orders` VALUES ('2', '2018-07-14 10:29:00', '广州', '155811.44', '1', null);
INSERT INTO `orders` VALUES ('3', '2018-07-14 10:29:01', '广州', '183268.66', '1', null);
INSERT INTO `orders` VALUES ('4', '2018-07-14 10:29:01', '广州', '185089.31', '1', null);
INSERT INTO `orders` VALUES ('5', '2018-07-14 10:29:02', '广州', '54071.12', '1', null);
INSERT INTO `orders` VALUES ('6', '2018-07-14 10:29:02', '广州', '115422.54', '1', null);
INSERT INTO `orders` VALUES ('7', '2018-07-14 10:29:03', '广州', '62885.30', '1', null);
INSERT INTO `orders` VALUES ('8', '2018-07-14 10:29:03', '广州', '132096.81', '1', null);
INSERT INTO `orders` VALUES ('9', '2018-07-14 10:29:04', '广州', '98472.74', '1', null);
INSERT INTO `orders` VALUES ('10', '2018-07-14 10:29:04', '广州', '97153.12', '1', null);
INSERT INTO `orders` VALUES ('11', '2018-07-14 10:29:05', '广州', '174446.43', '1', null);
INSERT INTO `orders` VALUES ('12', '2018-07-14 10:29:05', '广州', '152111.62', '1', null);
INSERT INTO `orders` VALUES ('13', '2018-07-14 10:29:06', '广州', '143043.72', '1', null);
INSERT INTO `orders` VALUES ('14', '2018-07-14 10:29:06', '广州', '76571.74', '1', null);
INSERT INTO `orders` VALUES ('15', '2018-07-14 10:29:07', '广州', '209592.61', '1', null);
INSERT INTO `orders` VALUES ('16', '2018-07-14 10:29:07', '广州', '166680.67', '1', null);
INSERT INTO `orders` VALUES ('17', '2018-07-14 10:29:08', '广州', '112591.39', '1', null);
INSERT INTO `orders` VALUES ('18', '2018-07-14 10:29:08', '广州', '149839.69', '1', null);
INSERT INTO `orders` VALUES ('19', '2018-07-14 10:29:09', '广州', '87367.14', '1', null);
INSERT INTO `orders` VALUES ('20', '2018-07-14 10:29:09', '广州', '117164.30', '1', null);
INSERT INTO `orders` VALUES ('21', '2018-07-14 10:29:10', '深圳', '189190.86', '1', null);
INSERT INTO `orders` VALUES ('22', '2018-07-14 10:29:11', '深圳', '125949.37', '1', null);
INSERT INTO `orders` VALUES ('23', '2018-07-14 10:29:11', '深圳', '154103.21', '1', null);
INSERT INTO `orders` VALUES ('24', '2018-07-14 10:29:12', '深圳', '121047.17', '1', null);
INSERT INTO `orders` VALUES ('25', '2018-07-14 10:29:12', '深圳', '167133.29', '1', null);
INSERT INTO `orders` VALUES ('26', '2018-07-14 10:29:13', '深圳', '111379.34', '1', null);
INSERT INTO `orders` VALUES ('27', '2018-07-14 10:29:13', '深圳', '103675.58', '1', null);
INSERT INTO `orders` VALUES ('28', '2018-07-14 10:29:14', '深圳', '108808.94', '1', null);
INSERT INTO `orders` VALUES ('29', '2018-07-14 10:29:14', '深圳', '80619.70', '1', null);
INSERT INTO `orders` VALUES ('30', '2018-07-14 10:29:15', '深圳', '126574.73', '1', null);
INSERT INTO `orders` VALUES ('31', '2018-07-14 10:29:15', '深圳', '67788.01', '1', null);
INSERT INTO `orders` VALUES ('32', '2018-07-14 10:29:16', '深圳', '161789.17', '1', null);
INSERT INTO `orders` VALUES ('33', '2018-07-14 10:29:16', '深圳', '185848.55', '1', null);
INSERT INTO `orders` VALUES ('34', '2018-07-14 10:29:17', '深圳', '166062.12', '1', null);
INSERT INTO `orders` VALUES ('35', '2018-07-14 10:29:17', '深圳', '113549.00', '1', null);
INSERT INTO `orders` VALUES ('36', '2018-07-14 10:29:18', '深圳', '96516.11', '1', null);
INSERT INTO `orders` VALUES ('37', '2018-07-14 10:29:19', '深圳', '79406.80', '1', null);
INSERT INTO `orders` VALUES ('38', '2018-07-14 10:29:19', '深圳', '191483.91', '1', null);
INSERT INTO `orders` VALUES ('39', '2018-07-14 10:29:20', '深圳', '112999.78', '1', null);
INSERT INTO `orders` VALUES ('40', '2018-07-14 10:29:20', '深圳', '130528.85', '1', null);
INSERT INTO `orders` VALUES ('41', '2018-07-14 10:29:21', '深圳', '83202.46', '1', null);
INSERT INTO `orders` VALUES ('42', '2018-07-14 10:29:21', '深圳', '173601.62', '1', null);
INSERT INTO `orders` VALUES ('43', '2018-07-14 10:29:22', '深圳', '100009.31', '1', null);
INSERT INTO `orders` VALUES ('44', '2018-07-14 10:29:22', '深圳', '83737.60', '1', null);
INSERT INTO `orders` VALUES ('45', '2018-07-14 10:29:23', '深圳', '114362.63', '1', null);
INSERT INTO `orders` VALUES ('46', '2018-07-14 10:29:23', '深圳', '169100.85', '1', null);
INSERT INTO `orders` VALUES ('47', '2018-07-14 10:29:24', '深圳', '86716.05', '1', null);
INSERT INTO `orders` VALUES ('48', '2018-07-14 10:29:24', '深圳', '137360.01', '1', null);
INSERT INTO `orders` VALUES ('49', '2018-07-14 10:29:25', '深圳', '150601.57', '1', null);
INSERT INTO `orders` VALUES ('50', '2018-07-14 10:29:26', '深圳', '139713.60', '1', null);
INSERT INTO `orders` VALUES ('51', '2018-07-14 10:29:26', '佛山', '110815.83', '1', '3');
INSERT INTO `orders` VALUES ('52', '2018-07-14 10:29:27', '佛山', '134504.68', '1', '3');
INSERT INTO `orders` VALUES ('53', '2018-07-14 10:29:27', '佛山', '147411.40', '1', '3');
INSERT INTO `orders` VALUES ('54', '2018-07-14 10:29:28', '佛山', '174145.77', '1', '3');
INSERT INTO `orders` VALUES ('55', '2018-07-14 10:29:28', '佛山', '160897.80', '1', '3');
INSERT INTO `orders` VALUES ('56', '2018-07-14 10:29:29', '佛山', '133761.75', '1', '3');
INSERT INTO `orders` VALUES ('57', '2018-07-14 10:29:29', '佛山', '111904.11', '1', '3');
INSERT INTO `orders` VALUES ('58', '2018-07-14 10:29:30', '佛山', '174552.99', '1', '3');
INSERT INTO `orders` VALUES ('59', '2018-07-14 10:29:30', '佛山', '100896.98', '1', '3');
INSERT INTO `orders` VALUES ('60', '2018-07-14 10:29:31', '佛山', '101719.37', '1', '3');
INSERT INTO `orders` VALUES ('61', '2018-07-14 10:29:32', '佛山', '87948.97', '1', '3');
INSERT INTO `orders` VALUES ('62', '2018-07-14 10:29:32', '佛山', '127072.47', '1', '3');
INSERT INTO `orders` VALUES ('63', '2018-07-14 10:29:33', '佛山', '129024.73', '1', '3');
INSERT INTO `orders` VALUES ('64', '2018-07-14 10:29:33', '佛山', '123557.42', '1', '3');
INSERT INTO `orders` VALUES ('65', '2018-07-14 10:29:34', '佛山', '155294.98', '1', '3');
INSERT INTO `orders` VALUES ('66', '2018-07-14 10:29:34', '佛山', '104992.46', '1', '3');
INSERT INTO `orders` VALUES ('67', '2018-07-14 10:29:35', '佛山', '55030.93', '1', '3');
INSERT INTO `orders` VALUES ('68', '2018-07-14 10:29:35', '佛山', '151422.55', '1', '3');
INSERT INTO `orders` VALUES ('69', '2018-07-14 10:29:35', '佛山', '161166.02', '1', '3');
INSERT INTO `orders` VALUES ('70', '2018-07-14 10:29:36', '佛山', '93064.12', '1', '3');
INSERT INTO `orders` VALUES ('71', '2018-07-14 10:29:37', '佛山', '183358.01', '1', '3');
INSERT INTO `orders` VALUES ('72', '2018-07-14 10:29:37', '佛山', '144680.65', '1', '3');
INSERT INTO `orders` VALUES ('73', '2018-07-14 10:29:38', '佛山', '76244.18', '1', '3');
INSERT INTO `orders` VALUES ('74', '2018-07-14 10:29:38', '佛山', '111681.13', '1', '3');
INSERT INTO `orders` VALUES ('75', '2018-07-14 10:29:39', '佛山', '100716.67', '1', '3');
INSERT INTO `orders` VALUES ('76', '2018-07-14 10:29:39', '佛山', '58653.15', '1', '3');
INSERT INTO `orders` VALUES ('77', '2018-07-14 10:29:40', '佛山', '82596.36', '1', '3');
INSERT INTO `orders` VALUES ('78', '2018-07-14 10:29:40', '佛山', '122928.94', '1', '3');
INSERT INTO `orders` VALUES ('79', '2018-07-14 10:29:41', '佛山', '87608.23', '1', '3');
INSERT INTO `orders` VALUES ('80', '2018-07-14 10:29:41', '佛山', '156376.13', '1', '3');
INSERT INTO `orders` VALUES ('81', '2018-07-14 10:29:42', '佛山', '106324.44', '1', '3');
INSERT INTO `orders` VALUES ('82', '2018-07-14 10:29:42', '佛山', '131243.63', '1', '3');
INSERT INTO `orders` VALUES ('83', '2018-07-14 10:29:43', '佛山', '100317.58', '1', '3');
INSERT INTO `orders` VALUES ('84', '2018-07-14 10:29:43', '佛山', '163118.67', '1', '3');
INSERT INTO `orders` VALUES ('85', '2018-07-14 10:29:44', '佛山', '168505.99', '1', '3');
INSERT INTO `orders` VALUES ('86', '2018-07-14 10:29:45', '佛山', '120130.23', '1', '3');
INSERT INTO `orders` VALUES ('87', '2018-07-14 10:29:45', '佛山', '129301.21', '1', '3');
INSERT INTO `orders` VALUES ('88', '2018-07-14 10:29:46', '佛山', '82002.78', '1', '3');
INSERT INTO `orders` VALUES ('89', '2018-07-14 10:29:46', '佛山', '88261.58', '1', '3');
INSERT INTO `orders` VALUES ('90', '2018-07-14 10:29:47', '佛山', '166300.26', '1', '3');
INSERT INTO `orders` VALUES ('91', '2018-07-14 10:29:47', '佛山', '149901.59', '1', '3');
INSERT INTO `orders` VALUES ('92', '2018-07-14 10:29:48', '佛山', '133714.01', '1', '3');
INSERT INTO `orders` VALUES ('93', '2018-07-14 10:29:48', '佛山', '63840.53', '1', '3');
INSERT INTO `orders` VALUES ('94', '2018-07-14 10:29:49', '佛山', '129005.41', '1', '3');
INSERT INTO `orders` VALUES ('95', '2018-07-14 10:29:50', '佛山', '110151.66', '1', '3');
INSERT INTO `orders` VALUES ('96', '2018-07-14 10:29:50', '佛山', '91848.13', '1', '3');
INSERT INTO `orders` VALUES ('97', '2018-07-14 10:29:51', '佛山', '61301.49', '1', '3');
INSERT INTO `orders` VALUES ('98', '2018-07-14 10:29:51', '佛山', '165994.21', '1', '3');
INSERT INTO `orders` VALUES ('99', '2018-07-14 10:29:52', '佛山', '111483.86', '1', '3');
INSERT INTO `orders` VALUES ('100', '2018-07-14 10:29:52', '佛山', '147318.99', '1', '3');
INSERT INTO `orders` VALUES ('101', '2018-07-14 10:29:53', '东莞', '119660.54', '1', null);
INSERT INTO `orders` VALUES ('102', '2018-07-14 10:29:53', '东莞', '132543.97', '1', null);
INSERT INTO `orders` VALUES ('103', '2018-07-14 10:29:54', '东莞', '133251.87', '1', null);
INSERT INTO `orders` VALUES ('104', '2018-07-14 10:29:54', '东莞', '79532.84', '1', null);
INSERT INTO `orders` VALUES ('105', '2018-07-14 10:29:55', '东莞', '92537.72', '1', null);
INSERT INTO `orders` VALUES ('106', '2018-07-14 10:29:56', '东莞', '130935.68', '1', null);
INSERT INTO `orders` VALUES ('107', '2018-07-14 10:29:56', '东莞', '164213.60', '1', null);
INSERT INTO `orders` VALUES ('108', '2018-07-14 10:29:57', '东莞', '132091.39', '1', null);
INSERT INTO `orders` VALUES ('109', '2018-07-14 10:29:57', '东莞', '158814.43', '1', null);
INSERT INTO `orders` VALUES ('110', '2018-07-14 10:29:58', '东莞', '83385.49', '1', null);
INSERT INTO `orders` VALUES ('111', '2018-07-14 10:29:58', '东莞', '131054.89', '1', null);
INSERT INTO `orders` VALUES ('112', '2018-07-14 10:29:59', '东莞', '106681.09', '1', null);
INSERT INTO `orders` VALUES ('113', '2018-07-14 10:29:59', '东莞', '88768.00', '1', null);
INSERT INTO `orders` VALUES ('114', '2018-07-14 10:30:00', '东莞', '106924.63', '1', null);
INSERT INTO `orders` VALUES ('115', '2018-07-14 10:30:00', '东莞', '113488.22', '1', null);
INSERT INTO `orders` VALUES ('116', '2018-07-14 10:30:01', '东莞', '116736.70', '1', null);
INSERT INTO `orders` VALUES ('117', '2018-07-14 10:30:01', '东莞', '85410.74', '1', null);
INSERT INTO `orders` VALUES ('118', '2018-07-14 10:30:02', '东莞', '104845.78', '1', null);
INSERT INTO `orders` VALUES ('119', '2018-07-14 10:30:02', '东莞', '89494.35', '1', null);
INSERT INTO `orders` VALUES ('120', '2018-07-14 10:30:03', '东莞', '139343.31', '1', null);
INSERT INTO `orders` VALUES ('121', '2018-07-14 10:30:03', '东莞', '95264.65', '1', null);
INSERT INTO `orders` VALUES ('122', '2018-07-14 10:30:04', '东莞', '140527.16', '1', null);
INSERT INTO `orders` VALUES ('123', '2018-07-14 10:30:04', '东莞', '95236.84', '1', null);
INSERT INTO `orders` VALUES ('124', '2018-07-14 10:30:05', '东莞', '136715.37', '1', null);
INSERT INTO `orders` VALUES ('125', '2018-07-14 10:30:05', '东莞', '148150.23', '1', null);
INSERT INTO `orders` VALUES ('126', '2018-07-14 10:30:06', '东莞', '74214.67', '1', null);
INSERT INTO `orders` VALUES ('127', '2018-07-14 10:30:06', '东莞', '109019.35', '1', null);
INSERT INTO `orders` VALUES ('128', '2018-07-14 10:30:07', '东莞', '146181.64', '1', null);
INSERT INTO `orders` VALUES ('129', '2018-07-14 10:30:08', '东莞', '129924.45', '1', null);
INSERT INTO `orders` VALUES ('130', '2018-07-14 10:30:08', '东莞', '95794.53', '1', null);
INSERT INTO `orders` VALUES ('131', '2018-07-14 10:30:09', '东莞', '131262.71', '1', null);
INSERT INTO `orders` VALUES ('132', '2018-07-14 10:30:09', '东莞', '208261.86', '1', null);
INSERT INTO `orders` VALUES ('133', '2018-07-14 10:30:10', '东莞', '95684.92', '1', null);
INSERT INTO `orders` VALUES ('134', '2018-07-14 10:30:10', '东莞', '86205.68', '1', null);
INSERT INTO `orders` VALUES ('135', '2018-07-14 10:30:11', '东莞', '49642.27', '1', null);
INSERT INTO `orders` VALUES ('136', '2018-07-14 10:30:11', '东莞', '150826.90', '1', null);
INSERT INTO `orders` VALUES ('137', '2018-07-14 10:30:12', '东莞', '139864.39', '1', null);
INSERT INTO `orders` VALUES ('138', '2018-07-14 10:30:13', '东莞', '147858.72', '1', null);
INSERT INTO `orders` VALUES ('139', '2018-07-14 10:30:13', '东莞', '94126.23', '1', null);
INSERT INTO `orders` VALUES ('140', '2018-07-14 10:30:14', '东莞', '124673.03', '1', null);
INSERT INTO `orders` VALUES ('141', '2018-07-14 10:30:15', '东莞', '99212.78', '1', null);
INSERT INTO `orders` VALUES ('142', '2018-07-14 10:30:16', '东莞', '80634.57', '1', null);
INSERT INTO `orders` VALUES ('143', '2018-07-14 10:30:16', '东莞', '79444.04', '1', null);
INSERT INTO `orders` VALUES ('144', '2018-07-14 10:30:17', '东莞', '148158.97', '1', null);
INSERT INTO `orders` VALUES ('145', '2018-07-14 10:30:18', '东莞', '107158.05', '1', null);
INSERT INTO `orders` VALUES ('146', '2018-07-14 10:30:18', '东莞', '147180.48', '1', null);
INSERT INTO `orders` VALUES ('147', '2018-07-14 10:30:19', '东莞', '99582.64', '1', null);
INSERT INTO `orders` VALUES ('148', '2018-07-14 10:30:19', '东莞', '89892.64', '1', null);
INSERT INTO `orders` VALUES ('149', '2018-07-14 10:30:20', '东莞', '69992.39', '1', null);
INSERT INTO `orders` VALUES ('150', '2018-07-14 10:30:20', '东莞', '180220.96', '1', null);
INSERT INTO `orders` VALUES ('151', '2018-07-14 10:30:21', '东莞', '134827.53', '1', null);
INSERT INTO `orders` VALUES ('152', '2018-07-14 10:30:21', '东莞', '132217.49', '1', null);
INSERT INTO `orders` VALUES ('153', '2018-07-14 10:30:22', '东莞', '235845.00', '1', null);
INSERT INTO `orders` VALUES ('154', '2018-07-14 10:30:22', '东莞', '100671.56', '1', null);
INSERT INTO `orders` VALUES ('155', '2018-07-14 10:30:23', '东莞', '241407.66', '1', null);
INSERT INTO `orders` VALUES ('156', '2018-07-14 10:30:23', '东莞', '105830.83', '1', null);
INSERT INTO `orders` VALUES ('157', '2018-07-14 10:30:24', '东莞', '156085.67', '1', null);
INSERT INTO `orders` VALUES ('158', '2018-07-14 10:30:25', '东莞', '140382.36', '1', null);
INSERT INTO `orders` VALUES ('159', '2018-07-14 10:30:26', '东莞', '138209.26', '1', null);
INSERT INTO `orders` VALUES ('160', '2018-07-14 10:30:27', '东莞', '142782.42', '1', null);
INSERT INTO `orders` VALUES ('161', '2018-07-14 10:30:27', '东莞', '137302.44', '1', null);
INSERT INTO `orders` VALUES ('162', '2018-07-14 10:30:28', '东莞', '106672.15', '1', null);
INSERT INTO `orders` VALUES ('163', '2018-07-14 10:30:29', '东莞', '117650.77', '1', null);
INSERT INTO `orders` VALUES ('164', '2018-07-14 10:30:30', '东莞', '113346.11', '1', null);
INSERT INTO `orders` VALUES ('165', '2018-07-14 10:30:30', '东莞', '206909.91', '1', null);
INSERT INTO `orders` VALUES ('166', '2018-07-14 10:30:31', '东莞', '98960.65', '1', null);
INSERT INTO `orders` VALUES ('167', '2018-07-14 10:30:31', '东莞', '127891.41', '1', null);
INSERT INTO `orders` VALUES ('168', '2018-07-14 10:30:32', '东莞', '76073.24', '1', null);
INSERT INTO `orders` VALUES ('169', '2018-07-14 10:30:32', '东莞', '74718.35', '1', null);
INSERT INTO `orders` VALUES ('170', '2018-07-14 10:30:33', '东莞', '148415.57', '1', null);
INSERT INTO `orders` VALUES ('171', '2018-07-14 10:30:33', '东莞', '126425.77', '1', null);
INSERT INTO `orders` VALUES ('172', '2018-07-14 10:30:34', '东莞', '107478.44', '1', null);
INSERT INTO `orders` VALUES ('173', '2018-07-14 10:30:34', '东莞', '98268.04', '1', null);
INSERT INTO `orders` VALUES ('174', '2018-07-14 10:30:35', '东莞', '179544.73', '1', null);
INSERT INTO `orders` VALUES ('175', '2018-07-14 10:30:36', '东莞', '156379.77', '1', null);
INSERT INTO `orders` VALUES ('176', '2018-07-14 10:30:36', '东莞', '101658.12', '1', null);
INSERT INTO `orders` VALUES ('177', '2018-07-14 10:30:37', '东莞', '144373.83', '1', null);
INSERT INTO `orders` VALUES ('178', '2018-07-14 10:30:37', '东莞', '41334.74', '1', null);
INSERT INTO `orders` VALUES ('179', '2018-07-14 10:30:38', '东莞', '138019.55', '1', null);
INSERT INTO `orders` VALUES ('180', '2018-07-14 10:30:39', '东莞', '85539.25', '1', null);
INSERT INTO `orders` VALUES ('181', '2018-07-14 10:30:39', '东莞', '166664.28', '1', null);
INSERT INTO `orders` VALUES ('182', '2018-07-14 10:30:40', '东莞', '109323.48', '1', null);
INSERT INTO `orders` VALUES ('183', '2018-07-14 10:30:41', '东莞', '65105.58', '1', null);
INSERT INTO `orders` VALUES ('184', '2018-07-14 10:30:42', '东莞', '137101.55', '1', null);
INSERT INTO `orders` VALUES ('185', '2018-07-14 10:30:42', '东莞', '68484.63', '1', null);
INSERT INTO `orders` VALUES ('186', '2018-07-14 10:30:43', '东莞', '127481.30', '1', null);
INSERT INTO `orders` VALUES ('187', '2018-07-14 10:30:44', '东莞', '115306.79', '1', null);
INSERT INTO `orders` VALUES ('188', '2018-07-14 10:30:44', '东莞', '136657.66', '1', null);
INSERT INTO `orders` VALUES ('189', '2018-07-14 10:30:45', '东莞', '128136.32', '1', null);
INSERT INTO `orders` VALUES ('190', '2018-07-14 10:30:45', '东莞', '90257.78', '1', null);
INSERT INTO `orders` VALUES ('191', '2018-07-14 10:30:46', '东莞', '158529.23', '1', null);
INSERT INTO `orders` VALUES ('192', '2018-07-14 10:30:46', '东莞', '126124.87', '1', null);
INSERT INTO `orders` VALUES ('193', '2018-07-14 10:30:47', '东莞', '92631.15', '1', null);
INSERT INTO `orders` VALUES ('194', '2018-07-14 10:30:47', '东莞', '173681.27', '1', null);
INSERT INTO `orders` VALUES ('195', '2018-07-14 10:30:48', '东莞', '109822.86', '1', null);
INSERT INTO `orders` VALUES ('196', '2018-07-14 10:30:49', '东莞', '119591.59', '1', null);
INSERT INTO `orders` VALUES ('197', '2018-07-14 10:30:49', '东莞', '102004.74', '1', null);
INSERT INTO `orders` VALUES ('198', '2018-07-14 10:30:50', '东莞', '95290.20', '1', null);
INSERT INTO `orders` VALUES ('199', '2018-07-14 10:30:50', '东莞', '159707.39', '1', null);
INSERT INTO `orders` VALUES ('200', '2018-07-14 10:30:51', '东莞', '93391.46', '1', null);
INSERT INTO `orders` VALUES ('201', '2018-07-14 10:30:51', '福建', '122999.64', '1', null);
INSERT INTO `orders` VALUES ('202', '2018-07-14 10:30:52', '福建', '148997.38', '1', null);
INSERT INTO `orders` VALUES ('203', '2018-07-14 10:30:53', '福建', '81576.08', '1', null);
INSERT INTO `orders` VALUES ('204', '2018-07-14 10:30:53', '福建', '107424.39', '1', null);
INSERT INTO `orders` VALUES ('205', '2018-07-14 10:30:54', '福建', '77124.88', '1', null);
INSERT INTO `orders` VALUES ('206', '2018-07-14 10:30:54', '福建', '77766.64', '1', null);
INSERT INTO `orders` VALUES ('207', '2018-07-14 10:30:55', '福建', '143061.45', '1', null);
INSERT INTO `orders` VALUES ('208', '2018-07-14 10:30:55', '福建', '107788.29', '1', null);
INSERT INTO `orders` VALUES ('209', '2018-07-14 10:30:56', '福建', '99969.67', '1', null);
INSERT INTO `orders` VALUES ('210', '2018-07-14 10:30:56', '福建', '110051.97', '1', null);
INSERT INTO `orders` VALUES ('211', '2018-07-14 10:30:57', '福建', '177814.98', '1', null);
INSERT INTO `orders` VALUES ('212', '2018-07-14 10:30:58', '福建', '173053.16', '1', null);
INSERT INTO `orders` VALUES ('213', '2018-07-14 10:30:58', '福建', '136598.45', '1', null);
INSERT INTO `orders` VALUES ('214', '2018-07-14 10:30:59', '福建', '113935.13', '1', null);
INSERT INTO `orders` VALUES ('215', '2018-07-14 10:30:59', '福建', '127875.39', '1', null);
INSERT INTO `orders` VALUES ('216', '2018-07-14 10:31:00', '福建', '129426.91', '1', null);
INSERT INTO `orders` VALUES ('217', '2018-07-14 10:31:00', '福建', '76238.17', '1', null);
INSERT INTO `orders` VALUES ('218', '2018-07-14 10:31:01', '福建', '132757.95', '1', null);
INSERT INTO `orders` VALUES ('219', '2018-07-14 10:31:01', '福建', '141997.87', '1', null);
INSERT INTO `orders` VALUES ('220', '2018-07-14 10:31:02', '福建', '80266.64', '1', null);
INSERT INTO `orders` VALUES ('221', '2018-07-14 10:31:02', '福建', '107998.05', '1', null);
INSERT INTO `orders` VALUES ('222', '2018-07-14 10:31:03', '福建', '120188.74', '1', null);
INSERT INTO `orders` VALUES ('223', '2018-07-14 10:31:04', '福建', '129604.03', '1', null);
INSERT INTO `orders` VALUES ('224', '2018-07-14 10:31:04', '福建', '115337.91', '1', null);
INSERT INTO `orders` VALUES ('225', '2018-07-14 10:31:05', '福建', '110808.39', '1', null);
INSERT INTO `orders` VALUES ('226', '2018-07-14 10:31:05', '福建', '97128.28', '1', null);
INSERT INTO `orders` VALUES ('227', '2018-07-14 10:31:06', '福建', '160201.76', '1', null);
INSERT INTO `orders` VALUES ('228', '2018-07-14 10:31:06', '福建', '137806.71', '1', null);
INSERT INTO `orders` VALUES ('229', '2018-07-14 10:31:07', '福建', '128740.85', '1', null);
INSERT INTO `orders` VALUES ('230', '2018-07-14 10:31:07', '福建', '113302.31', '1', null);
INSERT INTO `orders` VALUES ('231', '2018-07-14 10:31:08', '福建', '81522.06', '1', null);
INSERT INTO `orders` VALUES ('232', '2018-07-14 10:31:08', '福建', '137853.44', '1', null);
INSERT INTO `orders` VALUES ('233', '2018-07-14 10:31:09', '福建', '109733.29', '1', null);
INSERT INTO `orders` VALUES ('234', '2018-07-14 10:31:09', '福建', '148653.11', '1', null);
INSERT INTO `orders` VALUES ('235', '2018-07-14 10:31:10', '福建', '117218.94', '1', null);
INSERT INTO `orders` VALUES ('236', '2018-07-14 10:31:10', '福建', '111619.74', '1', null);
INSERT INTO `orders` VALUES ('237', '2018-07-14 10:31:11', '福建', '91397.72', '1', null);
INSERT INTO `orders` VALUES ('238', '2018-07-14 10:31:12', '福建', '147758.38', '1', null);
INSERT INTO `orders` VALUES ('239', '2018-07-14 10:31:12', '福建', '154832.59', '1', null);
INSERT INTO `orders` VALUES ('240', '2018-07-14 10:31:13', '福建', '140792.74', '1', null);
INSERT INTO `orders` VALUES ('241', '2018-07-14 10:31:13', '福建', '160005.43', '1', null);
INSERT INTO `orders` VALUES ('242', '2018-07-14 10:31:14', '福建', '165098.46', '1', null);
INSERT INTO `orders` VALUES ('243', '2018-07-14 10:31:14', '福建', '106409.08', '1', null);
INSERT INTO `orders` VALUES ('244', '2018-07-14 10:31:15', '福建', '109038.08', '1', null);
INSERT INTO `orders` VALUES ('245', '2018-07-14 10:31:15', '福建', '84264.35', '1', null);
INSERT INTO `orders` VALUES ('246', '2018-07-14 10:31:16', '福建', '92329.92', '1', null);
INSERT INTO `orders` VALUES ('247', '2018-07-14 10:31:16', '福建', '93564.90', '1', null);
INSERT INTO `orders` VALUES ('248', '2018-07-14 10:31:17', '福建', '102660.25', '1', null);
INSERT INTO `orders` VALUES ('249', '2018-07-14 10:31:17', '福建', '112584.62', '1', null);
INSERT INTO `orders` VALUES ('250', '2018-07-14 10:31:18', '福建', '126346.79', '1', null);
INSERT INTO `orders` VALUES ('251', '2018-07-14 10:31:18', '福建', '125820.43', '1', null);
INSERT INTO `orders` VALUES ('252', '2018-07-14 10:31:19', '福建', '112760.80', '1', null);
INSERT INTO `orders` VALUES ('253', '2018-07-14 10:31:19', '福建', '100919.72', '1', null);
INSERT INTO `orders` VALUES ('254', '2018-07-14 10:31:20', '福建', '173630.02', '1', null);
INSERT INTO `orders` VALUES ('255', '2018-07-14 10:31:20', '福建', '108788.75', '1', null);
INSERT INTO `orders` VALUES ('256', '2018-07-14 10:31:21', '福建', '188743.23', '1', null);
INSERT INTO `orders` VALUES ('257', '2018-07-14 10:31:21', '福建', '104550.38', '1', null);
INSERT INTO `orders` VALUES ('258', '2018-07-14 10:31:22', '福建', '112000.47', '1', null);
INSERT INTO `orders` VALUES ('259', '2018-07-14 10:31:22', '福建', '125773.96', '1', null);
INSERT INTO `orders` VALUES ('260', '2018-07-14 10:31:23', '福建', '183900.19', '1', null);
INSERT INTO `orders` VALUES ('261', '2018-07-14 10:31:23', '福建', '115106.58', '1', null);
INSERT INTO `orders` VALUES ('262', '2018-07-14 10:31:24', '福建', '108256.06', '1', null);
INSERT INTO `orders` VALUES ('263', '2018-07-14 10:31:24', '福建', '174524.59', '1', null);
INSERT INTO `orders` VALUES ('264', '2018-07-14 10:31:25', '福建', '90417.95', '1', null);
INSERT INTO `orders` VALUES ('265', '2018-07-14 10:31:25', '福建', '43583.05', '1', null);
INSERT INTO `orders` VALUES ('266', '2018-07-14 10:31:26', '福建', '143489.74', '1', null);
INSERT INTO `orders` VALUES ('267', '2018-07-14 10:31:27', '福建', '139992.28', '1', null);
INSERT INTO `orders` VALUES ('268', '2018-07-14 10:31:27', '福建', '141455.63', '1', null);
INSERT INTO `orders` VALUES ('269', '2018-07-14 10:31:28', '福建', '69179.37', '1', null);
INSERT INTO `orders` VALUES ('270', '2018-07-14 10:31:28', '福建', '107553.96', '1', null);
INSERT INTO `orders` VALUES ('271', '2018-07-14 10:31:29', '福建', '125562.56', '1', null);
INSERT INTO `orders` VALUES ('272', '2018-07-14 10:31:29', '福建', '90546.23', '1', null);
INSERT INTO `orders` VALUES ('273', '2018-07-14 10:31:30', '福建', '105792.35', '1', null);
INSERT INTO `orders` VALUES ('274', '2018-07-14 10:31:30', '福建', '115949.56', '1', null);
INSERT INTO `orders` VALUES ('275', '2018-07-14 10:31:31', '福建', '142809.36', '1', null);
INSERT INTO `orders` VALUES ('276', '2018-07-14 10:31:31', '福建', '195204.02', '1', null);
INSERT INTO `orders` VALUES ('277', '2018-07-14 10:31:32', '福建', '86570.50', '1', null);
INSERT INTO `orders` VALUES ('278', '2018-07-14 10:31:32', '福建', '101893.60', '1', null);
INSERT INTO `orders` VALUES ('279', '2018-07-14 10:31:33', '福建', '128196.28', '1', null);
INSERT INTO `orders` VALUES ('280', '2018-07-14 10:31:33', '福建', '108483.03', '1', null);
INSERT INTO `orders` VALUES ('281', '2018-07-14 10:31:34', '福建', '148131.28', '1', null);
INSERT INTO `orders` VALUES ('282', '2018-07-14 10:31:35', '福建', '116856.23', '1', null);
INSERT INTO `orders` VALUES ('283', '2018-07-14 10:31:35', '福建', '122762.88', '1', null);
INSERT INTO `orders` VALUES ('284', '2018-07-14 10:31:35', '福建', '94558.39', '1', null);
INSERT INTO `orders` VALUES ('285', '2018-07-14 10:31:36', '福建', '73304.03', '1', null);
INSERT INTO `orders` VALUES ('286', '2018-07-14 10:31:37', '福建', '77298.35', '1', null);
INSERT INTO `orders` VALUES ('287', '2018-07-14 10:31:37', '福建', '144279.68', '1', null);
INSERT INTO `orders` VALUES ('288', '2018-07-14 10:31:38', '福建', '94000.67', '1', null);
INSERT INTO `orders` VALUES ('289', '2018-07-14 10:31:38', '福建', '124829.43', '1', null);
INSERT INTO `orders` VALUES ('290', '2018-07-14 10:31:39', '福建', '74737.54', '1', null);
INSERT INTO `orders` VALUES ('291', '2018-07-14 10:31:39', '福建', '114024.79', '1', null);
INSERT INTO `orders` VALUES ('292', '2018-07-14 10:31:40', '福建', '84393.85', '1', null);
INSERT INTO `orders` VALUES ('293', '2018-07-14 10:31:40', '福建', '168563.71', '1', null);
INSERT INTO `orders` VALUES ('294', '2018-07-14 10:31:41', '福建', '176452.38', '1', null);
INSERT INTO `orders` VALUES ('295', '2018-07-14 10:31:41', '福建', '154089.59', '1', null);
INSERT INTO `orders` VALUES ('296', '2018-07-14 10:31:42', '福建', '158983.89', '1', null);
INSERT INTO `orders` VALUES ('297', '2018-07-14 10:31:42', '福建', '101114.72', '1', null);
INSERT INTO `orders` VALUES ('298', '2018-07-14 10:31:43', '福建', '128010.08', '1', null);
INSERT INTO `orders` VALUES ('299', '2018-07-14 10:31:43', '福建', '113141.96', '1', null);
INSERT INTO `orders` VALUES ('300', '2018-07-14 10:31:44', '福建', '102991.70', '1', null);
INSERT INTO `orders` VALUES ('301', '2018-07-14 10:31:44', '福建', '91654.81', '1', null);
INSERT INTO `orders` VALUES ('302', '2018-07-14 10:31:45', '福建', '123068.38', '1', null);
INSERT INTO `orders` VALUES ('303', '2018-07-14 10:31:45', '福建', '156659.80', '1', null);
INSERT INTO `orders` VALUES ('304', '2018-07-14 10:31:46', '福建', '108018.58', '1', null);
INSERT INTO `orders` VALUES ('305', '2018-07-14 10:31:46', '福建', '100409.03', '1', null);
INSERT INTO `orders` VALUES ('306', '2018-07-14 10:31:47', '福建', '107547.53', '1', null);
INSERT INTO `orders` VALUES ('307', '2018-07-14 10:31:48', '福建', '103015.08', '1', null);
INSERT INTO `orders` VALUES ('308', '2018-07-14 10:31:48', '福建', '123154.32', '1', null);
INSERT INTO `orders` VALUES ('309', '2018-07-14 10:31:48', '福建', '105984.18', '1', null);
INSERT INTO `orders` VALUES ('310', '2018-07-14 10:31:49', '福建', '123870.68', '1', null);
INSERT INTO `orders` VALUES ('311', '2018-07-14 10:31:50', '福建', '179760.27', '1', null);
INSERT INTO `orders` VALUES ('312', '2018-07-14 10:31:50', '福建', '94806.52', '1', null);
INSERT INTO `orders` VALUES ('313', '2018-07-14 10:31:51', '福建', '157024.97', '1', null);
INSERT INTO `orders` VALUES ('314', '2018-07-14 10:31:51', '福建', '111107.80', '1', null);
INSERT INTO `orders` VALUES ('315', '2018-07-14 10:31:52', '福建', '149918.27', '1', null);
INSERT INTO `orders` VALUES ('316', '2018-07-14 10:31:52', '福建', '71879.83', '1', null);
INSERT INTO `orders` VALUES ('317', '2018-07-14 10:31:53', '福建', '95856.81', '1', null);
INSERT INTO `orders` VALUES ('318', '2018-07-14 10:31:53', '福建', '143524.00', '1', null);
INSERT INTO `orders` VALUES ('319', '2018-07-14 10:31:54', '福建', '122990.92', '1', null);
INSERT INTO `orders` VALUES ('320', '2018-07-14 10:31:54', '福建', '82674.71', '1', null);
INSERT INTO `orders` VALUES ('321', '2018-07-14 10:31:55', '福建', '86662.86', '1', null);
INSERT INTO `orders` VALUES ('322', '2018-07-14 10:31:55', '福建', '86806.98', '1', null);
INSERT INTO `orders` VALUES ('323', '2018-07-14 10:31:56', '福建', '105522.79', '1', null);
INSERT INTO `orders` VALUES ('324', '2018-07-14 10:31:56', '福建', '76011.77', '1', null);
INSERT INTO `orders` VALUES ('325', '2018-07-14 10:31:57', '福建', '148839.24', '1', null);
INSERT INTO `orders` VALUES ('326', '2018-07-14 10:31:57', '福建', '137414.82', '1', null);
INSERT INTO `orders` VALUES ('327', '2018-07-14 10:31:58', '福建', '130353.82', '1', null);
INSERT INTO `orders` VALUES ('328', '2018-07-14 10:31:58', '福建', '121945.01', '1', null);
INSERT INTO `orders` VALUES ('329', '2018-07-14 10:31:59', '福建', '230852.49', '1', null);
INSERT INTO `orders` VALUES ('330', '2018-07-14 10:31:59', '福建', '88139.94', '1', null);
INSERT INTO `orders` VALUES ('331', '2018-07-14 10:32:00', '福建', '130339.18', '1', null);
INSERT INTO `orders` VALUES ('332', '2018-07-14 10:32:00', '福建', '78895.37', '1', null);
INSERT INTO `orders` VALUES ('333', '2018-07-14 10:32:01', '福建', '99761.38', '1', null);
INSERT INTO `orders` VALUES ('334', '2018-07-14 10:32:01', '福建', '146037.74', '1', null);
INSERT INTO `orders` VALUES ('335', '2018-07-14 10:32:02', '福建', '99799.48', '1', null);
INSERT INTO `orders` VALUES ('336', '2018-07-14 10:32:03', '福建', '155317.56', '1', null);
INSERT INTO `orders` VALUES ('337', '2018-07-14 10:32:03', '福建', '110806.04', '1', null);
INSERT INTO `orders` VALUES ('338', '2018-07-14 10:32:04', '福建', '154272.67', '1', null);
INSERT INTO `orders` VALUES ('339', '2018-07-14 10:32:04', '福建', '141650.69', '1', null);
INSERT INTO `orders` VALUES ('340', '2018-07-14 10:32:05', '福建', '132017.89', '1', null);
INSERT INTO `orders` VALUES ('341', '2018-07-14 10:32:05', '福建', '145560.69', '1', null);
INSERT INTO `orders` VALUES ('342', '2018-07-14 10:32:06', '福建', '76801.76', '1', null);
INSERT INTO `orders` VALUES ('343', '2018-07-14 10:32:06', '福建', '147885.85', '1', null);
INSERT INTO `orders` VALUES ('344', '2018-07-14 10:32:07', '福建', '76292.27', '1', null);
INSERT INTO `orders` VALUES ('345', '2018-07-14 10:32:07', '福建', '134103.74', '1', null);
INSERT INTO `orders` VALUES ('346', '2018-07-14 10:32:08', '福建', '150629.98', '1', null);
INSERT INTO `orders` VALUES ('347', '2018-07-14 10:32:08', '福建', '115796.39', '1', null);
INSERT INTO `orders` VALUES ('348', '2018-07-14 10:32:09', '福建', '109694.76', '1', null);
INSERT INTO `orders` VALUES ('349', '2018-07-14 10:32:10', '福建', '76108.41', '1', null);
INSERT INTO `orders` VALUES ('350', '2018-07-14 10:32:10', '福建', '113377.32', '1', null);
INSERT INTO `orders` VALUES ('351', '2018-07-14 10:32:11', '福建', '95729.42', '1', null);
INSERT INTO `orders` VALUES ('352', '2018-07-14 10:32:11', '福建', '83973.09', '1', null);
INSERT INTO `orders` VALUES ('353', '2018-07-14 10:32:12', '福建', '110056.58', '1', null);
INSERT INTO `orders` VALUES ('354', '2018-07-14 10:32:12', '福建', '102600.18', '1', null);
INSERT INTO `orders` VALUES ('355', '2018-07-14 10:32:13', '福建', '122083.34', '1', null);
INSERT INTO `orders` VALUES ('356', '2018-07-14 10:32:13', '福建', '161305.18', '1', null);
INSERT INTO `orders` VALUES ('357', '2018-07-14 10:32:14', '福建', '88938.22', '1', null);
INSERT INTO `orders` VALUES ('358', '2018-07-14 10:32:14', '福建', '152759.83', '1', null);
INSERT INTO `orders` VALUES ('359', '2018-07-14 10:32:15', '福建', '59961.60', '1', null);
INSERT INTO `orders` VALUES ('360', '2018-07-14 10:32:16', '福建', '131533.41', '1', null);
INSERT INTO `orders` VALUES ('361', '2018-07-14 10:32:16', '福建', '120276.04', '1', null);
INSERT INTO `orders` VALUES ('362', '2018-07-14 10:32:17', '福建', '93576.65', '1', null);
INSERT INTO `orders` VALUES ('363', '2018-07-14 10:32:17', '福建', '104469.56', '1', null);
INSERT INTO `orders` VALUES ('364', '2018-07-14 10:32:18', '福建', '137167.32', '1', null);
INSERT INTO `orders` VALUES ('365', '2018-07-14 10:32:18', '福建', '64866.40', '1', null);
INSERT INTO `orders` VALUES ('366', '2018-07-14 10:32:19', '福建', '108901.41', '1', null);
INSERT INTO `orders` VALUES ('367', '2018-07-14 10:32:19', '福建', '88817.21', '1', null);
INSERT INTO `orders` VALUES ('368', '2018-07-14 10:32:20', '福建', '164740.61', '1', null);
INSERT INTO `orders` VALUES ('369', '2018-07-14 10:32:20', '福建', '141713.68', '1', null);
INSERT INTO `orders` VALUES ('370', '2018-07-14 10:32:21', '福建', '102516.54', '1', null);
INSERT INTO `orders` VALUES ('371', '2018-07-14 10:32:21', '福建', '129193.31', '1', null);
INSERT INTO `orders` VALUES ('372', '2018-07-14 10:32:22', '福建', '181627.73', '1', null);
INSERT INTO `orders` VALUES ('373', '2018-07-14 10:32:22', '福建', '108698.08', '1', null);
INSERT INTO `orders` VALUES ('374', '2018-07-14 10:32:23', '福建', '158464.93', '1', null);
INSERT INTO `orders` VALUES ('375', '2018-07-14 10:32:23', '福建', '125428.77', '1', null);
INSERT INTO `orders` VALUES ('376', '2018-07-14 10:32:24', '福建', '147784.06', '1', null);
INSERT INTO `orders` VALUES ('377', '2018-07-14 10:32:24', '福建', '114681.40', '1', null);
INSERT INTO `orders` VALUES ('378', '2018-07-14 10:32:25', '福建', '126280.31', '1', null);
INSERT INTO `orders` VALUES ('379', '2018-07-14 10:32:25', '福建', '99863.36', '1', null);
INSERT INTO `orders` VALUES ('380', '2018-07-14 10:32:26', '福建', '100680.31', '1', null);
INSERT INTO `orders` VALUES ('381', '2018-07-14 10:32:26', '福建', '112365.05', '1', null);
INSERT INTO `orders` VALUES ('382', '2018-07-14 10:32:27', '福建', '153784.17', '1', null);
INSERT INTO `orders` VALUES ('383', '2018-07-14 10:32:27', '福建', '137223.88', '1', null);
INSERT INTO `orders` VALUES ('384', '2018-07-14 10:32:28', '福建', '114173.09', '1', null);
INSERT INTO `orders` VALUES ('385', '2018-07-14 10:32:29', '福建', '90686.13', '1', null);
INSERT INTO `orders` VALUES ('386', '2018-07-14 10:32:29', '福建', '142833.54', '1', null);
INSERT INTO `orders` VALUES ('387', '2018-07-14 10:32:30', '福建', '87546.88', '1', null);
INSERT INTO `orders` VALUES ('388', '2018-07-14 10:32:30', '福建', '106727.73', '1', null);
INSERT INTO `orders` VALUES ('389', '2018-07-14 10:32:31', '福建', '160123.11', '1', null);
INSERT INTO `orders` VALUES ('390', '2018-07-14 10:32:31', '福建', '127788.15', '1', null);
INSERT INTO `orders` VALUES ('391', '2018-07-14 10:32:32', '福建', '106082.08', '1', null);
INSERT INTO `orders` VALUES ('392', '2018-07-14 10:32:32', '福建', '110645.65', '1', null);
INSERT INTO `orders` VALUES ('393', '2018-07-14 10:32:33', '福建', '183117.33', '1', null);
INSERT INTO `orders` VALUES ('394', '2018-07-14 10:32:34', '福建', '86220.07', '1', null);
INSERT INTO `orders` VALUES ('395', '2018-07-14 10:32:34', '福建', '130005.01', '1', null);
INSERT INTO `orders` VALUES ('396', '2018-07-14 10:32:35', '福建', '108825.38', '1', null);
INSERT INTO `orders` VALUES ('397', '2018-07-14 10:32:35', '福建', '122496.77', '1', null);
INSERT INTO `orders` VALUES ('398', '2018-07-14 10:32:36', '福建', '89626.38', '1', null);
INSERT INTO `orders` VALUES ('399', '2018-07-14 10:32:36', '福建', '98608.39', '1', null);
INSERT INTO `orders` VALUES ('400', '2018-07-14 10:32:37', '福建', '94596.10', '1', null);

-- ----------------------------
-- Table structure for permission
-- ----------------------------
DROP TABLE IF EXISTS `permission`;
CREATE TABLE `permission` (
  `id` int(11) NOT NULL AUTO_INCREMENT COMMENT '权限id',
  `pid` int(11) DEFAULT NULL COMMENT '上级id',
  `type` int(11) NOT NULL COMMENT '概要类型：0为菜单 1为功能',
  `title` varchar(255) NOT NULL COMMENT '权限标题',
  `description` varchar(255) DEFAULT NULL COMMENT '权限描述',
  `url` varchar(255) NOT NULL COMMENT '权限对应可使用的url',
  `code` varchar(255) NOT NULL COMMENT '权限编码',
  `status` int(11) unsigned zerofill NOT NULL DEFAULT '00000000000' COMMENT '权限状态：0 为正常 1为禁用',
  PRIMARY KEY (`id`),
  UNIQUE KEY `code` (`code`),
  KEY `fk_per_per` (`pid`),
  CONSTRAINT `fk_per_per` FOREIGN KEY (`pid`) REFERENCES `permission` (`id`) ON DELETE SET NULL ON UPDATE CASCADE
) ENGINE=InnoDB AUTO_INCREMENT=128 DEFAULT CHARSET=utf8;

-- ----------------------------
-- Records of permission
-- ----------------------------
INSERT INTO `permission` VALUES ('1', '72', '0', '用户管理', '管理登录用户的信息11111', 'views/user/user.jsp', '1000', '00000000000');
INSERT INTO `permission` VALUES ('2', '72', '0', '日志管理', '管理日志内容', 'views/logging.jsp', '2000', '00000000000');
INSERT INTO `permission` VALUES ('3', '72', '0', '权限管理', '管理权限内容', 'views/permiss/permission.jsp', '3000', '00000000000');
INSERT INTO `permission` VALUES ('4', '72', '0', '角色管理', '管理系统角色的信息', 'views/role/role.jsp', '4000', '00000000000');
INSERT INTO `permission` VALUES ('13', null, '0', '数据字典', '数据字典页面', 'views/dictionary/dictionary.jsp', '', '00000000000');
INSERT INTO `permission` VALUES ('14', null, '0', '客户管理', '管理公司客户的信息', '/', '1', '00000000000');
INSERT INTO `permission` VALUES ('15', null, '0', '销售机会', '', 'views/opportunity/saleOpportunity.jsp', '3', '00000000000');
INSERT INTO `permission` VALUES ('16', '2', '1', '日志查看', '', 'log/findLogging', '2001', '00000000000');
INSERT INTO `permission` VALUES ('17', '2', '1', '日志删除', '', 'log/delLogging', '2002', '00000000000');
INSERT INTO `permission` VALUES ('18', '3', '1', '查看权限', '', 'permiss/findPermission', '3001', '00000000000');
INSERT INTO `permission` VALUES ('19', '3', '1', '更新权限', '', 'permiss/updatePermission', '3002', '00000000000');
INSERT INTO `permission` VALUES ('20', '3', '1', '添加权限', '', 'permiss/addPermiss', '3003', '00000000000');
INSERT INTO `permission` VALUES ('21', '3', '1', '删除权限', '', 'permiss/deletePermission', '3004', '00000000000');
INSERT INTO `permission` VALUES ('22', '3', '1', '获取权限树', '', 'permiss/getPermissionTree', '3005', '00000000000');
INSERT INTO `permission` VALUES ('23', '88', '1', '字典查找', '所有用户可通过字典名查询字典信息', 'dictionary/find', '20005', '00000000000');
INSERT INTO `permission` VALUES ('24', '13', '1', '字典子项', '字典子项操作', '', '20100', '00000000000');
INSERT INTO `permission` VALUES ('25', '88', '1', '字典子项添加', '所有用户可用的添加字典子项，仅能添加成未加锁子项', 'dictionary/item/add', '20007', '00000000000');
INSERT INTO `permission` VALUES ('26', '24', '1', '字典子项添加（admin）', '管理员权限的字典添加，此权限可以添加默认的字典子项（即锁定子项）', 'dictionary/item/admin/add', '20010', '00000000000');
INSERT INTO `permission` VALUES ('27', '13', '1', '字典添加', '添加字典', 'dictionary/admin/add', '20002', '00000000000');
INSERT INTO `permission` VALUES ('28', '13', '1', '字典更新', '进行字典更新', 'dictionary/admin/update', '20003', '00000000000');
INSERT INTO `permission` VALUES ('29', '13', '1', '字典删除', '进行字典删除操作', 'dictionary/admin/delete', '20004', '00000000000');
INSERT INTO `permission` VALUES ('30', '13', '1', '字典列表', '查询字典列表', 'dictionary/admin/list', '20001', '00000000000');
INSERT INTO `permission` VALUES ('31', '88', '1', '字典子项列表', '查询字典子项列表', 'dictionary/item/list', '20006', '00000000000');
INSERT INTO `permission` VALUES ('33', '88', '1', '字典子项更新', '更新字典子项（无法更新被锁定的子项）', 'dictioanry/item/update', '20008', '00000000000');
INSERT INTO `permission` VALUES ('34', '24', '1', '字典子项更新（admin）', '字典子项更新', 'dictionary/item/admin/update', '20011', '00000000000');
INSERT INTO `permission` VALUES ('35', '88', '1', '字典子项删除', '删除字典子项（无法删除被锁定的子项）', 'dictioanry/item/delete', '20009', '00000000000');
INSERT INTO `permission` VALUES ('36', '24', '1', '字典子项删除（admin）', '删除字典子项', 'dictionary/item/admin/delete', '20012', '00000000000');
INSERT INTO `permission` VALUES ('37', null, '0', '客户流失', '', 'views/customer/customerloss.jsp', '2', '00000000000');
INSERT INTO `permission` VALUES ('38', null, '0', '客户关怀', '', 'views/customerCare/customerCare.jsp', '5', '00000000000');
INSERT INTO `permission` VALUES ('41', '92', '0', '我的服务', '', 'views/service/service.jsp', '10000', '00000000000');
INSERT INTO `permission` VALUES ('42', '14', '0', '我的客户', '', 'views/customer/customer.jsp', '5000', '00000000000');
INSERT INTO `permission` VALUES ('43', '41', '1', '查看服务', '浏览客户服务记录', '', '10001', '00000000000');
INSERT INTO `permission` VALUES ('44', '41', '1', '新建服务', '增加客户服务数据', '', '10002', '00000000000');
INSERT INTO `permission` VALUES ('49', '41', '1', '编辑服务', '对客户服务数据进行编辑', '', '10003', '00000000000');
INSERT INTO `permission` VALUES ('50', '41', '1', '转交服务', '将服务转交给其他的客户经理', '', '10004', '00000000000');
INSERT INTO `permission` VALUES ('51', '41', '1', '编辑服务处理', '对服务进行处理', '', '10005', '00000000000');
INSERT INTO `permission` VALUES ('52', '41', '1', '删除服务', '批量删除服务', '', '10006', '00000000000');
INSERT INTO `permission` VALUES ('53', '42', '1', '客户列表', '查询客户，列表形式返回数据', 'customer/list', '5001', '00000000000');
INSERT INTO `permission` VALUES ('54', '14', '1', '客户查找', '按照id查询客户信息', 'customer/find', '7010', '00000000000');
INSERT INTO `permission` VALUES ('55', '42', '1', '客户添加', '添加一个新的客户', 'customer/add', '5002', '00000000000');
INSERT INTO `permission` VALUES ('56', '42', '1', '客户更新', '更新客户信息', 'customer/update', '5003', '00000000000');
INSERT INTO `permission` VALUES ('57', '42', '1', '客户删除', '删除客户', 'customer/delete', '5004', '00000000000');
INSERT INTO `permission` VALUES ('58', '15', '1', '添加销售机会', '添加销售机会', 'opportunity/addSaleOpportunity', '9001', '00000000000');
INSERT INTO `permission` VALUES ('59', '14', '0', '联系跟进', '', 'views/customer/followup.jsp', '6000', '00000000000');
INSERT INTO `permission` VALUES ('60', '59', '1', '跟进列表', '查询客户的跟踪记录，列表形式返回数据', 'followup/list', '6001', '00000000000');
INSERT INTO `permission` VALUES ('61', '59', '1', '跟进添加', '添加新的跟进记录', 'followup/add', '6002', '00000000000');
INSERT INTO `permission` VALUES ('62', '59', '1', '跟进查找', '按照id查询跟进记录详情', 'followup/find', '6003', '00000000000');
INSERT INTO `permission` VALUES ('66', null, '0', '个人中心', '', '', '7', '00000000000');
INSERT INTO `permission` VALUES ('67', '66', '0', '查看资料', '', 'views/user/userInfo.jsp', '13000', '00000000000');
INSERT INTO `permission` VALUES ('68', '66', '0', '修改密码', '', 'views/user/userPasswd.jsp', '14000', '00000000000');
INSERT INTO `permission` VALUES ('69', null, '0', '统计', '', '/', '6', '00000000000');
INSERT INTO `permission` VALUES ('70', '69', '0', '时间统计客户', '', 'views/report/customerReport.jsp', '16000', '00000000000');
INSERT INTO `permission` VALUES ('71', '69', '0', '分类客户统计', '按照分类统计客户', 'views/report/categoryCustomer.jsp', '16100', '00000000000');
INSERT INTO `permission` VALUES ('72', null, '0', '系统管理', '', '/', '0', '00000000000');
INSERT INTO `permission` VALUES ('73', '84', '1', '联系人列表', '查找某个客户的联系人', 'linkman/list', '7003', '00000000000');
INSERT INTO `permission` VALUES ('75', '41', '1', '新建服务处理', '新建服务处理', '', '10007', '00000000000');
INSERT INTO `permission` VALUES ('76', '84', '1', '联系人添加', '添加联系人', 'linkman/add', '7001', '00000000000');
INSERT INTO `permission` VALUES ('77', '84', '1', '联系人更新', '', 'linkman/update', '7002', '00000000000');
INSERT INTO `permission` VALUES ('78', '84', '1', '联系人删除', '', 'linkman/delete', '7004', '00000000000');
INSERT INTO `permission` VALUES ('79', '69', '1', '统计新增客户和跟进记录', '统计该用户的新增客户与新增跟踪记录', 'report/countCustomerByUser', '16001', '00000000000');
INSERT INTO `permission` VALUES ('80', '14', '1', '客户转移记录', '查询客户的转移记录', 'customer/transfer/list', '7008', '00000000000');
INSERT INTO `permission` VALUES ('81', '14', '1', '客户转移', '将客户转移', 'customer/transfer/add', '7007', '00000000000');
INSERT INTO `permission` VALUES ('82', '84', '1', '联系人查找', '查找某个联系人全部信息', 'linkman/find', '7005', '00000000000');
INSERT INTO `permission` VALUES ('83', '84', '1', '重要联系人', '将某个联系人设置为重要联系人', 'linkman/mainlinkman', '7006', '00000000000');
INSERT INTO `permission` VALUES ('84', '14', '1', '联系人', '联系人模块', '', '7000', '00000000000');
INSERT INTO `permission` VALUES ('88', null, '1', '隐藏的一级菜单', '', '', '33333', '00000000000');
INSERT INTO `permission` VALUES ('92', null, '0', '客户服务', '', '', '4', '00000000000');
INSERT INTO `permission` VALUES ('93', '92', '0', '服务统计', '', 'views/report/serviceReport.jsp', '11000', '00000000000');
INSERT INTO `permission` VALUES ('94', '69', '0', '经理业绩', '', 'views/report/managerRankReport.jsp', '19000', '00000000000');
INSERT INTO `permission` VALUES ('95', '92', '0', '服务统计(全)', '', 'views/report/allServiceReport.jsp', '12000', '00000000000');
INSERT INTO `permission` VALUES ('96', '69', '0', '客户成交量', '', 'views/report/customerOrderRank.jsp', '16005', '00000000000');
INSERT INTO `permission` VALUES ('97', '1', '1', '查询用户', '', 'user/findUser', '1001', '00000000000');
INSERT INTO `permission` VALUES ('98', '1', '1', '修改用户', '', 'user/editUser', '1002', '00000000000');
INSERT INTO `permission` VALUES ('99', '1', '1', '添加用户', '', 'user/addUser', '1003', '00000000000');
INSERT INTO `permission` VALUES ('100', '1', '1', '删除用户', '', 'user/deleteUser', '1004', '00000000000');
INSERT INTO `permission` VALUES ('101', '4', '1', '角色查询', '', 'role/findRoles', '4001', '00000000000');
INSERT INTO `permission` VALUES ('102', '4', '1', '角色修改', '', 'role/editRole', '4002', '00000000000');
INSERT INTO `permission` VALUES ('103', '4', '1', '角色添加', '', 'role/addRole', '4003', '00000000000');
INSERT INTO `permission` VALUES ('104', '4', '1', '角色删除', '1', 'role/deleteRole', '4004', '00000000000');
INSERT INTO `permission` VALUES ('105', '4', '1', '角色权限分配', '', 'role/allotPermission', '4005', '00000000000');
INSERT INTO `permission` VALUES ('107', '37', '1', '客户流失查询', '', 'loss/findCustomerLoss', '8001', '00000000000');
INSERT INTO `permission` VALUES ('108', '37', '1', '客户流失修改', '', 'loss/updateCustomerLoss', '8003', '00000000000');
INSERT INTO `permission` VALUES ('109', '37', '1', '客户流失删除', '', 'loss/deleteCustomerLoss', '8004', '00000000000');
INSERT INTO `permission` VALUES ('112', '72', '0', '系统信息', '', 'views/systeminfo.jsp', '99999', '00000000000');
INSERT INTO `permission` VALUES ('114', '67', '1', '查看当前用户资料', '查看当前用户的资料', '', '13001', '00000000000');
INSERT INTO `permission` VALUES ('115', '67', '1', '修改当前用户资料', '修改当前用户的资料', '', '13002', '00000000000');
INSERT INTO `permission` VALUES ('116', '68', '1', '修改当前用户的密码', '修改当前用户的密码', '', '14001', '00000000000');
INSERT INTO `permission` VALUES ('117', '38', '1', '查询客户关怀', '', '', '19001', '00000000000');
INSERT INTO `permission` VALUES ('118', '38', '1', '处理客户关怀', '', '', '19002', '00000000000');
INSERT INTO `permission` VALUES ('119', '38', '1', '忽略客户关怀', '', '', '19006', '00000000000');
INSERT INTO `permission` VALUES ('120', '93', '1', '查询服务报表', '', '', '11001', '00000000000');
INSERT INTO `permission` VALUES ('121', '95', '1', '查询服务报表(全)', '', '', '12001', '00000000000');
INSERT INTO `permission` VALUES ('123', '15', '1', '更新销售机会', '更新销售机会', 'opportunity/updateSaleOpportunity', '9003', '00000000000');
INSERT INTO `permission` VALUES ('124', '15', '1', '删除销售机会', '删除销售机会', 'opportunity/deleteSaleOpportunities', '9002', '00000000000');
INSERT INTO `permission` VALUES ('125', '15', '1', '查询销售机会', '查询销售机会', 'opportunity/findSaleOpportunity', '9004', '00000000000');
INSERT INTO `permission` VALUES ('127', '42', '1', '客户用户名检测', '', 'customer/checkname', '7009', '00000000000');

-- ----------------------------
-- Table structure for product
-- ----------------------------
DROP TABLE IF EXISTS `product`;
CREATE TABLE `product` (
  `id` int(11) NOT NULL AUTO_INCREMENT COMMENT '序号',
  `name` varchar(255) DEFAULT NULL COMMENT '产品名称',
  `location` varchar(255) DEFAULT NULL COMMENT '仓库地址',
  `version` varchar(255) DEFAULT NULL COMMENT '型号',
  `unit` varchar(255) DEFAULT NULL COMMENT '单位',
  `price` double DEFAULT NULL COMMENT '单价',
  `repertory` int(11) DEFAULT NULL COMMENT '库存',
  `remarks` varchar(255) DEFAULT NULL COMMENT '备注',
  `category_id` int(11) DEFAULT NULL,
  PRIMARY KEY (`id`),
  KEY `PRODUCTI_CATEGORY` (`category_id`),
  CONSTRAINT `PRODUCTI_CATEGORY` FOREIGN KEY (`category_id`) REFERENCES `category` (`id`) ON DELETE SET NULL ON UPDATE CASCADE
) ENGINE=InnoDB AUTO_INCREMENT=12 DEFAULT CHARSET=utf8;

-- ----------------------------
-- Records of product
-- ----------------------------
INSERT INTO `product` VALUES ('1', '产品1', '深圳', '型号2', '美元', '23', '50', '备注', '2');
INSERT INTO `product` VALUES ('2', '产品1', '广州', '型号1', '人民币', '99', '100', '备注', '1');
INSERT INTO `product` VALUES ('3', '产品2', '广州', '型号1', '人民币', '98', '99', '备注', '1');
INSERT INTO `product` VALUES ('4', '产品3', '深圳', '型号2', '人民币', '97', '98', '备注', '2');
INSERT INTO `product` VALUES ('5', '产品4', '佛山', '型号1', '人民币', '96', '99', '备注', '1');
INSERT INTO `product` VALUES ('6', '产品5', '东莞', '型号3', '人民币', '95', '96', '备注', '2');
INSERT INTO `product` VALUES ('7', '产品6', '中山', '型号2', '美元', '50', '56', '备注', '3');
INSERT INTO `product` VALUES ('8', '产品8', '梅州', '型号3', '美元', '43', '91', '备注', '4');
INSERT INTO `product` VALUES ('9', '产品9', '厦门', '型号3', '美元', '36', '65', '备注', '2');
INSERT INTO `product` VALUES ('10', '产品10', '丽江', '型号4', '人民币', '98', '87', '备注', '3');
INSERT INTO `product` VALUES ('11', '产品11', '昆明', '型号4', '人民币', '95', '69', '备注', '4');

-- ----------------------------
-- Table structure for role
-- ----------------------------
DROP TABLE IF EXISTS `role`;
CREATE TABLE `role` (
  `id` int(11) NOT NULL AUTO_INCREMENT COMMENT '角色id',
  `name` varchar(255) NOT NULL COMMENT '角色名称',
  `description` varchar(255) DEFAULT NULL COMMENT '角色描述',
  PRIMARY KEY (`id`)
) ENGINE=InnoDB AUTO_INCREMENT=5 DEFAULT CHARSET=utf8;

-- ----------------------------
-- Records of role
-- ----------------------------
INSERT INTO `role` VALUES ('1', '客户经理', '负责管理客户');
INSERT INTO `role` VALUES ('2', '销售主管', '负责管理客户经理');
INSERT INTO `role` VALUES ('3', '销售总监', '负责整个销售部门');
INSERT INTO `role` VALUES ('4', '管理员', '负责系统的维护等');

-- ----------------------------
-- Table structure for role_permission
-- ----------------------------
DROP TABLE IF EXISTS `role_permission`;
CREATE TABLE `role_permission` (
  `id` int(11) NOT NULL AUTO_INCREMENT COMMENT 'id',
  `role_id` int(11) DEFAULT NULL COMMENT '角色id',
  `permission_id` int(11) DEFAULT NULL COMMENT '权限id',
  PRIMARY KEY (`id`),
  KEY `fk_per` (`permission_id`),
  KEY `fk_role` (`role_id`),
  CONSTRAINT `fk_per` FOREIGN KEY (`permission_id`) REFERENCES `permission` (`id`) ON DELETE CASCADE ON UPDATE CASCADE,
  CONSTRAINT `fk_role` FOREIGN KEY (`role_id`) REFERENCES `role` (`id`) ON DELETE CASCADE ON UPDATE CASCADE
) ENGINE=InnoDB AUTO_INCREMENT=7186 DEFAULT CHARSET=utf8;

-- ----------------------------
-- Records of role_permission
-- ----------------------------
INSERT INTO `role_permission` VALUES ('6688', '3', '13');
INSERT INTO `role_permission` VALUES ('6689', '3', '30');
INSERT INTO `role_permission` VALUES ('6690', '3', '27');
INSERT INTO `role_permission` VALUES ('6691', '3', '28');
INSERT INTO `role_permission` VALUES ('6692', '3', '29');
INSERT INTO `role_permission` VALUES ('6693', '3', '72');
INSERT INTO `role_permission` VALUES ('6694', '3', '112');
INSERT INTO `role_permission` VALUES ('6695', '3', '14');
INSERT INTO `role_permission` VALUES ('6696', '3', '42');
INSERT INTO `role_permission` VALUES ('6697', '3', '53');
INSERT INTO `role_permission` VALUES ('6698', '3', '127');
INSERT INTO `role_permission` VALUES ('6699', '3', '59');
INSERT INTO `role_permission` VALUES ('6700', '3', '60');
INSERT INTO `role_permission` VALUES ('6701', '3', '62');
INSERT INTO `role_permission` VALUES ('6702', '3', '84');
INSERT INTO `role_permission` VALUES ('6703', '3', '73');
INSERT INTO `role_permission` VALUES ('6704', '3', '82');
INSERT INTO `role_permission` VALUES ('6705', '3', '83');
INSERT INTO `role_permission` VALUES ('6706', '3', '54');
INSERT INTO `role_permission` VALUES ('6707', '3', '80');
INSERT INTO `role_permission` VALUES ('6708', '3', '37');
INSERT INTO `role_permission` VALUES ('6709', '3', '107');
INSERT INTO `role_permission` VALUES ('6710', '3', '15');
INSERT INTO `role_permission` VALUES ('6711', '3', '125');
INSERT INTO `role_permission` VALUES ('6712', '3', '92');
INSERT INTO `role_permission` VALUES ('6713', '3', '41');
INSERT INTO `role_permission` VALUES ('6714', '3', '43');
INSERT INTO `role_permission` VALUES ('6715', '3', '95');
INSERT INTO `role_permission` VALUES ('6716', '3', '121');
INSERT INTO `role_permission` VALUES ('6717', '3', '66');
INSERT INTO `role_permission` VALUES ('6718', '3', '67');
INSERT INTO `role_permission` VALUES ('6719', '3', '114');
INSERT INTO `role_permission` VALUES ('6720', '3', '115');
INSERT INTO `role_permission` VALUES ('6721', '3', '68');
INSERT INTO `role_permission` VALUES ('6722', '3', '116');
INSERT INTO `role_permission` VALUES ('6723', '3', '69');
INSERT INTO `role_permission` VALUES ('6724', '3', '70');
INSERT INTO `role_permission` VALUES ('6725', '3', '79');
INSERT INTO `role_permission` VALUES ('6726', '3', '96');
INSERT INTO `role_permission` VALUES ('6727', '3', '71');
INSERT INTO `role_permission` VALUES ('6728', '3', '94');
INSERT INTO `role_permission` VALUES ('6729', '3', '38');
INSERT INTO `role_permission` VALUES ('6730', '3', '117');
INSERT INTO `role_permission` VALUES ('6731', '3', '88');
INSERT INTO `role_permission` VALUES ('6732', '3', '23');
INSERT INTO `role_permission` VALUES ('6733', '3', '31');
INSERT INTO `role_permission` VALUES ('6734', '3', '25');
INSERT INTO `role_permission` VALUES ('6735', '3', '33');
INSERT INTO `role_permission` VALUES ('6736', '3', '35');
INSERT INTO `role_permission` VALUES ('6844', '4', '13');
INSERT INTO `role_permission` VALUES ('6845', '4', '30');
INSERT INTO `role_permission` VALUES ('6846', '4', '27');
INSERT INTO `role_permission` VALUES ('6847', '4', '28');
INSERT INTO `role_permission` VALUES ('6848', '4', '29');
INSERT INTO `role_permission` VALUES ('6849', '4', '24');
INSERT INTO `role_permission` VALUES ('6850', '4', '26');
INSERT INTO `role_permission` VALUES ('6851', '4', '34');
INSERT INTO `role_permission` VALUES ('6852', '4', '36');
INSERT INTO `role_permission` VALUES ('6853', '4', '72');
INSERT INTO `role_permission` VALUES ('6854', '4', '1');
INSERT INTO `role_permission` VALUES ('6855', '4', '97');
INSERT INTO `role_permission` VALUES ('6856', '4', '98');
INSERT INTO `role_permission` VALUES ('6857', '4', '99');
INSERT INTO `role_permission` VALUES ('6858', '4', '100');
INSERT INTO `role_permission` VALUES ('6859', '4', '2');
INSERT INTO `role_permission` VALUES ('6860', '4', '16');
INSERT INTO `role_permission` VALUES ('6861', '4', '17');
INSERT INTO `role_permission` VALUES ('6862', '4', '3');
INSERT INTO `role_permission` VALUES ('6863', '4', '18');
INSERT INTO `role_permission` VALUES ('6864', '4', '19');
INSERT INTO `role_permission` VALUES ('6865', '4', '20');
INSERT INTO `role_permission` VALUES ('6866', '4', '21');
INSERT INTO `role_permission` VALUES ('6867', '4', '22');
INSERT INTO `role_permission` VALUES ('6868', '4', '4');
INSERT INTO `role_permission` VALUES ('6869', '4', '101');
INSERT INTO `role_permission` VALUES ('6870', '4', '102');
INSERT INTO `role_permission` VALUES ('6871', '4', '103');
INSERT INTO `role_permission` VALUES ('6872', '4', '104');
INSERT INTO `role_permission` VALUES ('6873', '4', '105');
INSERT INTO `role_permission` VALUES ('6874', '4', '112');
INSERT INTO `role_permission` VALUES ('6875', '4', '14');
INSERT INTO `role_permission` VALUES ('6876', '4', '42');
INSERT INTO `role_permission` VALUES ('6877', '4', '53');
INSERT INTO `role_permission` VALUES ('6878', '4', '55');
INSERT INTO `role_permission` VALUES ('6879', '4', '56');
INSERT INTO `role_permission` VALUES ('6880', '4', '57');
INSERT INTO `role_permission` VALUES ('6881', '4', '127');
INSERT INTO `role_permission` VALUES ('6882', '4', '59');
INSERT INTO `role_permission` VALUES ('6883', '4', '60');
INSERT INTO `role_permission` VALUES ('6884', '4', '61');
INSERT INTO `role_permission` VALUES ('6885', '4', '62');
INSERT INTO `role_permission` VALUES ('6886', '4', '84');
INSERT INTO `role_permission` VALUES ('6887', '4', '76');
INSERT INTO `role_permission` VALUES ('6888', '4', '77');
INSERT INTO `role_permission` VALUES ('6889', '4', '73');
INSERT INTO `role_permission` VALUES ('6890', '4', '78');
INSERT INTO `role_permission` VALUES ('6891', '4', '82');
INSERT INTO `role_permission` VALUES ('6892', '4', '83');
INSERT INTO `role_permission` VALUES ('6893', '4', '54');
INSERT INTO `role_permission` VALUES ('6894', '4', '80');
INSERT INTO `role_permission` VALUES ('6895', '4', '81');
INSERT INTO `role_permission` VALUES ('6896', '4', '37');
INSERT INTO `role_permission` VALUES ('6897', '4', '107');
INSERT INTO `role_permission` VALUES ('6898', '4', '108');
INSERT INTO `role_permission` VALUES ('6899', '4', '109');
INSERT INTO `role_permission` VALUES ('6900', '4', '15');
INSERT INTO `role_permission` VALUES ('6901', '4', '58');
INSERT INTO `role_permission` VALUES ('6902', '4', '124');
INSERT INTO `role_permission` VALUES ('6903', '4', '123');
INSERT INTO `role_permission` VALUES ('6904', '4', '125');
INSERT INTO `role_permission` VALUES ('6905', '4', '92');
INSERT INTO `role_permission` VALUES ('6906', '4', '41');
INSERT INTO `role_permission` VALUES ('6907', '4', '43');
INSERT INTO `role_permission` VALUES ('6908', '4', '44');
INSERT INTO `role_permission` VALUES ('6909', '4', '49');
INSERT INTO `role_permission` VALUES ('6910', '4', '50');
INSERT INTO `role_permission` VALUES ('6911', '4', '51');
INSERT INTO `role_permission` VALUES ('6912', '4', '52');
INSERT INTO `role_permission` VALUES ('6913', '4', '75');
INSERT INTO `role_permission` VALUES ('6914', '4', '93');
INSERT INTO `role_permission` VALUES ('6915', '4', '120');
INSERT INTO `role_permission` VALUES ('6916', '4', '95');
INSERT INTO `role_permission` VALUES ('6917', '4', '121');
INSERT INTO `role_permission` VALUES ('6918', '4', '66');
INSERT INTO `role_permission` VALUES ('6919', '4', '67');
INSERT INTO `role_permission` VALUES ('6920', '4', '114');
INSERT INTO `role_permission` VALUES ('6921', '4', '115');
INSERT INTO `role_permission` VALUES ('6922', '4', '68');
INSERT INTO `role_permission` VALUES ('6923', '4', '116');
INSERT INTO `role_permission` VALUES ('6924', '4', '69');
INSERT INTO `role_permission` VALUES ('6925', '4', '70');
INSERT INTO `role_permission` VALUES ('6926', '4', '79');
INSERT INTO `role_permission` VALUES ('6927', '4', '96');
INSERT INTO `role_permission` VALUES ('6928', '4', '71');
INSERT INTO `role_permission` VALUES ('6929', '4', '94');
INSERT INTO `role_permission` VALUES ('6930', '4', '38');
INSERT INTO `role_permission` VALUES ('6931', '4', '117');
INSERT INTO `role_permission` VALUES ('6932', '4', '118');
INSERT INTO `role_permission` VALUES ('6933', '4', '119');
INSERT INTO `role_permission` VALUES ('6934', '4', '88');
INSERT INTO `role_permission` VALUES ('6935', '4', '23');
INSERT INTO `role_permission` VALUES ('6936', '4', '31');
INSERT INTO `role_permission` VALUES ('6937', '4', '25');
INSERT INTO `role_permission` VALUES ('6938', '4', '33');
INSERT INTO `role_permission` VALUES ('6939', '4', '35');
INSERT INTO `role_permission` VALUES ('7075', '1', '13');
INSERT INTO `role_permission` VALUES ('7076', '1', '30');
INSERT INTO `role_permission` VALUES ('7077', '1', '27');
INSERT INTO `role_permission` VALUES ('7078', '1', '28');
INSERT INTO `role_permission` VALUES ('7079', '1', '29');
INSERT INTO `role_permission` VALUES ('7080', '1', '14');
INSERT INTO `role_permission` VALUES ('7081', '1', '42');
INSERT INTO `role_permission` VALUES ('7082', '1', '53');
INSERT INTO `role_permission` VALUES ('7083', '1', '55');
INSERT INTO `role_permission` VALUES ('7084', '1', '56');
INSERT INTO `role_permission` VALUES ('7085', '1', '57');
INSERT INTO `role_permission` VALUES ('7086', '1', '127');
INSERT INTO `role_permission` VALUES ('7087', '1', '59');
INSERT INTO `role_permission` VALUES ('7088', '1', '60');
INSERT INTO `role_permission` VALUES ('7089', '1', '61');
INSERT INTO `role_permission` VALUES ('7090', '1', '62');
INSERT INTO `role_permission` VALUES ('7091', '1', '84');
INSERT INTO `role_permission` VALUES ('7092', '1', '76');
INSERT INTO `role_permission` VALUES ('7093', '1', '77');
INSERT INTO `role_permission` VALUES ('7094', '1', '73');
INSERT INTO `role_permission` VALUES ('7095', '1', '78');
INSERT INTO `role_permission` VALUES ('7096', '1', '82');
INSERT INTO `role_permission` VALUES ('7097', '1', '83');
INSERT INTO `role_permission` VALUES ('7098', '1', '81');
INSERT INTO `role_permission` VALUES ('7099', '1', '80');
INSERT INTO `role_permission` VALUES ('7100', '1', '54');
INSERT INTO `role_permission` VALUES ('7101', '1', '37');
INSERT INTO `role_permission` VALUES ('7102', '1', '107');
INSERT INTO `role_permission` VALUES ('7103', '1', '108');
INSERT INTO `role_permission` VALUES ('7104', '1', '109');
INSERT INTO `role_permission` VALUES ('7105', '1', '15');
INSERT INTO `role_permission` VALUES ('7106', '1', '58');
INSERT INTO `role_permission` VALUES ('7107', '1', '124');
INSERT INTO `role_permission` VALUES ('7108', '1', '123');
INSERT INTO `role_permission` VALUES ('7109', '1', '125');
INSERT INTO `role_permission` VALUES ('7110', '1', '92');
INSERT INTO `role_permission` VALUES ('7111', '1', '41');
INSERT INTO `role_permission` VALUES ('7112', '1', '43');
INSERT INTO `role_permission` VALUES ('7113', '1', '44');
INSERT INTO `role_permission` VALUES ('7114', '1', '49');
INSERT INTO `role_permission` VALUES ('7115', '1', '50');
INSERT INTO `role_permission` VALUES ('7116', '1', '51');
INSERT INTO `role_permission` VALUES ('7117', '1', '52');
INSERT INTO `role_permission` VALUES ('7118', '1', '75');
INSERT INTO `role_permission` VALUES ('7119', '1', '93');
INSERT INTO `role_permission` VALUES ('7120', '1', '120');
INSERT INTO `role_permission` VALUES ('7121', '1', '38');
INSERT INTO `role_permission` VALUES ('7122', '1', '117');
INSERT INTO `role_permission` VALUES ('7123', '1', '118');
INSERT INTO `role_permission` VALUES ('7124', '1', '119');
INSERT INTO `role_permission` VALUES ('7125', '1', '69');
INSERT INTO `role_permission` VALUES ('7126', '1', '70');
INSERT INTO `role_permission` VALUES ('7127', '1', '79');
INSERT INTO `role_permission` VALUES ('7128', '1', '96');
INSERT INTO `role_permission` VALUES ('7129', '1', '71');
INSERT INTO `role_permission` VALUES ('7130', '1', '94');
INSERT INTO `role_permission` VALUES ('7131', '1', '66');
INSERT INTO `role_permission` VALUES ('7132', '1', '67');
INSERT INTO `role_permission` VALUES ('7133', '1', '114');
INSERT INTO `role_permission` VALUES ('7134', '1', '115');
INSERT INTO `role_permission` VALUES ('7135', '1', '68');
INSERT INTO `role_permission` VALUES ('7136', '1', '116');
INSERT INTO `role_permission` VALUES ('7137', '1', '88');
INSERT INTO `role_permission` VALUES ('7138', '1', '23');
INSERT INTO `role_permission` VALUES ('7139', '1', '31');
INSERT INTO `role_permission` VALUES ('7140', '1', '25');
INSERT INTO `role_permission` VALUES ('7141', '1', '33');
INSERT INTO `role_permission` VALUES ('7142', '1', '35');
INSERT INTO `role_permission` VALUES ('7143', '2', '13');
INSERT INTO `role_permission` VALUES ('7144', '2', '30');
INSERT INTO `role_permission` VALUES ('7145', '2', '27');
INSERT INTO `role_permission` VALUES ('7146', '2', '28');
INSERT INTO `role_permission` VALUES ('7147', '2', '29');
INSERT INTO `role_permission` VALUES ('7148', '2', '14');
INSERT INTO `role_permission` VALUES ('7149', '2', '42');
INSERT INTO `role_permission` VALUES ('7150', '2', '53');
INSERT INTO `role_permission` VALUES ('7151', '2', '127');
INSERT INTO `role_permission` VALUES ('7152', '2', '59');
INSERT INTO `role_permission` VALUES ('7153', '2', '62');
INSERT INTO `role_permission` VALUES ('7154', '2', '84');
INSERT INTO `role_permission` VALUES ('7155', '2', '82');
INSERT INTO `role_permission` VALUES ('7156', '2', '83');
INSERT INTO `role_permission` VALUES ('7157', '2', '80');
INSERT INTO `role_permission` VALUES ('7158', '2', '54');
INSERT INTO `role_permission` VALUES ('7159', '2', '15');
INSERT INTO `role_permission` VALUES ('7160', '2', '125');
INSERT INTO `role_permission` VALUES ('7161', '2', '92');
INSERT INTO `role_permission` VALUES ('7162', '2', '41');
INSERT INTO `role_permission` VALUES ('7163', '2', '43');
INSERT INTO `role_permission` VALUES ('7164', '2', '95');
INSERT INTO `role_permission` VALUES ('7165', '2', '121');
INSERT INTO `role_permission` VALUES ('7166', '2', '38');
INSERT INTO `role_permission` VALUES ('7167', '2', '117');
INSERT INTO `role_permission` VALUES ('7168', '2', '69');
INSERT INTO `role_permission` VALUES ('7169', '2', '70');
INSERT INTO `role_permission` VALUES ('7170', '2', '79');
INSERT INTO `role_permission` VALUES ('7171', '2', '96');
INSERT INTO `role_permission` VALUES ('7172', '2', '71');
INSERT INTO `role_permission` VALUES ('7173', '2', '94');
INSERT INTO `role_permission` VALUES ('7174', '2', '66');
INSERT INTO `role_permission` VALUES ('7175', '2', '67');
INSERT INTO `role_permission` VALUES ('7176', '2', '114');
INSERT INTO `role_permission` VALUES ('7177', '2', '115');
INSERT INTO `role_permission` VALUES ('7178', '2', '68');
INSERT INTO `role_permission` VALUES ('7179', '2', '116');
INSERT INTO `role_permission` VALUES ('7180', '2', '88');
INSERT INTO `role_permission` VALUES ('7181', '2', '23');
INSERT INTO `role_permission` VALUES ('7182', '2', '31');
INSERT INTO `role_permission` VALUES ('7183', '2', '25');
INSERT INTO `role_permission` VALUES ('7184', '2', '33');
INSERT INTO `role_permission` VALUES ('7185', '2', '35');

-- ----------------------------
-- Table structure for sale_opportunity
-- ----------------------------
DROP TABLE IF EXISTS `sale_opportunity`;
CREATE TABLE `sale_opportunity` (
  `id` int(11) NOT NULL AUTO_INCREMENT,
  `customer_id` int(11) DEFAULT NULL COMMENT '客户id',
  `source` varchar(255) DEFAULT NULL COMMENT '机会来源',
  `success` varchar(255) DEFAULT NULL COMMENT '成功几率',
  `general` text COMMENT '机会概要',
  `contact_id` int(11) DEFAULT NULL COMMENT '客户联系人',
  `contact_phone` varchar(255) DEFAULT NULL COMMENT '客户联系人电话',
  `description` text COMMENT '机会描述',
  `creater` int(11) DEFAULT NULL COMMENT '销售机会创建人',
  `create_date` timestamp NULL DEFAULT NULL ON UPDATE CURRENT_TIMESTAMP COMMENT '销售机会创建时间',
  `manager_id` int(11) DEFAULT NULL COMMENT '被分配给的客户经理',
  `allot_date` timestamp NULL DEFAULT NULL ON UPDATE CURRENT_TIMESTAMP COMMENT '分配时间',
  `status` varchar(255) DEFAULT NULL COMMENT '销售机会的状态',
  `delete_status` int(11) unsigned zerofill DEFAULT '00000000000' COMMENT '是否已经被删除  0：未删除  1：已删除',
  PRIMARY KEY (`id`),
  KEY `customer_id` (`customer_id`),
  KEY `contact_id` (`contact_id`),
  KEY `manager_id` (`manager_id`),
  KEY `creater` (`creater`),
  CONSTRAINT `sale_opportunity_ibfk_1` FOREIGN KEY (`customer_id`) REFERENCES `customer` (`id`) ON DELETE SET NULL ON UPDATE CASCADE,
  CONSTRAINT `sale_opportunity_ibfk_2` FOREIGN KEY (`contact_id`) REFERENCES `linkman` (`id`) ON DELETE SET NULL ON UPDATE CASCADE,
  CONSTRAINT `sale_opportunity_ibfk_3` FOREIGN KEY (`manager_id`) REFERENCES `user` (`id`) ON DELETE SET NULL ON UPDATE CASCADE,
  CONSTRAINT `sale_opportunity_ibfk_4` FOREIGN KEY (`creater`) REFERENCES `user` (`id`) ON DELETE SET NULL ON UPDATE CASCADE
) ENGINE=InnoDB AUTO_INCREMENT=21 DEFAULT CHARSET=utf8;

-- ----------------------------
-- Records of sale_opportunity
-- ----------------------------
INSERT INTO `sale_opportunity` VALUES ('1', '46', '网上搜索结果', '70', '这是销售机会概要testupdateddd', '1', '134148529873', '<p><span style=\"font-weight: bold;\">da<span style=\"color: rgb(70, 172, 200);\"><span style=\"text-decoration-line: underline;\">fdaf</span>a</span>sdf<span style=\"color: rgb(194, 79, 74);\"> sd</span>f asd&nbsp;</span><img src=\"http://img.t.sinajs.cn/t4/appstyle/expression/ext/normal/50/pcmoren_huaixiao_org.png\" alt=\"[坏笑]\" data-w-e=\"1\">&nbsp; &nbsp; &nbsp; &nbsp; &nbsp; &nbsp; &nbsp; &nbsp; &nbsp; &nbsp; &nbsp; &nbsp; &nbsp;&nbsp;<img src=\"http://img.t.sinajs.cn/t4/appstyle/expression/ext/normal/40/pcmoren_tian_org.png\" alt=\"[舔屏]\" data-w-e=\"1\"><img src=\"http://img.t.sinajs.cn/t4/appstyle/expression/ext/normal/3c/pcmoren_wu_org.png\" alt=\"[污]\" data-w-e=\"1\"><img src=\"http://img.t.sinajs.cn/t4/appstyle/expression/ext/normal/3c/pcmoren_wu_org.png\" alt=\"[污]\" data-w-e=\"1\"></p><table border=\"0\" width=\"100%\" cellpadding=\"0\" cellspacing=\"0\"><tbody><tr><th>&nbsp;进度</th><th>&nbsp;结果</th></tr><tr><td>&nbsp;50%</td><td>&nbsp;垃圾</td></tr></tbody></table><p><img src=\"/crm2/upload/8a24516d-9f94-4457-9566-60d15c74d2a3.jpg\" style=\"max-width:100%;\"><br></p>', '11', '2018-07-25 08:52:28', '11', '2018-07-25 08:52:28', '立项评估', '00000000000');
INSERT INTO `sale_opportunity` VALUES ('2', '28', '客户主动询价', '70', '这是销售机会概要', '1', '13414852973', '这是销售机会描述', '11', '2018-07-20 15:32:14', '11', '2018-07-20 15:32:14', '立项评估', '00000000000');
INSERT INTO `sale_opportunity` VALUES ('3', '31', '拓展市场业务', '80', '这是销售机会概要', '1', '13414852973', '这是销售机会描述', '11', '2018-07-20 15:32:17', '11', '2018-07-20 15:32:17', '解决方案', '00000000000');
INSERT INTO `sale_opportunity` VALUES ('5', '31', '拓展市场业务', '70', '这是销售机会概要', '12', '13414852973', '这是销售机会描述', '11', '2018-07-19 15:42:43', '11', '2018-07-19 15:42:43', '已报价', '00000000000');
INSERT INTO `sale_opportunity` VALUES ('6', '46', '广告宣传', '90', '这是销售机会概要', '12', '13414852973', '这是销售机会描述', '11', '2018-07-20 15:32:19', '11', '2018-07-20 15:32:19', '商务谈判', '00000000000');
INSERT INTO `sale_opportunity` VALUES ('7', '48', '客户介绍', '90', '这是销售机会的创建', '12', '13414852973', '这是销售机会描述', '11', '2018-08-15 19:59:47', '11', '2018-08-15 19:59:47', '合同/订单签订', '00000000001');
INSERT INTO `sale_opportunity` VALUES ('8', '49', '展会', '90', '这是销售机会概要', '12', '13414852973', '这是销售机会描述', '11', '2018-07-20 15:32:26', '11', '2018-07-20 15:32:26', '立项评估', '00000000000');
INSERT INTO `sale_opportunity` VALUES ('9', '46', '招标公告', '40', '这是销售机会概要', '27', '13414852973', '这是销售机会描述', '11', '2018-07-19 15:42:49', '11', '2018-07-19 15:42:49', '立项评估', '00000000001');
INSERT INTO `sale_opportunity` VALUES ('10', '46', '展会', '30', '这是销售机会概要', '27', '13414852973', '这是销售机会描述', '11', '2018-07-19 15:42:51', '11', '2018-07-19 15:42:51', '解决方案', '00000000001');
INSERT INTO `sale_opportunity` VALUES ('11', '31', '拓展市场业务', '50', '这是销售机会概要', '12', '13414852973', '这是销售机会描述<p><br></p>', '11', '2018-07-19 15:42:55', '11', '2018-07-19 15:42:55', '合同/订单签订', '00000000000');
INSERT INTO `sale_opportunity` VALUES ('12', '54', '拓展市场业务', '40', 'as', '37', '', 'asd', '29', '2018-08-03 16:28:58', '29', '2018-08-03 16:28:58', '初期沟通\r\n', '00000000001');
INSERT INTO `sale_opportunity` VALUES ('13', '54', '网上搜索结果', '80', 'aa', '37', '', 'aa', '29', '2018-08-03 16:28:58', '29', '2018-08-03 16:28:58', '初期沟通\r\n', '00000000001');
INSERT INTO `sale_opportunity` VALUES ('14', '46', '客户主动询价', '30', 'test', '27', '', 'setst', '11', '2018-07-31 11:11:38', '11', '2018-07-31 11:11:38', '立项评估', '00000000001');
INSERT INTO `sale_opportunity` VALUES ('15', '47', '客户主动询价', '50', 'tset', '28', '', 'tessts', '11', '2018-07-30 09:48:32', '11', '2018-07-30 09:48:32', '立项评估', '00000000001');
INSERT INTO `sale_opportunity` VALUES ('16', '46', '客户主动询价', '50', 'test', '27', '', 'stest', '11', '2018-07-29 23:59:01', '11', '2018-07-29 23:59:01', '已报价', '00000000001');
INSERT INTO `sale_opportunity` VALUES ('17', '47', '展会', '70', '发富华大厦垃圾分类圣诞节阿里', '28', '', '<p>dafdafasdf&nbsp;sdf asd&nbsp;<img src=\"http://img.t.sinajs.cn/t4/appstyle/expression/ext/normal/50/pcmoren_huaixiao_org.png\" alt=\"[坏笑]\">&nbsp; &nbsp; &nbsp; &nbsp; &nbsp; &nbsp; &nbsp; &nbsp; &nbsp; &nbsp; &nbsp; &nbsp; &nbsp;&nbsp;<img src=\"http://img.t.sinajs.cn/t4/appstyle/expression/ext/normal/40/pcmoren_tian_org.png\" alt=\"[舔屏]\"><img src=\"http://img.t.sinajs.cn/t4/appstyle/expression/ext/normal/3c/pcmoren_wu_org.png\" alt=\"[污]\"><img src=\"http://img.t.sinajs.cn/t4/appstyle/expression/ext/normal/3c/pcmoren_wu_org.png\" alt=\"[污]\"></p><table border=\"0\" width=\"100%\" cellpadding=\"0\" cellspacing=\"0\"><tbody><tr><th>&nbsp;进度</th><th>&nbsp;结果</th></tr><tr><td>&nbsp;50%</td><td>&nbsp;垃圾</td></tr></tbody></table><p><img src=\"http://localhost:8080/crm2/upload/8a24516d-9f94-4457-9566-60d15c74d2a3.jpg\"></p>', '11', '2018-07-29 23:58:27', '11', '2018-07-29 23:58:27', '解决方案', '00000000001');
INSERT INTO `sale_opportunity` VALUES ('18', '81', '客户主动询价', '50', '23423423423', '45', '23123123213', '<p>23432423424324324322343243</p>', null, '2018-08-15 20:00:37', null, '2018-08-15 20:00:37', '解决方案', '00000000001');
INSERT INTO `sale_opportunity` VALUES ('19', '46', '客户主动询价', '70', '答辩测试update', '27', '', '<p>答辩测试<img src=\"http://img.t.sinajs.cn/t4/appstyle/expression/ext/normal/3c/pcmoren_wu_org.png\" alt=\"[污]\" data-w-e=\"1\">update</p>', '11', '2018-07-31 11:11:38', '11', '2018-07-31 11:11:38', '解决方案', '00000000001');
INSERT INTO `sale_opportunity` VALUES ('20', '31', '网上搜索结果', '40', 'teset', '12', '13414852973', '<p>test<img src=\"http://img.t.sinajs.cn/t4/appstyle/expression/ext/normal/40/pcmoren_tian_org.png\" alt=\"[舔屏]\" data-w-e=\"1\"></p>', '11', '2018-07-31 23:47:13', '11', '2018-07-31 23:47:13', '立项评估', '00000000001');

-- ----------------------------
-- Table structure for service
-- ----------------------------
DROP TABLE IF EXISTS `service`;
CREATE TABLE `service` (
  `id` int(11) NOT NULL AUTO_INCREMENT,
  `type` varchar(255) DEFAULT NULL COMMENT '服务的类型(数据字典)',
  `general` varchar(255) DEFAULT NULL COMMENT '服务的概要',
  `customer_id` int(11) DEFAULT NULL COMMENT '客户id',
  `emergency` varchar(255) CHARACTER SET utf8 COLLATE utf8_bin DEFAULT NULL COMMENT '服务紧急程度(数据字典)',
  `phone_number` varchar(255) DEFAULT NULL COMMENT '联系电话',
  `status` varchar(255) DEFAULT NULL COMMENT '服务状态(数据字典)',
  `request` text COMMENT '客户请求内容',
  `creater` int(11) DEFAULT NULL COMMENT '服务的创建人',
  `create_date` timestamp NOT NULL DEFAULT CURRENT_TIMESTAMP ON UPDATE CURRENT_TIMESTAMP COMMENT '服务的创建时间',
  `handle_content` text COMMENT '服务的处理内容',
  `handler` int(11) DEFAULT NULL COMMENT '服务的处理人',
  `handler_time` timestamp NULL DEFAULT NULL COMMENT '服务的处理时间',
  `handle_result` text COMMENT '服务的处理结果',
  `degree` varchar(255) DEFAULT NULL COMMENT '客户对服务的满意度(数据字典)',
  `delete_status` int(11) unsigned DEFAULT '0' COMMENT '是否删除状态  0：未删除   1：已删除',
  PRIMARY KEY (`id`),
  KEY `customer_id` (`customer_id`),
  KEY `creater` (`creater`),
  KEY `handler` (`handler`),
  CONSTRAINT `service_ibfk_1` FOREIGN KEY (`customer_id`) REFERENCES `customer` (`id`) ON DELETE SET NULL ON UPDATE CASCADE,
  CONSTRAINT `service_ibfk_2` FOREIGN KEY (`creater`) REFERENCES `user` (`id`) ON DELETE SET NULL ON UPDATE CASCADE,
  CONSTRAINT `service_ibfk_3` FOREIGN KEY (`handler`) REFERENCES `user` (`id`) ON DELETE SET NULL ON UPDATE CASCADE
) ENGINE=InnoDB AUTO_INCREMENT=24 DEFAULT CHARSET=utf8;

-- ----------------------------
-- Records of service
-- ----------------------------
INSERT INTO `service` VALUES ('2', '投诉', '测试44344123', '28', '非常紧急', '2132132123', '未处理', '旺家园是的阿伟大的<p><img src=\"/crm2/upload/bd18066d-e336-4474-93d5-cee876d3d90c.jpg\" style=\"max-width:100%;\"><br></p>', null, '2018-07-31 13:30:28', '21awsdasdas', null, '2018-07-12 00:08:18', 'wqsadsadsad', '☆☆☆☆☆', '0');
INSERT INTO `service` VALUES ('3', '投诉', '测试31243', '28', '非常紧急', '213123', '已归档', '阿萨达撒打算打算大所多啊实打实大神', null, '2018-07-20 14:32:27', '当场打死了该名客户', null, '2018-07-11 14:36:38', '赔偿了5块钱', '☆', '0');
INSERT INTO `service` VALUES ('4', '咨询', '测试我', '3', '非常紧急', '12312321', '已归档', '萨达是被打死的巴萨卡的萨达你忙吧是那么的把什么难度', null, '2018-07-20 14:36:46', '首先实打实大家来看·1未来靠大家撒\n其次\n撒大家快点结束2崭新的自己\n  戊二醛', null, '2018-07-11 15:14:54', '非常好', '☆☆', '1');
INSERT INTO `service` VALUES ('5', '售后', '好无语啊', '3', '非常紧急', '123123891', '未处理', '水电费第三方斯蒂芬斯蒂芬斯蒂芬是否所发生的23安达市大所大大所多2阿达萨达十大艾斯德斯大', null, '2018-07-20 14:40:02', '123123', null, '2018-07-12 00:08:18', '123213', '', '1');
INSERT INTO `service` VALUES ('6', '售前', '价钱问题', '3', '一般', '123213123123', '处理中', '客户对于价钱有异议', null, '2018-07-20 14:40:02', '我好无语', null, '2018-07-11 15:17:39', '客户满意', '', '1');
INSERT INTO `service` VALUES ('7', '投诉', '测试服务', '3', '非常紧急', '13414852973', '未处理', 'test', '11', '2018-07-20 14:40:02', null, null, null, null, null, '1');
INSERT INTO `service` VALUES ('8', '咨询', 'ewrwr', '31', '一般', '1232131231', '未处理', '1asdasddasd', null, '2018-07-20 14:33:50', null, null, null, null, null, '0');
INSERT INTO `service` VALUES ('9', '咨询', 'wadawd', '31', '非常紧急', '123213123213', '未处理', 'awasdasdsadasd', null, '2018-07-20 14:40:02', null, null, null, null, null, '1');
INSERT INTO `service` VALUES ('10', '投诉', '好无语', '28', '紧急', '1231232123', '处理中', '撒娇达斯柯达闪电借款奥斯卡几哈设计客户大伤口就会大伤口就会', null, '2018-07-20 14:32:35', '爱仕达大所大2奥术大师大', null, '2018-07-12 00:00:00', '啥进度款洒落的骄傲了空间家里肯定加拉斯柯达', '', '0');
INSERT INTO `service` VALUES ('11', '售前', '123', '3', '非常紧急', '12123132132', '已归档', '阿斯蒂芬规划局快乐', null, '2018-07-20 14:40:02', '拒绝该客户', null, '2018-07-13 11:14:54', '12456464', '☆☆☆☆', '1');
INSERT INTO `service` VALUES ('12', '咨询', '手环价格', '31', '一般', '13414852973', '未处理', '咨询小米手环3价格<p><img src=\"http://img.t.sinajs.cn/t4/appstyle/expression/ext/normal/50/pcmoren_huaixiao_org.png\" alt=\"[坏笑]\" data-w-e=\"1\"><img src=\"/crm2/upload/e1e8e93f-0c54-4988-807c-d169121eca70.png\" style=\"max-width: 100%;\"><br></p>', '11', '2018-07-14 10:57:00', null, '11', null, null, null, '0');
INSERT INTO `service` VALUES ('13', '投诉', '213424234', '30', '非常紧急', '234324324', '未处理', '234324324324324', null, '2018-07-20 14:40:02', null, null, null, null, null, '1');
INSERT INTO `service` VALUES ('14', '投诉', '好好好好', '48', '一般', '12312312312', '未处理', '萨达萨达速度哪受得了啊可接受的哈萨克的好的', null, '2018-07-19 14:13:49', null, '11', null, null, null, '0');
INSERT INTO `service` VALUES ('15', '投诉', '123213', '48', '紧急', '123213', '未处理', '1231232132', null, '2018-07-20 14:40:02', null, null, null, null, null, '1');
INSERT INTO `service` VALUES ('16', '投诉', '123213213', '49', '非常紧急', '123213123', '处理中', '123123213123', null, '2018-07-25 09:59:13', '<p><img src=\"/crm2/upload/4a5fb80d-8a1b-4a3f-81b9-de925b72ca79.jpg\" style=\"max-width:100%;\"><br></p><p>文件啊大家都来卡的进口量爱死了肯德基埃里克大家来看啥借口了大家速度来看奥斯卡来得及阿斯利康大健康阿斯利康多久爱死了肯德基阿斯利康多久爱死了肯德基爱丽丝肯德基爱丽丝肯德基</p>', null, '2018-07-12 00:00:00', '', '', '0');
INSERT INTO `service` VALUES ('17', '售后', 'aaa', '54', '非常紧急', '12', '未处理', '', '29', '2018-07-22 22:28:43', null, null, null, null, null, '0');
INSERT INTO `service` VALUES ('18', '咨询', 'sad', '54', '紧急', 'sad', '未处理', '', '29', '2018-07-23 09:38:33', '', '29', null, '', '', '0');
INSERT INTO `service` VALUES ('19', '投诉', 'asd', '59', '一般', 'asd', '未处理', '', '29', '2018-07-23 20:35:07', null, '29', null, null, null, '0');
INSERT INTO `service` VALUES ('20', '投诉', '123123', '28', '非常紧急', '13414852736', '处理中', 'iudoausdouasoudoisaudoasdsa', '9', '2018-07-24 13:53:29', '<p>123213123213<img src=\"http://img.t.sinajs.cn/t4/appstyle/expression/ext/normal/50/pcmoren_huaixiao_org.png\" alt=\"[坏笑]\" data-w-e=\"1\"></p>', '9', '2018-07-24 13:53:17', '213123213', '☆☆☆', '0');
INSERT INTO `service` VALUES ('21', '咨询', '123123213', '49', '非常紧急', '23432423432', '未处理', '<p>234234234</p><p><br></p><p><img src=\"/crm2/upload/c4137820-9164-44d3-be4c-01fcb86a9a6a.jpg\" style=\"max-width:100%;\"><br></p>', null, '2018-07-24 00:00:00', null, null, null, null, null, '0');
INSERT INTO `service` VALUES ('22', '投诉', '24234324', '50', '非常紧急', '24324324234', '未处理', '<p>234234234</p>', null, '2018-07-24 15:39:10', null, null, null, null, null, '0');
INSERT INTO `service` VALUES ('23', '投诉', '好无语啊', '50', '非常紧急', '123123123123', '已处理', '<p><span style=\"text-decoration-line: line-through;\">311247645645645645666656456</span><img src=\"/crm2/upload/96d10875-85db-45be-8bc6-063b1ef98846.jpg\" style=\"max-width: 100%;\"><br></p>', null, '2018-07-25 10:54:20', '<p><img src=\"/crm2/upload/6102a479-77bb-40ef-9726-44180b77f45c.jpg\" style=\"max-width:100%;\"><br></p>', null, '2018-07-25 10:25:07', '12312312312', '☆☆☆☆', '1');

-- ----------------------------
-- Table structure for service_transfer
-- ----------------------------
DROP TABLE IF EXISTS `service_transfer`;
CREATE TABLE `service_transfer` (
  `id` int(11) NOT NULL AUTO_INCREMENT,
  `service_id` int(11) DEFAULT NULL COMMENT '服务id',
  `old_manager_id` int(11) DEFAULT NULL COMMENT '进行转交服务的客户经理',
  `new_manager_id` int(11) DEFAULT NULL COMMENT '被转交服务的客户经理',
  `time` timestamp NULL DEFAULT NULL ON UPDATE CURRENT_TIMESTAMP COMMENT '转交时间',
  `reason` varchar(255) DEFAULT NULL COMMENT '转交原因',
  PRIMARY KEY (`id`)
) ENGINE=InnoDB AUTO_INCREMENT=35 DEFAULT CHARSET=utf8;

-- ----------------------------
-- Records of service_transfer
-- ----------------------------
INSERT INTO `service_transfer` VALUES ('23', '3', '19', '14', '2018-07-12 22:05:59', '啊实打实大');
INSERT INTO `service_transfer` VALUES ('24', '4', '19', '14', '2018-07-13 00:19:32', '21212312321312213123');
INSERT INTO `service_transfer` VALUES ('25', '2', '14', '19', '2018-07-13 08:40:35', '我不想解决这个服务，滚');
INSERT INTO `service_transfer` VALUES ('26', '10', '19', '14', '2018-07-13 11:06:30', '测试测试测试测试测试测试测试测试');
INSERT INTO `service_transfer` VALUES ('27', '10', '14', '19', '2018-07-13 11:07:25', '因为你垃圾');
INSERT INTO `service_transfer` VALUES ('28', '10', '19', '14', '2018-07-13 11:07:50', '我丢啊\n我丢啊我丢啊\n我丢啊我丢啊\n我丢啊');
INSERT INTO `service_transfer` VALUES ('29', '4', '14', '19', '2018-07-13 11:10:32', '');
INSERT INTO `service_transfer` VALUES ('30', '11', '14', '19', '2018-07-13 11:15:59', '因为因为，所以所以');
INSERT INTO `service_transfer` VALUES ('31', '2', '19', '14', '2018-07-17 14:10:20', '123123');
INSERT INTO `service_transfer` VALUES ('32', '14', '19', '11', '2018-07-19 14:13:46', '123213123123');
INSERT INTO `service_transfer` VALUES ('33', '8', '19', '14', '2018-07-20 14:33:46', '123123123');
INSERT INTO `service_transfer` VALUES ('34', '17', '29', '30', '2018-07-22 22:39:25', 'as');

-- ----------------------------
-- Table structure for user
-- ----------------------------
DROP TABLE IF EXISTS `user`;
CREATE TABLE `user` (
  `id` int(11) NOT NULL AUTO_INCREMENT COMMENT '用户id',
  `account` varchar(255) NOT NULL COMMENT '用户账号',
  `password` varchar(255) NOT NULL COMMENT '密码',
  `real_name` varchar(255) NOT NULL COMMENT '真实姓名',
  `salt` varchar(255) NOT NULL COMMENT 'MD5盐值',
  `email` varchar(255) DEFAULT NULL COMMENT '用户邮箱',
  `phone_number` varchar(255) DEFAULT NULL COMMENT '用户手机号',
  `create_time` timestamp NULL DEFAULT NULL COMMENT '用户创建时间',
  `last_login_time` timestamp NULL DEFAULT NULL COMMENT '上一次登陆时间',
  `role_id` int(11) DEFAULT NULL COMMENT '角色id',
  `status` int(11) DEFAULT '0' COMMENT '账号锁定状态 0 为未锁定 1为1锁定',
  PRIMARY KEY (`id`),
  UNIQUE KEY `account` (`account`),
  UNIQUE KEY `email` (`email`) USING BTREE,
  KEY `user_role_fk` (`role_id`),
  CONSTRAINT `user_role_fk` FOREIGN KEY (`role_id`) REFERENCES `role` (`id`) ON DELETE SET NULL ON UPDATE CASCADE
) ENGINE=InnoDB AUTO_INCREMENT=46 DEFAULT CHARSET=utf8;

-- ----------------------------
-- Records of user
-- ----------------------------
INSERT INTO `user` VALUES ('9', 'huangqingwen', 'e9e4503aa4a36ad20cc91a07ad7d1b85', '黄sir', '660316ef7384fd9d9ed565ddee945967', '17952213111@qq.com', '13414811112', '2018-07-06 11:20:30', '2018-07-31 14:36:15', '2', '0');
INSERT INTO `user` VALUES ('11', 'malizhi', '297fe90eca7db93e614bc83bdea9722b', '马sir', 'df4eda1dbd9eabede8804b26e48ec489', '1111111@foxmail.com', '13414811113', '2018-07-10 11:20:36', '2019-11-26 09:23:08', '4', '0');
INSERT INTO `user` VALUES ('29', 'wujunyou', '86bfbe882778a71d1746661462a8a8c8', '吴sir', '935d85f90011c8736db7367b85dd7b32', '1795211111@qq.com', '13414811111', '2018-07-10 09:27:31', '2018-07-31 15:02:30', '1', '0');
